CustomerID,Recency_scaled,Frequency_scaled,Monetary_scaled,DBSCAN_label,Recency,Frequency,Monetary
12346,0.8951006179041536,-0.3690702464285427,2.882792083157403,-1,325,1,77183.6
12747,-1.3670689647314018,1.261859507142915,1.127857659702535,0,2,11,4196.01
12748,-1.8971662718267155,3.867147023450807,2.3716783806357222,-1,0,209,33053.19
12749,-1.2282579451576368,0.6309297535714574,1.1125686692529135,0,3,5,4090.88
12820,-1.2282579451576368,0.4649735207179271,0.2282191772054697,0,3,4,942.34
12821,0.6942490850373886,-0.3690702464285427,-1.163465443937925,1,214,1,92.72
12822,0.1596422557462171,0.0,0.2323831091633153,0,70,2,948.88
12823,0.1860880718656259,0.6309297535714574,0.6042544438445836,0,74,5,1759.5
12824,0.0784178802361909,-0.3690702464285427,-0.2917068924073881,1,59,1,397.12
12826,-1.3670689647314018,0.8927892607143721,0.4979083700815674,0,2,7,1474.72
12827,-1.0326148013968623,0.2618595071429148,-0.2436708000819993,0,5,3,430.15
12828,-1.3670689647314018,0.7712437491614222,0.2751367900041505,0,2,6,1018.71
12829,0.9111131551142568,0.0,-0.4744271759260466,0,336,2,293.0
12830,-0.141975066077631,0.7712437491614222,1.420071303882114,0,37,6,6814.64
12831,0.7914836528511833,-0.3690702464285427,-0.6600983616876003,1,262,1,215.05
12832,-0.2100476571070129,0.0,-0.3134235588700793,0,32,2,383.03
12833,0.507500485535625,-0.3690702464285427,-0.2617912978294663,1,145,1,417.38
12834,0.8268485864253822,-0.3690702464285427,-0.4359532976748543,1,282,1,312.38
12836,0.0784178802361909,0.4649735207179271,0.8418797026734075,0,59,4,2610.36
12837,0.5921571678236234,-0.3690702464285427,-0.9430588875936384,1,173,1,134.1
12838,-0.1956431437607741,0.0,0.0246565861644158,0,33,2,671.95
12839,-1.3670689647314018,1.4649735207179273,1.300854140289294,0,2,14,5591.42
12840,0.5008449957020699,0.4649735207179271,0.8681650583586795,0,143,4,2726.77
12841,-1.1205877535282016,1.9656472730442505,1.0977624114915288,0,4,25,3991.58
12842,0.1596422557462171,0.0,0.3316701689432918,0,70,2,1118.99
12843,0.1244065062275264,1.0000000000000002,0.5843331930564833,0,65,8,1702.26
12844,-0.2560362830983483,0.0,-0.410386314121829,0,29,2,325.96000000000004
12845,0.8005708397496115,0.4649735207179271,-0.3606440923816034,0,267,4,354.09
12847,-0.3842421425217144,-0.3690702464285427,0.1616119358088733,1,22,1,843.64
12849,-0.2248954551540181,0.0,0.2701395536786138,0,31,2,1010.29
12851,0.3102020558878627,-0.3690702464285427,-0.9533623304590804,1,96,1,131.81
12852,0.8468867057418573,-0.3690702464285427,-0.4375516694860492,1,294,1,311.55
12853,0.4697041677577397,0.7712437491614222,0.6683668353923231,0,134,6,1957.1
12854,0.2111594441492347,0.2618595071429148,0.4294427237927344,0,78,3,1316.25
12855,0.960086287957098,-0.3690702464285427,-1.6903320181291015,1,372,1,38.1
12856,-0.8938037818230972,0.7712437491614222,0.7307891206638911,0,7,6,2170.78
12857,0.6851874973553377,0.0,0.3248568405510637,0,210,2,1106.4
12863,0.0185605714510143,-0.3690702464285427,-0.128198318725464,1,52,1,521.2
12864,0.483793208478914,-0.3690702464285427,-0.8876067210367256,1,138,1,147.12
12867,-0.3068743505407743,0.8927892607143721,1.100437390823782,0,26,7,4009.34
12868,0.6243367805886427,0.7712437491614222,0.5496690293428564,0,185,6,1607.0600000000002
12871,0.2464812112032003,0.0,-0.3171861143490608,0,84,2,380.64
12872,0.8965784609058102,0.0,-0.0435235288981643,0,326,2,599.97
12873,0.8268485864253822,-0.3690702464285427,-0.3277643969163637,1,282,1,374.0
12875,0.5008449957020699,0.0,-0.3793644449500766,0,143,2,343.2300000000001
12877,-1.2282579451576368,1.3347175194727927,0.5223395673976446,0,3,12,1535.77
12878,0.7412567512445486,0.0,0.1696567812699998,0,236,2,854.99
12879,-0.0603931393375741,0.2618595071429148,-0.0709655411382093,0,44,3,573.22
12881,0.814763491242678,-0.3690702464285427,-0.4642634993847507,1,275,1,298.0
12882,-0.786133590193662,0.0,0.4931192195965662,0,9,2,1463.04
12883,-0.3440092352296877,0.4649735207179271,0.0522446282166576,0,24,4,703.47
12884,0.2686697348046577,-0.3690702464285427,-0.4423918154464876,1,88,1,309.05
12885,0.1095587081805211,0.2618595071429148,0.361193716784753,0,63,3,1175.22
12886,0.1388110195737654,0.0,0.4572282543951322,0,67,2,1378.4
12888,0.6942490850373886,0.0,-0.3605931757454418,0,214,2,354.12
12890,-0.3440092352296877,-0.3690702464285427,-0.3234086506715564,1,24,1,376.72
12891,0.6243367805886427,0.2618595071429148,-0.4011668604943516,0,185,3,331.0
12893,-0.2402146898412107,-0.3690702464285427,-0.7783811970924513,1,30,1,176.55
12895,-0.0823294332611252,0.0,-0.3296961028513789,0,42,2,372.8
12897,0.6712678196976245,0.0,-0.6560669638084027,0,204,2,216.5
12901,-0.836971657636088,2.065044752110663,1.9937311641394284,0,8,28,17654.54
12902,0.7951390897495282,-0.3690702464285427,-0.9229658399509728,1,264,1,138.68
12904,-0.4764292294121705,0.0,-0.1579350766001835,0,18,2,496.06
12906,-0.6981606380623229,0.6309297535714574,0.909375039661217,0,11,5,2919.81
12908,0.6004054945386567,0.0,0.0907927342152661,0,176,2,750.0
12909,-0.1172252635245831,0.6309297535714574,0.7329747107575314,0,39,5,2178.67
12910,-0.3637064747277833,1.0000000000000002,0.9405836715718568,0,23,8,3075.04
12912,-1.3670689647314018,0.6309297535714574,0.5700250013732213,0,2,5,1662.3
12913,-1.1205877535282016,0.6309297535714574,0.8118973538175466,0,4,5,2483.63
12915,0.517314695655502,0.0,-0.3446325552397581,0,148,2,363.65
12916,0.483793208478914,0.4649735207179271,0.9145403312292236,0,138,4,2944.95
12917,0.4477678738341883,-0.3690702464285427,-0.0495405687039348,1,128,1,594.0
12919,-0.836971657636088,0.7712437491614222,0.4380467814271588,0,8,6,1335.19
12920,-0.5025174943015487,-0.3690702464285427,-0.8270354133928798,1,17,1,162.78
12921,-0.786133590193662,2.311073612817833,1.9561445066850949,0,9,37,16587.09
12922,0.5576771198890786,-0.3690702464285427,-0.2793304879880667,1,161,1,405.38
12923,0.1170397163725763,-0.3690702464285427,-0.79117753499615,1,64,1,172.82
12924,0.2686697348046577,0.4649735207179271,0.2226737220130998,0,88,4,933.7
12925,-1.1205877535282016,0.0,0.0441312152030664,0,4,2,694.05
12928,-0.1680633309670091,0.6309297535714574,0.7000237448980985,0,35,5,2062.7
12929,0.8739209951729948,-0.3690702464285427,-1.0202956724423935,1,311,1,117.85
12930,0.2111594441492347,0.0,-0.2640716543479374,0,78,2,415.8
12931,-0.405690800867787,1.5237190142858297,2.516852689129555,-1,21,15,42055.96
12933,-0.3440092352296877,0.2618595071429148,-0.035989161207141,0,24,3,607.53
12935,-1.3670689647314018,0.8927892607143721,0.7279853031069036,0,2,7,2160.7
12936,-0.5025174943015487,0.4649735207179271,0.3012710856689687,0,17,4,1063.9
12937,-0.5593496184885577,0.4649735207179271,0.5098575038737024,0,15,4,1504.27
12938,-0.3250846385913979,-0.3690702464285427,-1.0394090853101066,1,25,1,114.14
12939,0.1170397163725763,1.0000000000000002,1.7396794955095385,0,64,8,11581.8
12940,0.0364335540961874,0.0,0.2003352626484406,0,54,2,899.6899999999999
12942,0.4588606695620659,0.2618595071429148,0.0279166805654178,0,131,3,675.6
12944,-0.1680633309670091,0.0,-0.0389876337391175,0,35,2,604.51
12945,0.8369716576360883,-0.3690702464285427,-0.1994810018082447,1,288,1,462.95
12947,0.5008449957020699,0.7712437491614222,0.5485173110739868,0,143,6,1603.99
12948,-0.5300973070953137,0.8927892607143721,0.7006804865298015,0,16,7,2064.95
12949,-0.2402146898412107,1.0000000000000002,1.123709163228005,0,30,8,4167.22
12950,-1.3670689647314018,0.2618595071429148,0.6321827362163434,0,2,3,1843.0
12951,-0.836971657636088,0.7712437491614222,0.3013672913388137,0,8,6,1064.0700000000002
12952,-1.0326148013968623,0.4649735207179271,0.4613170612364671,0,5,4,1387.79
12953,-0.786133590193662,-0.3690702464285427,-0.4032581215384757,1,9,1,329.85
12955,-1.562712108492176,1.261859507142915,1.203488645182561,0,1,11,4757.16
12956,0.866125747072179,-0.3690702464285427,-1.0720502075466245,1,306,1,108.07
12957,-0.786133590193662,1.0000000000000002,1.1016684651334503,0,9,8,4017.54
12962,-0.8938037818230972,0.0,-0.5316054452550368,0,7,2,266.39000000000004
12963,-0.836971657636088,1.0000000000000002,0.636621173058882,0,8,8,1856.63
12965,0.2740610239969653,-0.3690702464285427,0.1064845718785886,1,89,1,769.8100000000001
12966,-0.786133590193662,-0.3690702464285427,-0.8366798739531787,1,9,1,160.18
12967,0.9416271652029824,0.0,0.5695175019867514,0,358,2,1660.9
12968,0.3838709768396838,-0.3690702464285427,-0.9348618877896782,1,112,1,135.95
12970,-0.8938037818230972,0.4649735207179271,-0.2791970260788791,0,7,4,405.47
12971,-1.2282579451576368,3.0650447521106625,1.7189352090916363,-1,3,86,11189.91
12974,0.6545038133228402,-0.3690702464285427,-0.8971213771809514,1,197,1,144.8
12976,0.6874688981200932,-0.3690702464285427,0.0815738696642969,1,211,1,738.6
12977,0.5425500075866052,-0.3690702464285427,-1.6730112248962237,1,156,1,39.24
12980,0.5456136074837743,1.0959032742893848,1.467682719979262,0,157,9,7374.900000000001
12981,-0.2560362830983483,0.0,-0.3306319848277445,0,29,2,372.22
12982,0.7533202636498529,-0.3690702464285427,-0.3017512239175811,1,242,1,390.54
12984,-0.4764292294121705,-0.3690702464285427,-1.1334845829948166,1,18,1,97.5
12985,-1.8971662718267155,0.0,0.3932038064094046,-1,0,2,1239.38
12987,0.1796112583395553,0.0,-0.0864014843441541,0,73,2,558.7
12988,0.8436042756490602,-0.3690702464285427,-0.1462156346594774,1,292,1,505.82
12989,-1.2282579451576368,1.5237190142858297,1.4296745730221192,0,3,15,6924.11
12990,-0.2248954551540181,0.2618595071429148,-0.2732509879233661,0,31,3,409.5
12991,-0.3637064747277833,0.0,-0.1486703029841469,0,23,2,503.76
12993,-0.3637064747277833,0.4649735207179271,-0.2655773710079443,0,23,4,414.76
12994,-1.1205877535282016,0.2618595071429148,0.2483740195954383,0,4,3,974.42
12995,0.252124730073414,-0.3690702464285427,-0.6705944141280228,1,85,1,211.32
12997,-0.3842421425217144,0.4649735207179271,0.3871042435323565,0,22,4,1226.89
12999,0.6520606923420712,0.2618595071429148,-0.2087359442045743,0,196,3,455.88
13000,0.3575454287574991,0.2618595071429148,-0.1126466932756824,0,106,3,534.85
13001,-1.1205877535282016,1.4021735027328797,1.6381444226053257,0,4,13,9785.97
13002,0.8846270050181589,-0.3690702464285427,-1.0047770046105444,1,318,1,120.95
13003,0.3530147347855537,0.2618595071429148,-0.8798043848164805,0,105,3,149.05
13004,-0.6981606380623229,1.680143859246375,1.3077644213177595,0,11,18,5655.91
13005,0.5921571678236234,0.0,-0.1369171283492326,0,173,2,513.7
13006,0.0536680776831433,-0.3690702464285427,-1.239805510301773,1,56,1,81.57
13008,0.8921312832236181,-0.3690702464285427,-0.6211579425319806,1,323,1,229.47
13011,0.960086287957098,-0.3690702464285427,-1.5237300962156837,1,372,1,50.55
13012,-0.786133590193662,1.0000000000000002,0.5643969204432973,0,9,8,1646.84
13013,-1.562712108492176,1.4021735027328797,1.210262472572489,0,1,13,4810.9400000000005
13014,-0.7401449642023266,1.1826583386441385,1.0127423676839746,0,10,10,3466.28
13015,0.0275798127937651,0.6309297535714574,0.9903174018217574,0,53,5,3339.64
13016,0.1796112583395553,0.2618595071429148,0.1219839853826556,0,73,3,789.89
13017,-0.8938037818230972,-0.3690702464285427,-0.6917396074453437,1,7,1,204.0
13018,-0.5300973070953137,2.065044752110663,1.4596876200375528,0,16,28,7277.7
13021,-1.1205877535282016,1.0959032742893848,0.8432674962345761,0,4,9,2616.38
13023,0.1170397163725763,0.0,0.0405218812751154,0,64,2,689.9000000000001
13026,-1.562712108492176,0.6309297535714574,0.2489545463714404,0,1,5,975.36
13027,0.3881222410176829,0.7712437491614222,1.4286197181635532,0,113,6,6912.0
13028,-0.3842421425217144,0.0,0.0150604018730056,0,22,2,661.3199999999999
13029,-0.2402146898412107,0.2618595071429148,0.3971363979831233,0,30,3,1247.5
13030,-0.6981606380623229,0.0,0.0927477063307601,0,11,2,752.44
13032,0.0185605714510143,0.0,0.2700739941489291,0,52,2,1010.18
13033,0.9402812358425672,-0.3690702464285427,-0.7326389364126665,1,357,1,190.55
13034,0.0364335540961874,0.0,-0.0020604451062475,0,54,2,642.77
13035,0.1796112583395553,0.0,0.2150036217048986,0,73,2,921.88
13037,0.483793208478914,0.2618595071429148,0.187745202057094,0,138,3,881.0699999999999
13038,0.2232229565545395,0.2618595071429148,0.2061752735644821,0,80,3,908.46
13040,-0.836971657636088,0.0,0.0291535741003887,0,8,2,676.99
13043,0.8112542731361055,-0.3690702464285427,-0.1337405106760846,1,273,1,516.42
13044,0.8419546488701645,-0.3690702464285427,-0.0844985342856149,1,291,1,560.47
13045,0.3248990914393916,-0.3690702464285427,-0.4497650608918232,1,99,1,305.28000000000003
13046,-0.2402146898412107,0.0,-0.0147951753921995,0,30,2,629.31
13047,-0.2248954551540181,1.1826583386441385,0.971609974234278,0,31,10,3237.54
13048,-0.5904904464328878,0.4649735207179271,0.6244228542950621,0,14,4,1819.41
13049,0.1170397163725763,0.0,0.010823278884867,0,64,2,656.6800000000001
13050,-0.5904904464328878,1.6309297535714573,1.3267410653671663,0,14,17,5836.86
13052,0.6897395628415309,-0.3690702464285427,-0.3708112905272988,1,212,1,348.15000000000003
13055,0.2111594441492347,0.2618595071429148,0.3809472769080877,0,78,3,1214.41
13058,-0.3440092352296877,0.2618595071429148,-0.5204174932574155,0,24,3,271.4
13059,0.7670234464033656,-0.3690702464285427,-0.7555662702553089,1,249,1,183.4
13060,0.7746825812311168,-0.3690702464285427,-0.445353738826438,1,253,1,307.53
13061,0.1730463222010854,-0.3690702464285427,-0.5730757999459275,1,72,1,248.61
13062,0.639656015275835,-0.3690702464285427,-0.3728342991280788,1,191,1,346.98
13064,-0.6595388019259375,0.4649735207179271,0.3244158445865281,0,12,4,1105.59
13065,0.9613781638636149,-0.3690702464285427,-0.6862959409097851,1,373,1,205.86
13066,-0.3440092352296877,0.0,-0.189368811340103,0,24,2,470.8
13067,0.2349922074091187,-0.3690702464285427,-1.0325389496825792,1,82,1,115.46
13068,-0.7401449642023266,0.0,-0.3780178035397489,0,10,2,344.0
13069,-1.8971662718267155,1.9299470414358544,1.1607512821644346,0,0,24,4431.44
13070,0.6421625942262168,-0.3690702464285427,-0.6229125811058035,1,192,1,228.8
13072,0.7987670418999716,-0.3690702464285427,-0.7763479365670647,1,266,1,177.15
13075,0.4514938797071159,-0.3690702464285427,0.2135193598627621,1,129,1,919.61
13077,-1.562712108492176,0.4649735207179271,0.0728900864157312,0,1,4,728.02
13078,-1.2282579451576368,2.0,1.7917941092131946,0,3,26,12627.94
13079,-1.1205877535282016,0.6309297535714574,-0.6461730332342424,-1,4,5,220.1
13080,0.6085151873315049,-0.3690702464285427,-1.441558955974275,1,179,1,58.08
13081,-0.6981606380623229,1.261859507142915,2.278905278580922,-1,11,11,28337.38
13082,0.4402284178965773,1.0959032742893848,1.0378258397257332,0,126,9,3613.63
13083,-1.1205877535282016,0.0,-0.4527833096944373,0,4,2,303.75
13085,0.5456136074837743,0.0,-0.2636669109979112,0,157,2,416.08
13089,-1.3670689647314018,3.1734172518943025,2.718446370752595,-1,2,97,58762.08
13090,-0.836971657636088,1.4649735207179273,1.5816882243071668,0,8,14,8910.82
13091,-0.2723943026062298,-0.3690702464285427,-0.374846743178385,1,28,1,345.82
13092,0.1596422557462171,0.6309297535714574,-0.1804547224926173,0,70,5,477.83
13093,0.814763491242678,1.0000000000000002,1.5039573195071567,-1,275,8,7832.47
13094,-0.405690800867787,1.3347175194727927,0.6591303086247986,0,21,12,1927.32
13095,0.1596422557462171,-0.3690702464285427,-1.2945535113233453,1,70,1,74.39999999999999
13097,-0.2100476571070129,1.1826583386441385,1.343675656875312,0,32,10,6003.22
13098,-1.562712108492176,2.065044752110663,2.290387370321561,0,1,28,28882.44
13099,0.3248990914393916,-0.3690702464285427,-0.681941422647656,1,99,1,207.36
13101,0.737167613527003,-0.3690702464285427,-1.1113192218136765,1,234,1,101.19
13102,-1.562712108492176,1.9299470414358544,1.3845068666906302,0,1,24,6424.09
13103,-0.1172252635245831,-0.3690702464285427,-0.5844584875121068,1,39,1,243.94
13104,-1.2282579451576368,0.7712437491614222,0.3205309696021399,0,3,6,1098.48
13106,0.466116676415072,-0.3690702464285427,-1.2779971707541395,1,133,1,76.5
13107,-0.0603931393375741,0.4649735207179271,0.5207098154094126,0,44,4,1531.62
13108,0.960086287957098,-0.3690702464285427,-0.3675232938679479,1,372,1,350.06
13109,0.0784178802361909,0.0,0.1194257213527481,0,59,2,786.54
13110,-0.2248954551540181,0.8927892607143721,0.5035788631601101,0,31,7,1488.67
13113,-1.8971662718267155,1.9299470414358544,1.7732834795720411,0,0,24,12245.96
13115,-0.6981606380623229,0.4649735207179271,0.7642539091123132,0,11,4,2294.78
13116,0.483793208478914,-0.3690702464285427,-0.151806773162882,1,138,1,501.14
13117,-0.405690800867787,1.0000000000000002,0.2548209679345028,0,21,8,984.91
13118,-0.4516794268591226,0.6309297535714574,0.3726590177711906,0,19,5,1197.81
13120,0.7453115260541195,-0.3690702464285427,-1.8186844724104123,1,238,1,30.6
13121,0.8041583310922792,-0.3690702464285427,-0.4937364575626671,1,269,1,283.73
13122,0.3001492888863435,0.0,0.2153365879482589,0,94,2,922.39
13124,0.2740610239969653,0.2618595071429148,1.06116152114092,0,89,3,3756.33
13126,-1.1205877535282016,1.0000000000000002,0.7107164437135922,0,4,8,2099.64
13127,0.2050126685039157,-0.3690702464285427,-0.5481029281307449,1,77,1,259.17
13130,0.3001492888863435,-0.3690702464285427,-1.384005021832162,1,94,1,64.0
13131,-0.3637064747277833,0.2618595071429148,0.3065677748798214,0,23,3,1073.3
13132,0.7896454968649371,-0.3690702464285427,-1.271807727542556,1,261,1,77.3
13133,0.8112542731361055,0.0,-1.0625657101561146,0,273,2,109.8
13134,0.252124730073414,0.4649735207179271,0.6158099439000794,0,85,4,1793.58
13135,0.6520606923420712,-0.3690702464285427,0.9446764580523604,1,196,1,3096.0
13136,0.0536680776831433,0.6309297535714574,0.8412446789369793,0,56,5,2607.61
13137,-0.7401449642023266,1.0000000000000002,1.0360993108793886,0,10,8,3603.29
13138,-0.3842421425217144,0.7712437491614222,0.2408947156614582,0,22,6,962.39
13139,-0.5300973070953137,0.8927892607143721,1.2412645609717012,0,16,7,5064.94
13140,0.3664811538104963,0.2618595071429148,-0.2545032101237525,0,108,3,422.47
13141,0.2464812112032003,0.6309297535714574,0.7884315528081629,0,84,5,2388.75
13142,-0.4516794268591226,-0.3690702464285427,-0.446213861458694,1,19,1,307.09
13144,0.9053517091956432,-0.3690702464285427,-1.0563425752143898,1,332,1,110.95
13145,-0.1172252635245831,0.4649735207179271,-0.0252017193177305,0,39,4,618.52
13146,-0.3068743505407743,-0.3690702464285427,-0.6226241553930681,1,26,1,228.91
13147,-0.7401449642023266,0.4649735207179271,0.0601742819664959,0,10,4,712.8000000000001
13148,-0.2560362830983483,1.3347175194727927,1.0493253139454088,0,29,12,3683.26
13149,-0.5904904464328878,0.4649735207179271,0.5749903854589619,0,14,4,1676.06
13151,0.848519585008634,-0.3690702464285427,0.4021216605770769,1,295,1,1257.87
13153,-1.0326148013968623,-0.3690702464285427,-0.1699858838142539,1,5,1,486.22
13155,-0.1956431437607741,0.4649735207179271,0.2467282158058482,0,33,4,971.76
13157,-0.0095550718951481,0.4649735207179271,0.5979637297979203,0,49,4,1741.22
13158,0.3001492888863435,0.4649735207179271,0.3742907173948324,0,94,4,1201.06
13159,-0.836971657636088,0.4649735207179271,0.4790882136579504,0,8,4,1429.35
13160,-0.3842421425217144,-0.3690702464285427,-1.169410982149437,1,22,1,91.8
13161,0.8770041709211447,-0.3690702464285427,-1.0467292112329478,1,313,1,112.75
13162,0.4247866084944239,0.4649735207179271,0.5793695809424427,0,122,4,1688.29
13165,-0.0394109047715109,0.0,0.276771757496811,0,46,2,1021.48
13166,0.8285505824152961,-0.3690702464285427,-0.2620506502264013,1,283,1,417.2
13167,-0.4764292294121705,0.4649735207179271,0.1230803287068171,0,18,4,791.3299999999999
13168,-0.1548429049949843,0.4649735207179271,0.4217715293152408,0,36,4,1299.59
13169,0.1095587081805211,0.0,0.0602418255881939,0,63,2,712.88
13170,-0.3068743505407743,-0.3690702464285427,-1.0679749737771091,1,26,1,108.81
13171,-0.405690800867787,0.2618595071429148,-0.1924296295304634,0,21,3,468.41
13173,-1.1205877535282016,0.0,-0.3613913643339094,0,4,2,353.65
13174,-0.5300973070953137,0.2618595071429148,0.8717008606039344,0,16,3,2742.82
13176,-0.0394109047715109,-0.3690702464285427,-0.1758654860028439,1,46,1,481.49
13177,0.1170397163725763,-0.3690702464285427,-0.4964519587308308,1,64,1,282.45
13178,-0.3068743505407743,1.261859507142915,1.3151302052869789,0,26,11,5725.47
13182,-0.0497879791871749,-0.3690702464285427,-1.0036413871916186,1,45,1,121.18
13183,-0.8938037818230972,1.0959032742893848,1.0926384821587682,0,7,9,3957.78
13184,-0.5904904464328878,1.1826583386441385,0.5724298047095321,0,14,10,1668.95
13185,0.8005708397496115,-0.3690702464285427,-1.3190233837953669,1,267,1,71.4
13186,-0.1172252635245831,0.2618595071429148,0.5378719831092061,0,39,3,1575.89
13187,0.9125428313093802,-0.3690702464285427,-0.6042682156205343,1,337,1,236.02
13188,-0.6981606380623229,-0.3690702464285427,-1.037006046688782,1,11,1,114.6
13189,-0.4764292294121705,0.0,-0.5446150788985208,0,18,2,260.68
13192,0.3052018519412955,0.0,0.2084770402346207,0,95,2,911.94
13193,0.0942394734933288,-0.3690702464285427,-1.0502896277327631,1,61,1,112.08
13194,0.4732651829083049,-0.3690702464285427,-1.4154072736444028,1,135,1,60.7
13196,-0.6981606380623229,0.4649735207179271,0.6172188238580997,0,11,4,1797.78
13198,-0.7401449642023266,0.7712437491614222,1.0013295639237303,0,10,6,3401.24
13199,-1.2282579451576368,2.3347175194727927,1.640059625582491,0,3,38,9817.12
13200,-0.4516794268591226,0.4649735207179271,0.180195814910305,0,19,4,870.09
13203,-0.786133590193662,0.4649735207179271,0.1797597713742572,0,9,4,869.46
13207,-0.5593496184885577,0.0,-0.5691049294152555,0,15,2,250.26000000000005
13208,0.0703081874433432,0.7712437491614222,0.3825517750529412,0,58,6,1217.65
13209,-0.2402146898412107,1.0000000000000002,1.3323670312733489,0,30,8,5891.61
13210,0.2950432585630285,-0.3690702464285427,-0.3616803313696994,1,93,1,353.48
13211,-0.7401449642023266,0.2618595071429148,0.3188512593191313,0,10,3,1095.42
13212,-0.4516794268591226,0.2618595071429148,0.1196476128516973,0,19,3,786.83
13213,0.0536680776831433,0.6309297535714574,0.5163527034046979,0,56,5,1520.5800000000002
13216,0.8005708397496115,-0.3690702464285427,-0.3962132514339135,1,267,1,333.74
13217,0.4247866084944239,0.2618595071429148,-0.113626011982659,0,122,3,533.98
13218,0.4440128715150607,-0.3690702464285427,-1.3967489786196063,1,127,1,62.63999999999999
13220,0.2111594441492347,0.4649735207179271,0.1439816567518968,0,78,4,819.29
13221,0.7493325106808756,0.0,0.1642960285401111,0,240,2,847.4100000000001
13223,0.6617598201758463,0.0,-0.825491839593307,0,200,2,163.20000000000002
13224,0.0863935223647938,0.0,0.7266595244958333,0,60,2,2155.95
13225,-1.2282579451576368,0.8927892607143721,1.3882240431904205,0,3,7,6463.84
13226,0.8112542731361055,-0.3690702464285427,-1.07127710094429,1,273,1,108.21
13227,0.6641544422759992,-0.3690702464285427,-0.551517884562739,1,201,1,257.7
13228,0.22914346473365,-0.3690702464285427,-0.3540439488766765,1,81,1,358.0
13229,0.7183251401742233,-0.3690702464285427,-0.833807509796647,1,225,1,160.95
13230,-1.1205877535282016,1.4649735207179273,0.8745080836832858,0,4,14,2755.63
13232,-0.6595388019259375,0.8927892607143721,0.4349536591921484,0,12,7,1328.35
13233,0.1860880718656259,0.0,-0.0383807785277313,0,74,2,605.12
13235,0.6897395628415309,-0.3690702464285427,0.282398153274185,1,212,1,1031.07
13236,-0.3440092352296877,0.0,0.0866455254948131,0,24,2,744.85
13238,-0.5025174943015487,0.4649735207179271,0.0498959190060709,0,17,4,700.73
13239,0.7896454968649371,-0.3690702464285427,-0.4037866306767579,1,261,1,329.56
13240,0.3102020558878627,0.4649735207179271,0.0171769127022492,0,96,4,663.65
13242,0.3838709768396838,0.2618595071429148,-0.5226340891203496,0,112,3,270.4
13243,0.6689083266690788,-0.3690702464285427,-0.058603159220164,1,203,1,585.12
13244,0.2898826172541031,-0.3690702464285427,-1.0008853202294337,1,92,1,121.74
13245,0.0,-0.3690702464285427,-0.2431817439895015,1,50,1,430.5
13246,-0.4764292294121705,0.7712437491614222,0.6697257524007119,0,18,6,1961.52
13247,-0.5025174943015487,0.4649735207179271,-0.1518307785692851,0,17,4,501.12
13248,0.4325692830688266,0.0,-0.1959450032732196,0,124,2,465.68
13249,0.2898826172541031,0.2618595071429148,0.0589995015653237,0,92,3,711.4100000000001
13253,0.5425500075866052,0.0,0.2820067703346107,0,156,2,1030.4
13255,-0.786133590193662,0.0,-0.2880996210837213,0,9,2,399.51
13258,-0.6981606380623229,0.2618595071429148,0.0254441963204377,0,11,3,672.83
13259,0.0942394734933288,-0.3690702464285427,-0.4949017756549759,1,61,1,283.18
13260,0.0942394734933288,-0.3690702464285427,-0.0875655648881742,1,61,1,557.62
13261,0.8023679195283855,0.0,0.2293425782794637,0,268,2,944.1
13262,0.7933148328966054,-0.3690702464285427,-0.7027467623854707,1,263,1,200.29
13263,-1.562712108492176,2.2618595071429146,1.4727300557282392,0,1,35,7436.93
13265,0.0275798127937651,0.6309297535714574,0.7087104869631382,0,53,5,2092.6600000000003
13266,-0.6981606380623229,1.3347175194727927,1.073533957004176,0,11,12,3834.26
13267,-1.3670689647314018,1.726833027860842,1.1728729224864334,0,2,19,4521.49
13268,-0.5025174943015487,1.261859507142915,0.9598100016911908,0,17,11,3174.75
13269,-1.562712108492176,1.5237190142858297,1.2735008075076066,0,1,15,5343.28
13270,0.9522615430325724,-0.3690702464285427,-0.0536059583902411,1,366,1,590.0
13271,-0.141975066077631,-0.3690702464285427,-0.6701120450663173,1,37,1,211.49
13272,-0.2248954551540181,0.0,-0.5091076502967772,0,31,2,276.56
13273,0.3881222410176829,-0.3690702464285427,-0.9216727870289376,1,113,1,138.98
13276,0.1095587081805211,0.0,-0.0526583056470484,0,63,2,590.9300000000001
13277,-0.5593496184885577,0.4649735207179271,-0.5498893013866984,0,15,4,258.4
13278,-0.1053106986008894,-0.3690702464285427,-0.1038482805180494,1,40,1,542.73
13279,0.2111594441492347,-0.3690702464285427,-0.9269920253385636,1,78,1,137.75
13280,0.4247866084944239,0.2618595071429148,0.1284795595292211,0,122,3,798.46
13282,-0.4764292294121705,0.2618595071429148,0.3387052590748843,0,18,3,1132.14
13283,0.0784178802361909,0.0,-1.1574506341517623,0,59,2,93.66
13284,0.9024449813519584,-0.3690702464285427,-0.7000580369873397,1,330,1,201.19
13285,-0.3637064747277833,0.4649735207179271,0.8642526781922619,0,23,4,2709.12
13291,0.5394668318384552,-0.3690702464285427,-0.3488453441710759,1,155,1,361.11
13292,-0.1294414948306238,0.0,-0.0649916294555866,0,38,2,578.94
13294,0.634603452220883,0.0,0.1827159091242301,0,189,2,873.74
13295,0.9429693506660444,-0.3690702464285427,-0.7000282295373087,1,359,1,201.2
13296,0.4803093279081389,-0.3690702464285427,-1.1986865344160833,1,137,1,87.4
13297,-0.8938037818230972,0.4649735207179271,0.7079010425923028,0,7,4,2089.85
13298,-1.562712108492176,-0.3690702464285427,-0.350695652843801,1,1,1,360.0
13299,0.8023679195283855,-0.3690702464285427,-0.9067046485160704,1,268,1,142.5
13300,0.5809353745377399,-0.3690702464285427,-0.3311651187779011,1,169,1,371.89
13301,0.3438236880776809,0.4649735207179271,-0.0256201843015361,0,103,4,618.09
13302,0.5394668318384552,-0.3690702464285427,-1.386327536212154,1,155,1,63.75
13304,0.9321258524703706,-0.3690702464285427,-0.4594051605601796,1,351,1,300.42
13305,-1.1205877535282016,1.1826583386441385,0.6816876083250517,0,4,10,2000.86
13307,0.4168763434220624,-0.3690702464285427,-2.22885742172905,1,120,1,15.0
13308,-0.3842421425217144,0.2618595071429148,0.4603267989464695,0,22,3,1385.51
13309,-0.8938037818230972,0.6309297535714574,0.4905408155868797,0,7,5,1456.79
13310,-0.2723943026062298,0.2618595071429148,0.3386467497035771,0,28,3,1132.03
13311,-1.1205877535282016,0.0,-0.0449291777104739,0,4,2,598.57
13313,-0.3842421425217144,0.6309297535714574,0.5299583436637424,0,22,5,1555.3200000000002
13314,-1.562712108492176,0.2618595071429148,0.1112586240939002,0,1,3,775.94
13316,-0.141975066077631,0.4649735207179271,1.3159148342674554,0,37,4,5732.93
13317,0.1316625130805325,0.7712437491614222,0.7586890924546827,0,66,6,2273.6800000000003
13318,-1.562712108492176,0.2618595071429148,-0.0039451329409879,0,1,3,640.76
13319,-1.0326148013968623,2.0,1.7000982087371437,0,5,26,10845.55
13320,0.2111594441492347,0.4649735207179271,0.520937853070411,0,78,4,1532.2
13321,0.1730463222010854,0.0,-0.0771476982541207,0,72,2,567.36
13322,-0.5025174943015487,-0.3690702464285427,-0.705176913802432,1,17,1,199.48
13323,-1.2282579451576368,0.6309297535714574,0.1204274104723349,0,3,5,787.85
13324,-0.1548429049949843,1.1826583386441385,1.4466512113337775,0,36,10,7121.95
13325,0.22914346473365,-0.3690702464285427,0.0276493917433366,1,81,1,675.3
13327,-0.1294414948306238,1.0000000000000002,1.0401788982256506,0,38,8,3627.77
13328,0.881592307198259,-0.3690702464285427,0.4258771282076071,1,316,1,1308.48
13329,-0.2248954551540181,0.0,0.1213053857311808,0,31,2,789.0
13330,0.2898826172541031,0.2618595071429148,0.3433624227824304,0,92,3,1140.9299999999998
13332,-0.5904904464328878,-0.3690702464285427,-0.3660829237216628,1,14,1,350.9
13334,0.2349922074091187,0.2618595071429148,1.018974601267373,0,82,3,3502.32
13336,0.2050126685039157,-0.3690702464285427,0.1259563474838209,1,77,1,795.12
13338,0.5456136074837743,-0.3690702464285427,-0.1689970943946843,1,157,1,487.02
13339,0.6617598201758463,-0.3690702464285427,0.1732579690836623,1,200,1,860.12
13340,-0.0497879791871749,0.8927892607143721,1.6940070249163544,0,45,7,10736.48
13341,0.7878003115843977,-0.3690702464285427,0.1111888048052179,1,260,1,775.85
13343,0.6031238981391972,-0.3690702464285427,-0.361765348048372,1,177,1,353.43
13344,0.1388110195737654,0.2618595071429148,0.81866566476824,0,67,3,2511.69
13345,0.8352991590366093,-0.3690702464285427,-0.3033542104009074,1,287,1,389.5
13347,0.1596422557462171,-0.3690702464285427,-0.3826474415934986,1,70,1,341.36
13348,0.1170397163725763,-0.3690702464285427,-0.6100424906718777,1,64,1,233.76
13349,-0.7401449642023266,-0.3690702464285427,-0.576198624754989,1,10,1,247.32
13350,-0.5300973070953137,0.0,0.2512710778120036,0,16,2,979.12
13351,0.1316625130805325,-0.3690702464285427,-0.3278608353093653,1,66,1,373.94
13352,0.0863935223647938,-0.3690702464285427,-0.2904063903527318,1,60,1,397.98
13354,0.1663908323675303,-0.3690702464285427,0.0855779409871779,1,71,1,743.53
13355,0.4247866084944239,-0.3690702464285427,0.0271144582149255,1,122,1,674.7
13356,0.2232229565545395,-0.3690702464285427,0.1052557463820577,1,80,1,768.24
13357,0.7822220371687278,-0.3690702464285427,-0.0341399419245143,1,257,1,609.4
13358,0.8023679195283855,-0.3690702464285427,-0.2313838146664091,1,268,1,439.03
13359,0.1095587081805211,-0.3690702464285427,-0.2306583313914854,1,63,1,439.56
13362,-0.786133590193662,0.4649735207179271,0.9436519654113552,0,9,4,3090.74
13363,-0.5025174943015487,0.0,0.2594430044952399,0,17,2,992.5
13364,0.1663908323675303,-0.3690702464285427,-0.9392345193214128,1,71,1,134.95999999999998
13365,-0.1956431437607741,0.0,0.7457511531414603,0,33,2,2225.37
13366,0.0,-0.3690702464285427,-1.4614707485833545,1,50,1,56.16
13368,0.780348188744373,0.0,-0.0204728770138538,0,256,2,623.4
13369,0.9509449927946468,-0.3690702464285427,-0.4438904442087345,1,365,1,308.28000000000003
13370,0.9587909439231818,-0.3690702464285427,0.0946883841018802,1,371,1,754.87
13372,0.2740610239969653,-0.3690702464285427,-0.3203528499646755,1,89,1,378.64
13373,0.0863935223647938,0.2618595071429148,0.985355546461013,0,60,3,3312.25
13375,0.2686697348046577,-0.3690702464285427,0.1133571808803979,1,88,1,778.65
13376,0.3248990914393916,0.2618595071429148,0.2757570651156922,0,99,3,1019.76
13379,-0.3068743505407743,0.2618595071429148,-0.0716586645406991,0,26,3,572.56
13381,-0.2248954551540181,0.7712437491614222,1.0420925017281113,0,31,6,3639.31
13382,0.8234264773092309,-0.3690702464285427,-0.638346285408926,1,280,1,222.99
13384,-0.2402146898412107,0.8927892607143721,1.12149428499332,0,30,7,4151.93
13385,0.9009850245260403,-0.3690702464285427,-0.1129617026834951,1,329,1,534.57
13388,0.4588606695620659,0.0,0.0292513494561263,0,131,2,677.0999999999999
13389,-0.6981606380623229,0.2618595071429148,0.1281025048405693,0,11,3,797.96
13390,0.1860880718656259,-0.3690702464285427,-0.1023537419663508,1,74,1,544.08
13391,0.6689083266690788,-0.3690702464285427,-1.4242633115555106,1,203,1,59.8
13394,-1.562712108492176,1.0000000000000002,0.8206603870473745,0,1,8,2520.02
13395,0.6243367805886427,-0.3690702464285427,-0.4449827013751156,1,185,1,307.72
13396,-0.2560362830983483,0.0,0.4495730107476812,0,29,2,1360.99
13397,0.1730463222010854,0.6309297535714574,0.5256093135083996,0,72,5,1544.13
13398,0.6421625942262168,-0.3690702464285427,-0.2068130607871376,1,192,1,457.34
13402,0.4440128715150607,0.0,-0.0225710815935029,0,127,2,621.23
13403,-0.5025174943015487,-0.3690702464285427,-1.2897765372864254,1,17,1,75.0
13404,-1.562712108492176,0.0,-0.5637794759614482,0,1,2,252.49
13405,0.1860880718656259,0.2618595071429148,-0.0717732116538433,0,74,3,572.451
13408,-1.562712108492176,2.7712437491614224,2.274200843856678,-1,1,62,28117.04
13410,-0.3440092352296877,0.6309297535714574,0.265815262668915,0,24,5,1003.06
13411,0.3620339761283047,-0.3690702464285427,-0.6642973457121245,1,107,1,213.55
13414,0.466116676415072,0.2618595071429148,0.4624919711352248,0,133,3,1390.5
13416,-0.0712366375332477,0.0,0.0599209259468845,0,43,2,712.5
13417,-1.1205877535282016,0.0,-0.003879397898574,0,4,2,640.8299999999999
13418,-0.6981606380623229,1.680143859246375,1.356016399587005,0,11,18,6127.43
13419,0.1095587081805211,-0.3690702464285427,-0.6435618545566253,1,63,1,221.06
13420,0.5205422352001655,0.0,-0.8379150901903297,0,149,2,159.85
13421,-0.1053106986008894,0.0,0.6291387245232806,0,40,2,1833.71
13422,0.1170397163725763,-0.3690702464285427,0.8455474100324146,1,64,1,2626.3
13425,0.3664811538104963,0.2618595071429148,0.556062717593834,0,108,3,1624.21
13426,-1.8971662718267155,1.1826583386441385,1.0424251866014795,0,0,10,3641.32
13427,-0.4516794268591226,0.2618595071429148,-0.0611999952559024,0,19,3,582.6
13428,-0.7401449642023266,-0.3690702464285427,-0.6983019149254898,1,10,1,201.78
13429,-0.7401449642023266,0.4649735207179271,0.2680560445208755,0,10,4,1006.8
13430,-0.4764292294121705,0.0,0.0313364063060064,0,18,2,679.45
13431,0.1388110195737654,0.0,0.4074742528811105,0,67,2,1269.1
13434,0.1860880718656259,0.0,-0.113333175267993,0,74,2,534.24
13435,-1.0326148013968623,0.8927892607143721,1.069692115728403,0,5,7,3809.89
13436,-1.562712108492176,-0.3690702464285427,-0.713013817133549,1,1,1,196.89
13437,-0.5904904464328878,0.8927892607143721,1.0025364874219245,0,14,7,3408.06
13439,0.7784670348496002,-0.3690702464285427,-0.4937787933125988,1,255,1,283.71
13441,0.2846661841473646,-0.3690702464285427,-0.4670110931775293,1,91,1,296.64
13447,-0.3637064747277833,0.2618595071429148,0.3371075104390563,0,23,3,1129.14
13448,-0.5300973070953137,0.7712437491614222,1.02451778674743,0,16,6,3534.69
13449,-0.3637064747277833,-0.3690702464285427,-0.4767275288552161,1,23,1,291.88
13450,-0.3068743505407743,0.7712437491614222,0.6944550978146907,0,26,6,2043.72
13451,-0.3068743505407743,0.6309297535714574,0.9049118403313892,0,26,5,2898.26
13452,0.7859480430416554,0.0,-0.0536059583902411,0,259,2,590.0
13453,0.5694463707436582,0.0,-0.3557587693325287,0,165,2,356.98
13455,-0.3440092352296877,0.0,0.2981160996944654,0,24,2,1058.34
13456,-0.5025174943015487,0.7712437491614222,0.6067210929800231,0,17,6,1766.72
13458,-0.8938037818230972,1.4649735207179273,1.629498304009748,0,7,14,9646.57
13460,-0.2560362830983483,0.0,-0.7554355486983972,0,29,2,183.44
13461,-0.1294414948306238,0.2618595071429148,0.4856466775039194,0,38,3,1445.0
13462,0.7727791651026745,-0.3690702464285427,-0.8700431749021411,1,252,1,151.5
13464,0.0703081874433432,-0.3690702464285427,0.0270966189177384,1,58,1,674.68
13466,0.6217356133035294,-0.3690702464285427,-0.4446314027918074,1,184,1,307.9
13467,-0.7401449642023266,0.0,0.3057874677559233,0,10,2,1071.91
13468,-1.562712108492176,2.311073612817833,1.312968778010634,0,1,37,5704.97
13470,0.3248990914393916,0.0,-0.8189209378952067,0,99,2,165.0
13471,-1.562712108492176,0.4649735207179271,0.8162984089728959,0,1,4,2501.84
13473,0.0863935223647938,0.0,-0.2542613109690796,0,60,2,422.64
13474,0.7412567512445486,-0.3690702464285427,-0.6280750801216866,1,236,1,226.84
13475,0.639656015275835,0.4649735207179271,0.4801112487765718,0,191,4,1431.78
13476,0.6058270725080276,0.0,0.3927614816686541,0,178,2,1238.47
13477,-0.141975066077631,0.7712437491614222,0.4896264456362384,0,37,6,1454.58
13479,0.6617598201758463,0.0,-0.458346351861978,0,200,2,300.95
13481,-0.0497879791871749,0.6309297535714574,0.6194862319207061,0,45,5,1804.56
13482,0.7330435254907093,-0.3690702464285427,-0.7515270282830907,1,232,1,184.64
13483,0.1244065062275264,-0.3690702464285427,-0.915845493227096,1,65,1,140.34
13484,0.751330506756602,-0.3690702464285427,-0.433228525404113,1,241,1,313.8
13485,0.7351099755992296,-0.3690702464285427,-0.2109032369112448,1,233,1,454.24
13486,0.2111594441492347,0.2618595071429148,0.333507743457973,0,78,3,1122.41
13487,0.0620598607283094,0.2618595071429148,-0.0686817818500063,0,57,3,575.4
13488,-0.5025174943015487,1.4021735027328797,1.5855636916046651,0,17,13,8968.31
13489,0.3530147347855537,0.4649735207179271,-0.2171846596790406,0,105,4,449.52
13491,0.0093695247431415,1.1826583386441385,0.381646055759301,0,51,10,1215.82
13494,0.8739209951729948,-0.3690702464285427,-0.4285371063733179,1,311,1,316.26000000000005
13495,-0.8938037818230972,0.6309297535714574,0.6947939709427258,0,7,5,2044.87
13496,-0.7401449642023266,0.0,0.0077455253577706,0,10,2,653.3299999999999
13497,0.8268485864253822,0.0,-0.3709839321027494,0,282,2,348.05
13499,-0.5025174943015487,0.6309297535714574,0.3528819476842186,0,17,5,1159.11
13500,-0.3637064747277833,0.2618595071429148,0.3568483337166794,0,23,3,1166.77
13502,-0.5300973070953137,0.2618595071429148,-0.4764806420889683,0,16,3,292.0
13503,0.1663908323675303,-0.3690702464285427,-0.6550978945401418,1,71,1,216.85
13504,0.1170397163725763,-0.3690702464285427,-0.4684504908457543,1,64,1,295.93
13506,0.881592307198259,0.0,-0.2052634200139911,0,316,2,458.52
13507,-1.2282579451576368,0.4649735207179271,0.8108120983336832,0,3,4,2479.16
13508,0.755301849033873,-0.3690702464285427,-1.0562349132391526,1,243,1,110.97
13509,-0.836971657636088,0.8927892607143721,0.2516399146908442,0,8,7,979.72
13510,-1.562712108492176,0.4649735207179271,0.6151311650205508,0,1,4,1791.56
13512,0.7878003115843977,-0.3690702464285427,-0.5668304827610253,1,260,1,251.21
13513,0.4402284178965773,-0.3690702464285427,-0.6885142973429541,1,126,1,205.1
13514,0.1796112583395553,-0.3690702464285427,-0.8672830509086671,1,73,1,152.20000000000002
13515,0.1730463222010854,0.4649735207179271,0.1945732382092865,0,72,4,891.12
13516,-0.405690800867787,0.2618595071429148,0.4620196812152667,0,21,3,1389.41
13517,0.0784178802361909,0.2618595071429148,0.7189176209094275,0,59,3,2128.42
13518,0.252124730073414,-0.3690702464285427,-0.0168544831112552,1,85,1,627.16
13519,0.2111594441492347,-0.3690702464285427,-0.9959461984807756,1,78,1,122.75
13521,-1.562712108492176,0.2618595071429148,0.3056863468664037,0,1,3,1071.73
13522,-0.2402146898412107,-0.3690702464285427,-0.9812720767330058,1,30,1,125.8
13523,-0.1956431437607741,0.6309297535714574,1.093718430691317,0,33,5,3964.88
13524,-0.1053106986008894,0.6309297535714574,0.0319826391435175,0,40,5,680.1800000000001
13525,-0.5904904464328878,0.0,-0.0153021655894048,0,14,2,628.78
13527,-0.1956431437607741,0.8927892607143721,0.7503329877971128,0,33,7,2242.36
13529,0.2111594441492347,0.0,-0.4449046173255441,0,78,2,307.76
13531,0.6736158309628445,0.0,-0.1729868858802235,0,205,2,483.8
13532,-0.1956431437607741,-0.3690702464285427,-0.6734682417913067,1,33,1,210.31
13533,0.6164908294601078,0.2618595071429148,-0.5255502194798379,0,182,3,269.09
13534,-1.3670689647314018,1.9656472730442505,1.3301609262910408,0,2,25,5870.08
13536,-1.562712108492176,0.8927892607143721,1.0089253284807422,0,1,7,3444.3900000000003
13538,-0.0712366375332477,0.8927892607143721,0.4130242659605292,0,43,7,1280.85
13539,0.252124730073414,0.2618595071429148,-0.0128572428253525,0,85,3,631.34
13544,-0.1172252635245831,0.0,-0.510194325676413,0,39,2,276.06
13546,-0.6595388019259375,0.2618595071429148,-0.0227067007965453,0,12,3,621.09
13548,0.3102020558878627,0.0,0.0301927363235073,0,96,2,678.16
13549,-0.3250846385913979,0.8927892607143721,0.2125955736959079,0,25,7,918.2
13551,0.8861372264790353,-0.3690702464285427,-1.169410982149437,1,319,1,91.8
13552,0.1316625130805325,1.3347175194727927,1.0585476880607865,0,66,12,3740.07
13555,0.1796112583395553,0.4649735207179271,1.1137458364108956,0,73,4,4098.88
13557,-0.2723943026062298,0.0,-0.0596941160574792,0,28,2,584.06
13558,-1.0326148013968623,0.4649735207179271,-0.0490140765449887,0,5,4,594.52
13560,-0.8938037818230972,-0.3690702464285427,-0.7960514549851759,1,7,1,171.42000000000002
13561,0.6964881394628443,-0.3690702464285427,-0.909398623604263,1,215,1,141.86
13562,0.22914346473365,0.2618595071429148,0.6177379367766874,0,81,3,1799.33
13563,0.2464812112032003,0.0,0.1124907663964223,0,84,2,777.53
13564,0.504184215692284,0.2618595071429148,0.5922111690461013,0,144,3,1724.67
13565,-0.4516794268591226,0.0,-0.5936820230366593,0,19,2,240.22
13566,-0.1053106986008894,0.0,0.1709579373289486,0,40,2,856.8399999999999
13568,0.5921571678236234,-0.3690702464285427,-0.74375316641326,1,173,1,187.05
13569,-0.5025174943015487,0.0,-0.3874903526513791,0,17,2,338.62
13570,0.755301849033873,-0.3690702464285427,-0.5955087042511544,1,243,1,239.49
13571,-0.6595388019259375,1.3347175194727927,0.7076386761552331,0,12,12,2088.94
13572,0.6736158309628445,-0.3690702464285427,0.4597788498892726,1,205,1,1384.25
13573,0.0,0.0,-0.4800911296947464,0,50,2,290.25
13575,-0.3637064747277833,0.6309297535714574,0.0762290159931049,0,23,5,732.0699999999999
13576,-0.7401449642023266,1.680143859246375,1.4114052771481789,0,10,18,6717.34
13577,-0.3250846385913979,0.4649735207179271,0.5791233578247742,0,25,4,1687.6
13579,-0.5904904464328878,0.0,-0.1941911917808857,0,14,2,467.04
13581,0.8708179917918428,-0.3690702464285427,-1.0195354977747313,1,309,1,118.0
13583,0.5394668318384552,-0.3690702464285427,0.1151941864662506,1,155,1,781.03
13584,0.866125747072179,-0.3690702464285427,-0.9071247891645088,1,306,1,142.4
13587,0.1095587081805211,-0.3690702464285427,0.0598364502671923,1,63,1,712.4
13588,-0.5593496184885577,1.0959032742893848,0.8107610650845867,0,15,9,2478.95
13589,-0.5904904464328878,0.0,-0.3187515688450631,0,14,2,379.65
13590,-0.6981606380623229,0.7712437491614222,0.675958274490546,0,11,6,1981.92
13591,0.1170397163725763,0.2618595071429148,0.3306684291915173,0,64,3,1117.13
13592,-0.1680633309670091,0.4649735207179271,-0.5746472938192407,0,35,4,247.96
13593,0.3664811538104963,0.6309297535714574,0.684996255763563,0,108,5,2011.88
13594,0.0185605714510143,-0.3690702464285427,-0.2919340118572906,1,52,1,396.97
13596,-1.0326148013968623,0.0,0.0175938875090059,0,5,2,664.11
13598,-0.0292523113932437,-0.3690702464285427,-0.8372035959339267,1,47,1,160.04
13599,-1.562712108492176,1.813588092215596,1.251290718687962,0,1,21,5149.92
13600,0.8754650456516969,-0.3690702464285427,-0.6477561200859908,1,312,1,219.52
13601,-0.0497879791871749,0.0,0.0434978849777069,0,45,2,693.3199999999999
13602,0.1170397163725763,-0.3690702464285427,-0.2454346952068015,1,64,1,428.89
13603,-0.3068743505407743,-0.3690702464285427,-0.8213219584282059,1,26,1,164.34
13606,-0.2560362830983483,0.2618595071429148,-0.5086952268422519,0,29,3,276.74999999999994
13607,-0.1053106986008894,-0.3690702464285427,0.0278365063647984,1,40,1,675.51
13610,-0.6595388019259375,0.8927892607143721,0.3116125120676041,0,12,7,1082.33
13611,0.2740610239969653,0.2618595071429148,0.350430062794388,0,89,3,1154.4
13614,-0.3440092352296877,0.4649735207179271,0.5415186093172079,0,24,4,1585.46
13615,0.8846270050181589,-0.3690702464285427,-0.2613448968196762,1,318,1,417.69
13617,-0.1053106986008894,0.2618595071429148,-0.1022431826983839,0,40,3,544.1800000000001
13618,0.5921571678236234,-0.3690702464285427,-0.7757054981220004,1,173,1,177.34
13621,0.40065581226469,-0.3690702464285427,-0.6634552052829149,1,116,1,213.85
13623,-0.2402146898412107,0.6309297535714574,0.0726585617640836,0,30,5,727.74
13626,0.7727791651026745,-0.3690702464285427,-0.5526138364087182,1,252,1,257.23
13627,0.0784178802361909,0.6309297535714574,0.5613278209488374,0,59,5,1638.47
13629,-0.3637064747277833,1.261859507142915,1.5008634074841187,0,23,11,7792.36
13630,-1.0326148013968623,0.8927892607143721,0.6909254056535052,0,5,7,2031.78
13631,0.3248990914393916,1.261859507142915,0.939677789681286,0,99,11,3070.42
13632,-0.3440092352296877,0.6309297535714574,0.7162256543350585,0,24,5,2118.93
13634,-0.1956431437607741,0.6309297535714574,0.5268678887835693,0,33,5,1547.36
13635,0.1388110195737654,-0.3690702464285427,0.3052929375991436,1,67,1,1071.03
13636,-0.1548429049949843,0.6309297535714574,0.2325353681289529,0,36,5,949.12
13637,0.0185605714510143,0.2618595071429148,0.1328661784316914,0,52,3,804.3
13638,-0.5593496184885577,-0.3690702464285427,-0.9964821627097624,1,15,1,122.64
13639,0.1860880718656259,-0.3690702464285427,0.2837222959085501,1,74,1,1033.34
13642,0.6964881394628443,-0.3690702464285427,-0.4361456481490808,1,215,1,312.28
13643,-0.2248954551540181,0.2618595071429148,-0.1302330353341992,0,31,3,519.44
13644,-0.5300973070953137,0.4649735207179271,0.8450792607098727,0,16,4,2624.26
13645,0.4168763434220624,-0.3690702464285427,-0.5647074446279798,1,120,1,252.1
13647,-0.786133590193662,0.4649735207179271,0.5648648942498067,0,9,4,1648.12
13649,0.780348188744373,0.0,-0.3734928082352394,0,256,2,346.6
13650,-0.5300973070953137,0.7712437491614222,0.6300020458484958,0,16,6,1836.34
13651,-0.1680633309670091,0.0,-1.1540222720438165,0,35,2,94.2
13652,-0.0497879791871749,0.2618595071429148,0.3186643355409719,0,45,3,1095.08
13654,-0.0712366375332477,0.7712437491614222,0.8638544764016073,0,43,6,2707.33
13655,0.3923363757767996,0.0,0.2222028363141822,0,114,2,932.97
13656,0.5665308611915009,0.0,-0.3187515688450631,0,164,2,379.65
13657,-0.7401449642023266,0.0,-0.3148219344204216,0,10,2,382.14
13658,-0.786133590193662,0.6309297535714574,0.8484925271662446,0,9,5,2639.17
13659,0.6736158309628445,0.0,0.5329251431442618,0,205,2,1563.0
13662,0.252124730073414,0.2618595071429148,0.1878750093269818,0,85,3,881.26
13663,0.6085151873315049,-0.3690702464285427,-0.7360466575201664,1,179,1,189.47
13666,0.0863935223647938,0.2618595071429148,-1.217733247579203,0,60,3,84.65
13667,0.5205422352001655,-0.3690702464285427,-0.4621507309326075,1,149,1,299.05
13668,-1.3670689647314018,1.813588092215596,1.3736925077172255,0,2,21,6309.83
13669,0.0,0.0,-0.6504130243534,0,50,2,218.55
13670,0.1924790972569085,-0.3690702464285427,-0.3681416506962445,1,75,1,349.7
13672,0.8582024924755586,0.0,-0.7458721572260087,0,301,2,186.39
13673,-0.4764292294121705,0.0,-0.3065419986007019,0,18,2,387.44
13675,0.5269332605914481,0.0,-0.1692441397071188,0,151,2,486.8200000000001
13678,0.5269332605914481,-0.3690702464285427,-0.6130279029317666,1,151,1,232.6
13680,-1.562712108492176,0.4649735207179271,1.0551631274083295,0,1,4,3719.12
13681,-0.5025174943015487,0.4649735207179271,0.1502238143066032,0,17,4,827.83
13682,0.6294974218975681,-0.3690702464285427,-1.4272444803829825,1,187,1,59.5
13684,0.8319366690329908,-0.3690702464285427,-1.3736174900675586,1,285,1,65.13
13685,-1.3670689647314018,0.8927892607143721,0.949220823970686,0,2,7,3119.44
13686,0.6164908294601078,-0.3690702464285427,-1.3140492834643929,1,182,1,72.0
13689,0.1095587081805211,-0.3690702464285427,0.207194955946402,1,63,1,910.0
13690,0.0784178802361909,-0.3690702464285427,-0.7931571621506466,1,59,1,172.25
13692,-0.3440092352296877,0.2618595071429148,0.5034372432765303,0,24,3,1488.3200000000002
13694,-1.2282579451576368,2.5789019231625665,2.779618515921503,-1,3,50,65039.62
13695,-0.2248954551540181,1.5237190142858297,0.8168495960491469,0,31,15,2504.13
13697,-0.1294414948306238,-0.3690702464285427,-0.8708341090521083,1,38,1,151.29999999999998
13699,0.5394668318384552,-0.3690702464285427,-0.4433061196930242,1,155,1,308.58000000000004
13700,-0.3068743505407743,1.1826583386441385,0.7520151102306695,0,26,10,2248.63
13703,0.8846270050181589,-0.3690702464285427,-1.1213697683386186,1,318,1,99.5
13704,-1.0326148013968623,1.0959032742893848,0.7677301508233408,0,5,9,2308.06
13705,-0.8938037818230972,0.2618595071429148,0.0593800768810346,0,7,3,711.86
13706,0.859797586036773,-0.3690702464285427,-0.4015482017882418,1,302,1,330.79
13707,0.8005708397496115,0.0,0.1344432509222324,0,267,2,806.41
13708,0.8077193462428445,-0.3690702464285427,-0.4903591966774198,1,271,1,285.33
13709,-1.2282579451576368,1.4021735027328797,1.373484279169446,0,3,13,6307.65
13710,-0.2248954551540181,-0.3690702464285427,-0.7651863491510947,1,31,1,180.48
13711,0.7031436292963993,0.0,-0.5648027017383057,0,218,2,252.06
13712,0.7611982404886077,-0.3690702464285427,-0.6228076830573658,1,246,1,228.84
13715,0.8251405656583424,0.6309297535714574,0.3088579440778042,0,281,5,1077.39
13716,0.8041583310922792,-0.3690702464285427,-0.9246942372805824,1,269,1,138.28
13717,-0.2100476571070129,0.7712437491614222,0.4856508454821474,0,32,6,1445.01
13718,0.7611982404886077,0.0,-0.4472711469527625,0,246,2,306.55
13719,-0.5593496184885577,0.6309297535714574,0.2885623803475648,0,15,5,1041.68
13720,0.40065581226469,0.4649735207179271,0.1295641609110863,0,116,4,799.9
13721,-0.1548429049949843,-0.3690702464285427,-0.1248146642152579,1,36,1,524.14
13722,0.4588606695620659,0.2618595071429148,0.7850577975209689,0,131,3,2375.41
13723,0.7009353171450358,-0.3690702464285427,-0.7040656287979864,1,217,1,199.85
13725,-0.0095550718951481,1.0000000000000002,0.6755447721937458,0,49,8,1980.56
13726,-0.1294414948306238,0.0,0.3101252706745262,0,38,2,1079.66
13727,-0.2723943026062298,0.0,-0.3966815573996237,0,28,2,333.48
13728,-0.1548429049949843,0.7712437491614222,0.2736158939313742,0,36,6,1016.14
13730,0.4732651829083049,0.0,0.0928756799453778,0,135,2,752.5999999999999
13731,0.7053418807652665,0.0,-0.0329661133460648,0,219,2,610.59
13732,-0.2723943026062298,-0.3690702464285427,-0.1630492686140144,1,28,1,491.86
13735,-0.3440092352296877,0.4649735207179271,0.90184408504759,0,24,4,2883.54
13736,-1.0326148013968623,0.0,0.0743598454563604,0,5,2,729.8
13737,0.6617598201758463,-0.3690702464285427,-0.3857537429965204,1,200,1,339.6
13739,-0.4764292294121705,-0.3690702464285427,-0.6549595831830742,1,18,1,216.9
13740,0.7493325106808756,-0.3690702464285427,-0.3663398803385488,1,240,1,350.75
13741,0.1663908323675303,0.2618595071429148,0.0214958123561649,0,71,3,668.4300000000001
13742,-0.5300973070953137,1.3347175194727927,0.9469820041330224,0,16,12,3107.87
13743,-1.3670689647314018,0.8927892607143721,0.4409311145774304,0,2,7,1341.6
13744,0.3052018519412955,0.0,0.3106047080202614,0,95,2,1080.52
13745,0.5606464545696141,-0.3690702464285427,-0.4601654529944226,1,162,1,300.04
13747,0.9613781638636149,-0.3690702464285427,-1.2543591710653623,1,373,1,79.6
13748,0.3052018519412955,0.6309297535714574,0.231983246270867,0,95,5,948.25
13750,0.0275798127937651,0.6309297535714574,0.5645505144060997,0,53,5,1647.26
13751,0.8369716576360883,-0.3690702464285427,-0.4678013226674423,1,288,1,296.25
13752,0.4325692830688266,0.7712437491614222,0.3612756947477499,0,124,6,1175.38
13753,0.8352991590366093,-0.3690702464285427,0.0837375851827101,1,287,1,741.26
13754,0.5269332605914481,0.0,-0.4961331023249573,0,151,2,282.6
13755,-1.2282579451576368,1.0959032742893848,0.7131273856726131,0,3,9,2108.06
13756,-1.3670689647314018,1.4649735207179273,1.2559064606719104,0,2,14,5189.52
13758,-0.6981606380623229,0.8927892607143721,0.962801080789178,0,11,7,3190.55
13759,-0.1956431437607741,0.0,0.0133198470879591,0,33,2,659.4100000000001
13760,0.0364335540961874,0.0,-0.487293872943472,0,54,2,286.79
13761,0.0,0.0,0.3050792649782357,0,50,2,1070.65
13762,0.7031436292963993,-0.3690702464285427,-0.4469380977298545,1,218,1,306.72
13763,0.1095587081805211,-0.3690702464285427,0.5888103663554947,1,63,1,1714.96
13764,0.1596422557462171,0.2618595071429148,0.5158930568252179,0,70,3,1519.42
13767,-1.3670689647314018,2.311073612817833,1.978724657428771,0,2,37,17220.36
13769,-1.3670689647314018,1.1826583386441385,0.8833801982082675,0,2,10,2796.51
13771,0.1170397163725763,0.4649735207179271,0.847414092498134,0,64,4,2634.45
13772,-0.1956431437607741,0.2618595071429148,0.3336257584308217,0,33,3,1122.63
13774,0.22914346473365,-0.3690702464285427,-0.3762733978768782,1,81,1,345.0
13777,-1.8971662718267155,2.209831676734024,2.226494672106009,0,0,33,25977.16
13778,0.3438236880776809,-0.3690702464285427,-0.7711268772819204,1,103,1,178.7
13780,-0.8938037818230972,0.0,-0.3506789580130972,0,7,2,360.01000000000005
13781,0.7689496579947311,-0.3690702464285427,-0.971652946393768,1,250,1,127.84
13782,-0.6595388019259375,0.7712437491614222,0.206440292030937,0,12,6,908.86
13784,-0.786133590193662,1.261859507142915,0.8068209172859616,0,9,11,2462.79
13786,0.9535745108164436,-0.3690702464285427,-0.6187308350265097,1,367,1,230.4
13787,0.1924790972569085,0.0,-0.4424112542936172,0,75,2,309.04
13790,-1.1205877535282016,-0.3690702464285427,-0.3696903241028377,1,4,1,348.8
13791,0.4440128715150607,0.0,0.5145358480049637,0,127,2,1516.0
13792,0.1316625130805325,0.0,-0.7171087873843224,0,66,2,195.55
13798,-1.562712108492176,2.69597450568212,2.442160755462988,-1,1,57,37153.85
13799,0.40065581226469,0.0,0.0396139761739519,0,116,2,688.8599999999999
13800,0.8708179917918428,-0.3690702464285427,-0.0868108119136324,1,309,1,558.32
13801,0.1316625130805325,-0.3690702464285427,-0.4125283667887836,1,66,1,324.8
13802,0.483793208478914,0.2618595071429148,1.1831698363937582,0,138,3,4599.42
13803,0.7784670348496002,-0.3690702464285427,-0.5080012562159433,1,255,1,277.07
13804,-0.2402146898412107,0.8927892607143721,0.8367876616406038,0,30,7,2588.39
13805,0.0185605714510143,0.0,0.2167773197752017,0,52,2,924.6
13806,0.1095587081805211,-0.3690702464285427,-0.554600952405252,1,63,1,256.38
13807,0.9535745108164436,-0.3690702464285427,-1.047524494043454,1,367,1,112.6
13808,-1.0326148013968623,0.6309297535714574,0.6001874322348686,0,5,5,1747.66
13819,0.8582024924755586,0.2618595071429148,0.3430562306252968,0,301,3,1140.35
13821,0.504184215692284,0.0,-0.3093413149930543,0,144,2,385.64
13822,-1.0326148013968623,0.0,-0.012228516029888,0,5,2,632.0
13823,-0.4764292294121705,0.0,0.2379283644582964,0,18,2,957.66
13824,-0.2100476571070129,0.6309297535714574,0.5831572779192318,0,32,5,1698.94
13826,0.6004054945386567,-0.3690702464285427,-0.7359517379616146,1,176,1,189.5
13827,0.0620598607283094,0.2618595071429148,-0.2728106919808977,0,57,3,409.8
13828,-0.3842421425217144,-0.3690702464285427,-0.6758115696525169,1,22,1,209.49
13831,-0.5300973070953137,0.7712437491614222,0.7384193314156592,0,16,6,2198.45
13832,-0.4516794268591226,-0.3690702464285427,-1.504741578357152,1,19,1,52.2
13833,0.5516830631444957,-0.3690702464285427,-0.3121380334026283,1,159,1,383.85
13835,-0.3250846385913979,0.4649735207179271,0.1551050501918684,0,25,4,834.5699999999999
13837,0.6874688981200932,0.0,-0.5311548177445842,0,211,2,266.59000000000003
13838,-1.0326148013968623,0.4649735207179271,0.0272214829107989,0,5,4,674.8199999999999
13841,0.7727791651026745,-0.3690702464285427,-1.215275427598262,1,252,1,85.0
13842,0.0703081874433432,1.0959032742893848,0.9985561788414196,0,58,9,3385.62
13844,-0.6981606380623229,-0.3690702464285427,-0.3479971032096576,1,11,1,361.62
13845,0.1170397163725763,-0.3690702464285427,-0.4348004822205045,1,64,1,312.98
13846,-0.3440092352296877,0.2618595071429148,0.1767055602940187,0,24,3,865.06
13848,0.2898826172541031,0.2618595071429148,0.4007460618124546,0,92,3,1255.0
13849,0.0093695247431415,0.0,0.5231939157804679,0,51,2,1537.9499999999998
13850,0.4514938797071159,-0.3690702464285427,0.5453132087388536,1,129,1,1595.48
13851,0.3052018519412955,0.2618595071429148,0.8512915494844769,0,95,3,2651.46
13853,0.0620598607283094,-0.3690702464285427,0.315941882164254,1,57,1,1090.14
13854,-0.836971657636088,1.9656472730442505,1.524904717750343,0,8,25,8109.52
13856,0.5780886679748406,0.2618595071429148,-0.3048995746726601,0,168,3,388.5
13858,0.0620598607283094,-0.3690702464285427,-0.6569820870560078,1,57,1,216.17
13859,0.8965784609058102,-0.3690702464285427,-0.700147468183613,1,326,1,201.16
13860,-1.562712108492176,0.6309297535714574,0.3963635303792202,0,1,5,1245.9
13862,-0.4764292294121705,1.0000000000000002,0.7414014917594972,0,18,8,2209.36
13863,0.7631478001624079,-0.3690702464285427,-0.448781972989483,1,247,1,305.78
13865,0.0703081874433432,0.4649735207179271,-0.1513028803714583,0,58,4,501.56
13866,0.1860880718656259,-0.3690702464285427,-0.8935357557038578,1,74,1,145.67000000000002
13867,-0.2248954551540181,0.2618595071429148,0.2670325495773984,0,31,3,1005.09
13868,-0.8938037818230972,0.0,0.9631767549278446,0,7,2,3192.54
13869,0.4286936368278683,0.4649735207179271,0.942268281322892,0,123,4,3083.65
13870,-1.3670689647314018,1.0000000000000002,0.8778461020359252,0,2,8,2770.94
13871,-0.3842421425217144,1.4021735027328797,1.3825488381683555,0,22,13,6403.25
13873,0.4128720435707305,0.2618595071429148,-0.3031998916865124,0,119,3,389.6
13874,0.9416271652029824,-0.3690702464285427,-0.1063808358167993,1,358,1,540.45
13875,0.0275798127937651,0.6309297535714574,0.6135252654405889,0,53,5,1786.79
13876,0.1095587081805211,-0.3690702464285427,-0.996189759500771,1,63,1,122.7
13877,0.2577030044890838,-0.3690702464285427,-1.0233969653695043,1,86,1,117.24
13878,0.0364335540961874,-0.3690702464285427,0.4086451866284142,1,54,1,1271.57
13880,-0.405690800867787,1.4021735027328797,0.9682938741667602,0,21,13,3219.77
13881,-1.2282579451576368,1.7712437491614224,1.976591684858518,0,3,20,17159.52
13882,-1.3670689647314018,0.6309297535714574,0.3692913119564645,0,2,5,1191.13
13883,-0.7401449642023266,0.6309297535714574,0.8564995848942073,0,10,5,2674.48
13884,-0.8938037818230972,0.6309297535714574,0.1202363769242595,0,7,5,787.6
13885,0.634603452220883,0.0,-0.1450513798946695,0,189,2,506.8
13886,0.1663908323675303,-0.3690702464285427,-0.585394229720899,1,71,1,243.56
13887,0.6712678196976245,-0.3690702464285427,-0.3683994867368728,1,204,1,349.55
13888,0.4128720435707305,0.0,-0.047851349612011,0,119,2,595.6700000000001
13889,0.2898826172541031,-0.3690702464285427,-0.2624831523876083,1,92,1,416.9
13890,-1.562712108492176,1.1826583386441385,0.6453755949873091,0,1,10,1883.81
13892,-0.3068743505407743,0.4649735207179271,-0.0113056668733525,0,26,4,632.9699999999999
13893,0.8517688589900415,-0.3690702464285427,0.1453100531539522,1,297,1,821.1
13894,-0.3637064747277833,0.2618595071429148,-0.0800602338717007,0,23,3,564.62
13895,-0.2723943026062298,0.4649735207179271,0.8378759687134351,0,28,4,2593.07
13897,0.0,-0.3690702464285427,-0.4383041780339805,1,50,1,311.16
13898,0.8951006179041536,-0.3690702464285427,-0.8527849463733165,1,325,1,155.93
13899,-0.5300973070953137,0.0,-0.3048686285230921,0,16,2,388.52
13900,0.6191203474819041,0.2618595071429148,0.0834858223717761,0,183,3,740.95
13901,0.1730463222010854,0.6309297535714574,0.8984203219550283,0,72,5,2867.2000000000003
13904,-0.141975066077631,0.0,-0.398197037627135,0,37,2,332.64
13908,0.2172288998099561,0.4649735207179271,0.7835697818790799,0,79,4,2369.55
13911,0.0620598607283094,1.0959032742893848,0.8350441397688907,0,57,9,2580.91
13914,-0.6981606380623229,0.0,-0.0175360819803463,0,11,2,626.45
13917,-0.0095550718951481,0.0,-0.5190031382855882,0,49,2,272.04
13918,-0.0095550718951481,0.0,0.3801682495071092,0,49,2,1212.84
13922,0.9321258524703706,-0.3690702464285427,-0.7931571621506466,1,351,1,172.25
13923,0.0275798127937651,-0.3690702464285427,-0.3656891362291971,1,53,1,351.13
13924,-1.562712108492176,0.7712437491614222,0.6308248243787022,0,1,6,1838.85
13925,0.2898826172541031,0.4649735207179271,0.0302725977148391,0,92,4,678.25
13926,-0.3637064747277833,-0.3690702464285427,-0.6360367072650104,1,23,1,223.85
13927,0.1860880718656259,-0.3690702464285427,-0.3693630503989791,1,74,1,348.99
13928,-0.7401449642023266,0.4649735207179271,-0.1973802151645623,0,10,4,464.5700000000001
13929,0.5809353745377399,0.0,0.1609051083244855,0,169,2,842.65
13930,0.0620598607283094,0.0,-0.389766139831834,0,57,2,337.34
13931,0.3052018519412955,0.0,0.3923042336793041,0,95,2,1237.5300000000002
13932,0.8468867057418573,-0.3690702464285427,-0.4456077382325645,1,294,1,307.4
13933,0.370887717430727,0.0,-0.0347425398632804,0,109,2,608.79
13934,0.7933148328966054,-0.3690702464285427,0.2151472767634565,1,263,1,922.1
13936,0.6085151873315049,-0.3690702464285427,-0.3236320767114746,1,179,1,376.58
13937,0.5809353745377399,-0.3690702464285427,-0.8416737037801064,1,169,1,158.85
13938,-0.1680633309670091,-0.3690702464285427,-1.316862898215538,1,35,1,71.66
13939,-0.3637064747277833,0.2618595071429148,-0.0758871355962102,0,23,3,568.55
13940,-0.5025174943015487,0.4649735207179271,0.1583923827983765,0,17,4,839.14
13941,-0.405690800867787,0.6309297535714574,1.2469505641379466,0,21,5,5112.96
13946,0.2172288998099561,0.2618595071429148,-0.083318930141651,0,79,3,561.57
13947,0.1244065062275264,-0.3690702464285427,-1.1772552369486815,1,65,1,90.6
13948,0.9443078130023744,-0.3690702464285427,-1.1065608725587122,1,360,1,102.0
13949,-1.3670689647314018,0.7712437491614222,0.7980811912873433,0,2,6,2427.32
13950,-0.6981606380623229,0.4649735207179271,0.0868151942621642,0,11,4,745.06
13951,0.6004054945386567,0.2618595071429148,0.0268914290387959,0,176,3,674.45
13952,0.7009353171450358,0.0,0.97412284511522,0,217,2,3251.071
13953,-0.8938037818230972,0.8927892607143721,1.0212686101879396,0,7,7,3515.68
13954,-1.562712108492176,0.0,-0.230166047875256,0,1,2,439.92
13955,0.5363638284573033,0.0,-0.4159417986963807,0,154,2,322.96
13956,-1.0326148013968623,0.6309297535714574,0.2754676828369362,0,5,5,1019.27
13959,0.2172288998099561,0.2618595071429148,-0.0495000529743125,0,79,3,594.04
13960,-0.405690800867787,0.0,-0.6191998355795096,0,21,2,230.22
13962,-0.405690800867787,0.0,-0.8026237191155027,0,21,2,169.55
13963,0.8692589747236188,0.4649735207179271,0.0179834076012993,0,308,4,664.54
13967,0.507500485535625,-0.3690702464285427,-1.2461894722264335,1,145,1,80.7
13969,-0.8938037818230972,1.680143859246375,1.5893055578329849,0,7,18,9024.17
13971,-0.4764292294121705,1.0000000000000002,0.8750828157338569,0,18,8,2758.26
13972,0.1596422557462171,0.0,-0.7335835944991327,0,70,2,190.25
13973,0.8352991590366093,-0.3690702464285427,-0.5354267604013456,1,287,1,264.7
13974,-0.0095550718951481,-0.3690702464285427,-0.2672758109369607,1,49,1,413.59
13975,-0.2248954551540181,0.7712437491614222,0.8064416373297755,0,31,6,2461.24
13976,0.6759524716689128,-0.3690702464285427,-0.3540775259532486,1,206,1,357.98
13978,-0.5904904464328878,0.0,-0.7133184530760326,0,14,2,196.79
13979,0.1796112583395553,-0.3690702464285427,0.1800435815839649,1,73,1,869.87
13980,0.0863935223647938,-0.3690702464285427,-0.7031960517751946,1,60,1,200.14
13982,-0.1172252635245831,0.4649735207179271,0.6415261767833864,0,39,4,1871.81
13983,-0.2560362830983483,1.3347175194727927,0.8402781595949222,0,29,12,2603.43
13984,-0.3068743505407743,0.6309297535714574,0.2141082711230035,0,26,5,920.51
13985,-1.1205877535282016,1.5237190142858297,1.441397625761062,0,4,15,7060.13
13986,-0.5025174943015487,-0.3690702464285427,-0.4206108107349322,1,17,1,320.46
13988,-0.4516794268591226,0.7712437491614222,1.120917865316976,0,19,6,4147.96
13989,0.1244065062275264,0.0,0.4060394868009427,0,65,2,1266.08
13990,0.6919995920920387,-0.3690702464285427,-0.4380339386449969,1,213,1,311.3
13991,-0.6595388019259375,0.7712437491614222,0.1681693229158684,0,12,6,852.88
13992,-0.2402146898412107,-0.3690702464285427,-1.2756686743518664,1,30,1,76.8
13993,-0.0823294332611252,1.0959032742893848,1.012756273334121,0,42,9,3466.36
13994,-1.2282579451576368,0.7712437491614222,0.7588109602206169,0,3,6,2274.14
13995,-0.5593496184885577,0.6309297535714574,0.4638720546738334,0,15,5,1393.69
13999,-0.7401449642023266,1.3347175194727927,1.084056700001305,0,10,12,3901.81
14000,0.6874688981200932,-0.3690702464285427,-0.0087537938790887,1,211,1,635.66
14001,-0.0497879791871749,0.2618595071429148,0.6942664249942803,0,45,3,2043.08
14002,0.4697041677577397,0.0,-0.1184330485236015,0,134,2,529.73
14004,-0.0712366375332477,0.8927892607143721,1.1809675035301488,0,43,7,4582.64
14005,-0.786133590193662,0.6309297535714574,0.899998423475425,0,9,5,2874.7200000000003
14006,0.396514024062849,0.2618595071429148,0.2407695837203107,0,115,3,962.19
14009,0.6569346263371555,0.0,0.0454824065883449,0,198,2,695.61
14012,0.8182473718134535,-0.3690702464285427,-0.4051738919325109,1,277,1,328.8
14013,0.3752544021003293,0.2618595071429148,-0.186539566641334,0,110,3,473.02
14014,0.2050126685039157,-0.3690702464285427,-0.1469771800932756,1,77,1,505.18
14015,0.0185605714510143,-0.3690702464285427,0.2120314336710785,1,52,1,917.34
14019,-0.0394109047715109,0.2618595071429148,0.4758180342795531,0,46,3,1421.61
14020,-0.5300973070953137,0.0,-0.0020323600280355,0,16,2,642.8
14021,0.5394668318384552,0.2618595071429148,-0.0123237355159499,0,155,3,631.9
14022,0.7183251401742233,-0.3690702464285427,-0.2300567061231825,1,225,1,440.0
14023,-0.8938037818230972,0.0,-0.0596838147792319,0,7,2,584.0699999999999
14024,0.4208476856993334,0.0,-0.4071874425050503,0,121,2,327.7
14027,0.0863935223647938,-0.3690702464285427,-1.09028183774913,1,60,1,104.82
14029,0.1095587081805211,0.0,-0.1933933505707837,0,63,2,467.66
14030,-0.4764292294121705,1.0000000000000002,0.7808406878637771,0,18,8,2358.84
14031,-0.8938037818230972,1.726833027860842,1.9810474598589185,0,7,19,17286.86
14032,-1.3670689647314018,1.261859507142915,0.9207763851981028,0,2,11,2975.59
14034,-0.3842421425217144,0.2618595071429148,0.0036419820222012,0,22,3,648.89
14035,-0.2723943026062298,0.6309297535714574,0.4785275446529652,0,28,5,1428.02
14036,0.8302465959816574,-0.3690702464285427,-0.0173440043002,1,284,1,626.65
14037,0.6004054945386567,0.0,-0.8872812935256996,0,176,2,147.2
14038,0.2111594441492347,0.2618595071429148,0.5319146722782382,0,78,3,1560.38
14039,-0.1956431437607741,-0.3690702464285427,-0.8672830509086676,1,33,1,152.2
14040,-0.1053106986008894,1.3347175194727927,1.0288709034379944,0,40,12,3560.32
14041,0.7987670418999716,-0.3690702464285427,-0.9113000608816284,1,266,1,141.41
14044,-0.3068743505407743,0.4649735207179271,0.0013470018152331,0,26,4,646.42
14045,0.370887717430727,0.4649735207179271,0.5691003075643358,0,109,4,1659.75
14046,0.8302465959816574,-0.3690702464285427,-0.8564058842214791,1,284,1,154.99
14047,-0.836971657636088,0.6309297535714574,0.4259369580918148,0,8,5,1308.61
14048,0.8645514704298531,-0.3690702464285427,-0.2726199969197348,1,305,1,409.93
14049,-0.5300973070953137,0.4649735207179271,1.2994839125010054,0,16,4,5578.719999999999
14050,-0.2248954551540181,0.0,0.0878644629935432,0,31,2,746.36
14051,-1.8971662718267155,1.8927892607143728,1.9195706457155923,0,0,23,15610.39
14052,-0.4516794268591226,-0.3690702464285427,-0.6320028076685823,1,19,1,225.36
14053,0.4325692830688266,0.0,-0.5456062536438788,0,124,2,260.25
14054,0.1244065062275264,-0.3690702464285427,-1.1651397676058644,1,65,1,92.46
14055,0.3575454287574991,-0.3690702464285427,0.0709192860786864,1,106,1,725.6400000000001
14056,-1.562712108492176,1.8927892607143728,1.528105646076506,0,1,23,8152.71
14057,-0.3637064747277833,1.6309297535714573,1.36424347080724,0,23,17,6211.66
14059,0.7987670418999716,-0.3690702464285427,-0.7549129458165066,1,266,1,183.6
14060,-1.1205877535282016,1.726833027860842,1.357292530684407,0,4,19,6140.42
14062,-0.786133590193662,1.3347175194727927,1.6785643456050523,0,9,12,10464.85
14064,-0.2560362830983483,0.6309297535714574,0.4376632648709549,0,29,5,1334.34
14066,0.7987670418999716,-0.3690702464285427,-0.8659077146474659,1,266,1,152.55
14067,0.1095587081805211,0.0,-0.3266404210609789,0,63,2,374.7
14068,0.887642735852813,-0.3690702464285427,-0.5328238251897339,1,320,1,265.85
14071,-1.2282579451576368,1.0000000000000002,0.4825418754016114,0,3,8,1437.57
14073,-0.2100476571070129,-0.3690702464285427,-0.8718638776623745,1,32,1,151.04
14075,-1.1205877535282016,0.2618595071429148,0.2281680637326708,0,4,3,942.26
14076,0.4514938797071159,-0.3690702464285427,-1.0161517082435745,1,129,1,118.67
14077,-0.1053106986008894,0.6309297535714574,-0.1538747407709655,0,40,5,499.42
14078,0.3344541633345393,0.7712437491614222,0.2929910564924344,0,101,6,1049.37
14079,0.4325692830688266,-0.3690702464285427,-0.3259990890124042,1,124,1,375.1
14080,-0.2100476571070129,-0.3690702464285427,-1.5845728330346285,1,32,1,45.6
14081,0.859797586036773,0.0,0.2148338033875441,0,302,2,921.62
14082,0.9496248404995996,-0.3690702464285427,-0.7593366918879773,1,364,1,182.25
14083,-1.1205877535282016,1.0959032742893848,0.2657192142636397,0,4,9,1002.9
14085,-1.3670689647314018,1.680143859246375,1.159369574580479,0,2,18,4421.29
14087,-1.3670689647314018,-0.3690702464285427,-0.7297511833908983,1,2,1,191.47
14088,-0.7401449642023266,1.4021735027328797,2.6270283907074403,-1,10,13,50491.81
14089,0.0536680776831433,-0.3690702464285427,-0.8420508575694969,1,56,1,158.75
14090,0.8936182346710904,-0.3690702464285427,-1.279398599010446,1,324,1,76.32000000000001
14092,-0.8938037818230972,1.4649735207179273,1.110507511804556,0,7,14,4076.91
14093,-0.6595388019259375,-0.3690702464285427,-0.2385068873818127,1,12,1,433.86
14096,-1.1205877535282016,1.6309297535714573,2.780777275276067,-1,4,17,65164.79
14098,-0.1548429049949843,-0.3690702464285427,-0.886671590149698,1,36,1,147.35
14099,-0.5300973070953137,1.261859507142915,0.9462642875795696,0,16,11,3104.17
14100,0.4803093279081389,-0.3690702464285427,-0.7282500045068862,1,137,1,191.95
14101,0.1796112583395553,0.7712437491614222,1.3410168094179098,0,73,6,5976.79
14102,-1.0326148013968623,0.6309297535714574,0.3245737691162265,0,5,5,1105.88
14104,0.5363638284573033,0.0,-0.6568710889921041,0,154,2,216.21
14105,0.7473262069052701,-0.3690702464285427,0.4061108306858439,1,239,1,1266.23
14107,0.0093695247431415,0.8927892607143721,0.8629414014096197,0,51,7,2703.23
14108,-0.2402146898412107,0.0,-0.0455929795024502,0,30,2,597.91
14109,0.1730463222010854,-0.3690702464285427,-0.8996067074483484,1,72,1,144.2
14110,-1.2282579451576368,1.3347175194727927,1.31065962766596,0,3,12,5683.150000000001
14111,-0.5904904464328878,0.4649735207179271,0.0430897719560468,0,14,4,692.85
14112,-0.3842421425217144,0.8927892607143721,0.9084127085554954,0,22,7,2915.15
14113,-1.2282579451576368,0.4649735207179271,0.6313389002723694,0,3,4,1840.42
14114,0.8112542731361055,0.0,-0.307955583484093,0,273,2,386.53
14116,-0.4516794268591226,0.6309297535714574,0.4591215238525336,0,19,5,1382.74
14117,0.5008449957020699,-0.3690702464285427,-1.181215985502033,1,143,1,90.0
14121,-1.2282579451576368,0.4649735207179271,0.8798452758206528,0,3,4,2780.15
14124,0.2464812112032003,-0.3690702464285427,-0.2586304204147519,1,84,1,419.58
14125,-0.7401449642023266,0.2618595071429148,0.8668069166096292,0,10,3,2720.63
14126,-0.8938037818230972,0.2618595071429148,0.0545160392604836,0,7,3,706.1300000000001
14127,0.4247866084944239,0.2618595071429148,0.0575595998870838,0,122,3,709.71
14128,0.0863935223647938,0.0,-0.007014477144734,0,60,2,637.5
14129,-1.562712108492176,0.6309297535714574,0.33428514398197,0,1,5,1123.86
14130,0.8861372264790353,-0.3690702464285427,-0.176590416008849,1,319,1,480.91
14132,-1.3670689647314018,1.261859507142915,1.0332062455355486,0,2,11,3586.03
14133,0.4514938797071159,0.2618595071429148,-0.0378639413599318,0,129,3,605.64
14135,-1.562712108492176,1.5237190142858297,1.1949610526927323,0,1,15,4690.31
14138,-1.562712108492176,0.0,0.2430740962142985,0,1,2,965.88
14139,-0.0394109047715109,-0.3690702464285427,-0.264042735092838,1,46,1,415.82
14140,-1.2282579451576368,0.0,0.2235435699185228,0,3,2,935.05
14141,-1.3670689647314018,0.4649735207179271,0.2105792983072625,0,2,4,915.13
14142,0.9613781638636149,-0.3690702464285427,-0.4370505185959028,1,373,1,311.81
14143,0.466116676415072,-0.3690702464285427,-1.0307819803326224,1,133,1,115.8
14145,-0.0394109047715109,0.4649735207179271,1.0588907364627993,0,46,4,3742.2
14146,-0.836971657636088,0.6309297535714574,1.12713779264904,0,8,5,4191.0
14147,0.2111594441492347,0.0,-0.1734843615467497,0,78,2,483.4
14148,0.7351099755992296,-0.3690702464285427,-0.8479271248498618,1,233,1,157.2
14149,0.7075301628054642,-0.3690702464285427,-0.2210767301978104,1,220,1,446.62
14150,-0.1680633309670091,0.0,0.0126167332829025,0,35,2,658.6400000000001
14152,0.1924790972569085,0.0,-0.0225129684186651,0,75,2,621.29
14154,0.7473262069052701,0.0,0.4427329921348665,0,239,2,1345.62
14155,0.7987670418999716,-0.3690702464285427,-1.015748940382438,1,266,1,118.75
14157,-0.4516794268591226,0.0,-0.2510688172930991,0,19,2,424.89
14158,-0.1053106986008894,-0.3690702464285427,-0.1440315364843126,1,40,1,507.66
14159,-0.4516794268591226,1.261859507142915,1.187208352331221,0,19,11,4630.35
14161,0.6964881394628443,0.2618595071429148,0.3200593669278158,0,215,3,1097.62
14162,0.5921571678236234,0.0,-0.4819356511559339,0,173,2,289.36
14163,0.263217525801292,0.4649735207179271,0.8026775256844235,0,87,4,2445.91
14164,0.1596422557462171,0.0,0.558859762204554,0,70,2,1631.77
14165,0.814763491242678,-0.3690702464285427,-1.0073027717752543,1,275,1,120.44
14167,-0.1172252635245831,0.4649735207179271,-0.0822271745499137,0,39,4,562.59
14171,0.3200496499883007,-0.3690702464285427,-0.3444012083324185,1,98,1,363.79
14173,-0.7401449642023266,0.4649735207179271,-0.2154213863542304,0,10,4,450.84
14174,-0.1956431437607741,-0.3690702464285427,-0.9414550351917864,1,33,1,134.46
14175,0.0784178802361909,0.2618595071429148,0.9687671186131616,0,59,3,3222.3
14176,0.8517688589900415,0.4649735207179271,-0.0671153985656939,0,297,4,576.9000000000001
14177,0.2577030044890838,0.4649735207179271,-0.0964342728383307,0,86,4,549.46
14178,-0.836971657636088,0.8927892607143721,0.5471150241727105,0,8,7,1600.26
14179,-0.1053106986008894,0.0,0.0506169346272812,0,40,2,701.57
14180,-0.7401449642023266,1.9656472730442505,1.2023932658617362,0,10,25,4748.52
14184,0.1316625130805325,-0.3690702464285427,-0.2126931557156641,1,66,1,452.89
14185,0.9039005340781971,-0.3690702464285427,-0.710703602375722,1,331,1,197.65
14188,-0.2402146898412107,0.7712437491614222,0.6975831609080031,0,30,6,2054.36
14189,-1.3670689647314018,1.5237190142858297,1.1902885254482178,0,2,15,4654.08
14191,-1.562712108492176,1.4021735027328797,1.194247623119497,0,1,13,4684.76
14193,0.1388110195737654,0.0,0.168529187333529,0,67,2,853.39
14194,-1.1205877535282016,1.813588092215596,1.7274703584273448,0,4,21,11349.52
14195,0.6641544422759992,0.0,0.2711577903080698,0,201,2,1012.0
14196,0.3575454287574991,-0.3690702464285427,-0.3930168929313993,1,106,1,335.52
14198,-0.4764292294121705,0.4649735207179271,0.0504710844018928,0,18,4,701.4000000000001
14199,0.7031436292963993,-0.3690702464285427,-0.7490646782329172,1,218,1,185.4
14201,0.0863935223647938,0.8927892607143721,0.0887347761206306,0,60,7,747.44
14204,-1.3670689647314018,-0.3690702464285427,-0.8735708272399687,1,2,1,150.61
14205,-0.5300973070953137,0.0,-0.1946291664302158,0,16,2,466.7000000000001
14206,0.7473262069052701,-0.3690702464285427,-0.4063445937419666,1,239,1,328.16
14208,0.3001492888863435,-0.3690702464285427,-0.8690954220100297,1,94,1,151.74
14209,-0.7401449642023266,0.7712437491614222,0.7031492614082948,0,10,6,2073.4300000000003
14210,0.3530147347855537,0.7712437491614222,0.6523791150093454,0,105,6,1905.84
14211,0.0275798127937651,1.0959032742893848,0.7499943863573257,0,53,9,2241.1
14212,0.2740610239969653,-0.3690702464285427,0.3049836500642572,1,89,1,1070.48
14214,-0.2402146898412107,0.6309297535714574,0.266607078503832,0,30,5,1004.38
14215,-0.6981606380623229,0.7712437491614222,0.6145122053571697,0,11,6,1789.72
14216,-1.2282579451576368,0.4649735207179271,0.6309722158070147,0,3,4,1839.3
14217,-1.562712108492176,1.6309297535714573,0.6829267250692701,0,1,17,2004.98
14218,-0.0823294332611252,-0.3690702464285427,-0.8028711367743419,1,42,1,169.48000000000002
14219,-1.1205877535282016,-0.3690702464285427,-1.1816134957302131,1,4,1,89.94
14220,0.7631478001624079,0.0,-0.0118477884519851,0,247,2,632.4000000000001
14221,-0.0823294332611252,1.0959032742893848,1.0068945068791049,0,42,9,3432.8
14222,0.6031238981391972,-0.3690702464285427,0.0346223303152943,1,177,1,683.17
14223,0.2898826172541031,0.2618595071429148,0.2586113411853226,0,92,3,991.13
14224,0.3752544021003293,0.4649735207179271,0.2698057217870752,0,110,4,1009.73
14226,-0.2723943026062298,0.6309297535714574,0.7428802567209543,0,28,5,2214.79
14227,-0.3068743505407743,1.1826583386441385,0.9923562139292056,0,26,10,3350.96
14229,0.0093695247431415,0.2618595071429148,0.5268056063296136,0,51,3,1547.1999999999998
14231,0.6191203474819041,0.2618595071429148,0.2174996480105305,0,183,3,925.71
14232,-0.0823294332611252,0.6309297535714574,0.6957359207378718,0,42,5,2048.07
14233,-0.0095550718951481,0.4649735207179271,0.492987472898601,0,49,4,1462.72
14234,-0.3842421425217144,0.4649735207179271,0.0940900759212101,0,22,4,754.12
14235,0.1924790972569085,0.6309297535714574,0.9541106338944954,0,75,5,3144.86
14236,0.2232229565545395,0.0,-0.1642733565638031,0,80,2,490.86
14237,0.9613781638636149,-0.3690702464285427,-0.8336214651167387,1,373,1,161.0
14238,0.8965784609058102,-0.3690702464285427,-0.8887063379830429,1,326,1,146.85
14239,-0.0712366375332477,1.261859507142915,0.7864358829854501,0,43,11,2380.85
14240,-0.2402146898412107,0.0,0.1940460611670436,0,30,2,890.34
14241,0.6191203474819041,-0.3690702464285427,-0.6638761284073073,1,183,1,213.7
14242,0.737167613527003,0.0,-0.5005054759505382,0,234,2,280.54999999999995
14243,-0.836971657636088,1.1826583386441385,0.8368761017969254,0,8,10,2588.77
14245,0.7053418807652665,0.0,0.5812077196689623,0,219,2,1693.45
14246,0.3752544021003293,0.2618595071429148,0.4976387623492078,0,110,3,1474.06
14247,0.8199799243494166,-0.3690702464285427,-0.9312639794390852,1,278,1,136.76999999999998
14248,0.8846270050181589,-0.3690702464285427,-0.4551016244260091,1,318,1,302.58
14250,-0.8938037818230972,0.2618595071429148,0.651813086983176,0,7,3,1904.05
14251,-1.562712108492176,0.6309297535714574,0.9010412263261398,0,1,5,2879.7
14256,0.7878003115843977,0.0,0.245053054201365,0,260,2,969.06
14257,0.1170397163725763,0.6309297535714574,0.9453999542820484,0,64,5,3099.7200000000003
14258,-0.786133590193662,1.0959032742893848,1.793797054984711,0,9,9,12669.98
14259,0.4940964190807566,-0.3690702464285427,-1.0094904029821268,1,141,1,120.0
14261,0.0,0.0,0.3551324253423528,0,50,2,1163.45
14262,-0.836971657636088,1.0000000000000002,0.8436933365234555,0,8,8,2618.23
14264,0.5363638284573033,0.0,-0.3957992838817535,0,154,2,333.97
14267,0.5606464545696141,0.2618595071429148,0.514631190507131,0,162,3,1516.24
14270,0.9039005340781971,-0.3690702464285427,-0.1620839939122036,1,331,1,492.65
14271,0.7183251401742233,-0.3690702464285427,-1.0490118355881646,1,225,1,112.32
14272,0.1796112583395553,0.0,-0.2328511361963863,0,73,2,437.96
14273,0.0093695247431415,0.4649735207179271,-0.0850354821631335,0,51,4,559.97
14276,0.3200496499883007,0.2618595071429148,0.3320736256906141,0,98,3,1119.74
14280,0.6520606923420712,-0.3690702464285427,-0.9433266117717776,1,196,1,134.04
14282,-1.2282579451576368,1.5237190142858297,1.0522919859044857,0,3,15,3701.44
14284,-0.2402146898412107,0.0,-0.048275737734409,0,30,2,595.25
14285,-0.405690800867787,0.4649735207179271,0.6536956808972687,0,21,4,1910.01
14286,-0.3637064747277833,0.2618595071429148,1.1870001034651387,0,23,3,4628.75
14287,-0.836971657636088,0.2618595071429148,-0.778109699036944,0,8,3,176.63
14288,0.6919995920920387,-0.3690702464285427,-0.248653781974147,1,213,1,426.6
14289,-0.836971657636088,0.7712437491614222,0.2080279602441645,0,8,6,911.26
14290,-0.6981606380623229,0.6309297535714574,0.7694477682423679,0,11,5,2314.65
14291,-1.562712108492176,1.261859507142915,1.081183733876015,0,1,11,3883.25
14292,-0.8938037818230972,1.0959032742893848,1.2178534169824484,0,7,9,4871.93
14293,-1.2282579451576368,0.4649735207179271,0.2913765461986628,0,3,4,1046.56
14295,-0.1053106986008894,-0.3690702464285427,-0.8145798021820491,1,40,1,166.20000000000002
14297,-0.5025174943015487,0.4649735207179271,0.4244255855608677,0,17,4,1305.33
14298,-0.836971657636088,2.464973520717927,2.639263166378301,-1,8,44,51527.3
14299,-0.836971657636088,1.0959032742893848,1.0938308774321353,0,8,9,3965.62
14300,-0.4764292294121705,-0.3690702464285427,-1.6164406118169392,1,18,1,43.2
14301,0.4047623507778827,-0.3690702464285427,-0.0045276707931561,1,117,1,640.14
14304,0.7118771774576228,-0.3690702464285427,-0.3127647764574473,1,222,1,383.45
14305,0.1663908323675303,0.2618595071429148,0.6373766474001805,0,71,3,1858.96
14306,0.0093695247431415,0.0,0.7089004480178264,0,51,2,2093.32
14307,0.2686697348046577,0.7712437491614222,0.9248385318368224,0,88,6,2995.7200000000003
14309,-0.836971657636088,1.0959032742893848,0.7792269859372539,0,8,9,2352.53
14311,0.7533202636498529,-0.3690702464285427,-0.4400443305444086,1,242,1,310.26
14312,-0.0394109047715109,0.7712437491614222,0.551364460615131,0,46,6,1611.59
14314,0.3575454287574991,-0.3690702464285427,-1.0094904029821268,1,106,1,120.0
14315,-0.0603931393375741,0.7712437491614222,0.8112906285210992,0,44,6,2481.13
14317,0.1170397163725763,-0.3690702464285427,-0.1429424483561756,1,64,1,508.58
14320,0.6759524716689128,0.0,-0.1805050716278593,0,206,2,477.79
14321,-0.7401449642023266,0.6309297535714574,0.5203675970583557,0,10,5,1530.75
14323,0.3923363757767996,0.0,-0.0384404421159378,0,114,2,605.06
14326,0.7533202636498529,-0.3690702464285427,-0.7540972849317213,1,242,1,183.85
14327,0.5635976280681896,-0.3690702464285427,-0.4373588698248475,1,163,1,311.65
14329,-0.5025174943015487,0.8927892607143721,1.2304973995470776,0,17,7,4975.24
14331,0.4325692830688266,0.0,-0.1998578425259377,0,124,2,462.66
14332,-0.3842421425217144,0.2618595071429148,0.1591594809568089,0,22,3,840.21
14333,0.1388110195737654,-0.3690702464285427,-0.2649398778869613,1,67,1,415.2
14334,-0.5300973070953137,1.0000000000000002,0.8283072249851421,0,16,8,2552.21
14336,-0.5300973070953137,0.4649735207179271,0.5526040067003731,0,16,4,1614.91
14338,0.5576771198890786,0.0,-0.0554239111500521,0,161,2,588.22
14339,0.7533202636498529,-0.3690702464285427,-0.4414788961304515,1,242,1,309.52
14340,0.7031436292963993,-0.3690702464285427,-0.9403881665212052,1,218,1,134.7
14341,-0.0497879791871749,1.0000000000000002,0.729733657144584,0,45,8,2166.98
14342,-0.405690800867787,0.4649735207179271,0.0216128407520409,0,21,4,668.56
14344,0.4440128715150607,1.0000000000000002,0.1937687702784269,0,127,8,889.9300000000001
14345,-0.1294414948306238,-0.3690702464285427,-1.0670426509642983,1,38,1,108.98
14346,0.4168763434220624,0.0,0.2768306987245753,0,120,2,1021.58
14348,0.7878003115843977,-0.3690702464285427,-0.2731482234292147,1,260,1,409.57
14349,-0.7401449642023266,-0.3690702464285427,-0.9457414961877552,1,10,1,133.5
14350,0.8130120723947015,-0.3690702464285427,-0.4954322114637818,1,274,1,282.93
14351,0.5665308611915009,-0.3690702464285427,-1.518491796101247,1,164,1,51.0
14352,0.5456136074837743,0.4649735207179271,0.3097347492225309,0,157,4,1078.96
14353,0.6964881394628443,-0.3690702464285427,-1.1772552369486815,1,215,1,90.6
14354,-1.0326148013968623,0.0,-0.8239522089948891,0,5,2,163.62
14355,0.9509449927946468,-0.3690702464285427,-0.7857238986630702,1,365,1,174.4
14356,0.2172288998099561,0.0,0.0503251988724897,0,79,2,701.23
14357,-0.0712366375332477,-0.3690702464285427,-0.6326421553973268,1,43,1,225.12
14359,-0.4516794268591226,0.2618595071429148,0.2086354591965941,0,19,3,912.18
14360,-0.2248954551540181,0.4649735207179271,0.7159697318586258,0,31,4,2118.03
14362,-0.3842421425217144,-0.3690702464285427,-0.8700431749021411,1,22,1,151.5
14364,0.3664811538104963,1.0000000000000002,1.0548763038028146,0,108,8,3717.35
14367,-0.836971657636088,1.578901923162566,1.6027539342858663,0,8,16,9227.82
14368,0.8861372264790353,-0.3690702464285427,-0.8563672488975274,1,319,1,155.0
14371,0.848519585008634,-0.3690702464285427,-1.1154024746819935,1,295,1,100.5
14373,0.9416271652029824,-0.3690702464285427,-1.2776084627524182,1,358,1,76.55
14375,0.6243367805886427,-0.3690702464285427,-0.6054390348512723,1,185,1,235.56
14377,0.639656015275835,0.0,-0.0266334884592861,0,191,2,617.05
14379,-0.0603931393375741,0.0,-0.3708976051333578,0,44,2,348.1
14381,0.0185605714510143,-0.3690702464285427,-0.6956329022370281,1,52,1,202.68
14382,-0.3068743505407743,-0.3690702464285427,-0.0281566462479946,1,26,1,615.49
14383,-0.1294414948306238,0.2618595071429148,0.3972281102116829,0,38,3,1247.69
14385,-0.786133590193662,0.2618595071429148,-0.6973219040031744,0,9,3,202.11
14386,0.8501469570836147,-0.3690702464285427,-0.9071247891645088,1,296,1,142.4
14387,-0.2100476571070129,0.2618595071429148,0.5932336063247959,0,32,3,1727.6
14388,-0.7401449642023266,1.0000000000000002,0.9669956897099626,0,10,8,3212.84
14389,0.1244065062275264,0.0,0.2895903818709684,0,65,2,1043.46
14390,-0.7401449642023266,1.0959032742893848,1.1887964840396883,0,10,9,4642.57
14393,0.7031436292963993,-0.3690702464285427,-1.3484496240655437,1,218,1,67.95
14395,-1.3670689647314018,1.0959032742893848,1.015106925617969,0,2,9,3479.91
14396,0.1244065062275264,0.0,-0.1678003590986524,0,65,2,487.99
14397,-1.3670689647314018,1.726833027860842,0.8424794740337612,0,2,19,2612.96
14400,0.5205422352001655,-0.3690702464285427,-0.06941415623931,1,149,1,574.7
14401,-1.1205877535282016,1.4021735027328797,1.1067373357563155,0,4,13,4051.48
14403,0.4551913335303976,0.4649735207179271,0.4983533674376262,0,130,4,1475.81
14404,-0.1956431437607741,0.7712437491614222,0.4874445660171621,0,33,6,1449.32
14406,0.4128720435707305,-0.3690702464285427,-0.8496439247516796,1,119,1,156.75
14407,0.3620339761283047,0.7712437491614222,0.7271566843179313,0,107,6,2157.73
14408,-0.7401449642023266,0.8927892607143721,0.8392590935364947,0,10,7,2599.03
14409,0.1663908323675303,0.7712437491614222,0.6990738528976896,0,71,6,2059.4500000000003
14410,0.2898826172541031,1.0959032742893848,0.3215113794123773,0,92,9,1100.27
14411,0.8723719878624252,-0.3690702464285427,0.3007615055153557,1,310,1,1063.0
14412,-0.0823294332611252,0.0,0.1066565640214448,0,42,2,770.03
14413,0.9469736505173758,-0.3690702464285427,-1.0042829949633962,1,362,1,121.05
14414,0.2846661841473646,0.8927892607143721,0.5069315860292948,0,91,7,1496.98
14415,-1.562712108492176,1.4021735027328797,1.328669568423371,0,1,13,5855.57
14416,-0.3842421425217144,0.0,-0.1650580796084993,0,22,2,490.22
14418,-1.2282579451576368,0.2618595071429148,0.6622259422710113,0,3,3,1937.25
14419,-0.7401449642023266,0.7712437491614222,0.2943780309920153,0,10,6,1051.79
14420,0.3248990914393916,-0.3690702464285427,-0.3064178858045929,1,99,1,387.52
14421,0.0620598607283094,0.0,0.1394238340912859,0,57,2,813.11
14422,-1.8971662718267155,0.7712437491614222,1.1374919296259072,-1,0,6,4263.64
14423,0.7031436292963993,-0.3690702464285427,-0.5342936678777505,1,218,1,265.2
14424,-0.5025174943015487,-0.3690702464285427,-0.4175811689192217,1,17,1,322.08
14426,-0.3637064747277833,1.1826583386441385,1.1675427914634589,0,23,10,4481.67
14427,0.0,0.0,-0.3451451396355741,0,50,2,363.34
14428,-0.8938037818230972,0.6309297535714574,0.3857135764832874,0,7,5,1224.06
14431,0.859797586036773,-0.3690702464285427,-0.1899311430398783,1,302,1,470.36
14432,-0.786133590193662,0.7712437491614222,0.7519802813078895,0,9,6,2248.5
14434,-0.405690800867787,0.7712437491614222,0.4547765048856503,0,21,6,1372.8
14436,0.3200496499883007,-0.3690702464285427,-1.1874739698348646,1,98,1,89.06
14437,0.9509449927946468,-0.3690702464285427,-1.3933492669273388,1,365,1,63.0
14438,0.866125747072179,-0.3690702464285427,-0.9529540488114622,1,306,1,131.9
14440,-0.836971657636088,0.6309297535714574,0.7805443566295824,0,8,5,2357.6800000000003
14441,-1.8971662718267155,0.4649735207179271,0.5880828872852544,0,0,4,1712.89
14443,0.0275798127937651,0.4649735207179271,0.4752203885739108,0,53,4,1420.2
14446,-1.8971662718267155,0.4649735207179271,0.270175310416498,0,0,4,1010.35
14447,-0.4764292294121705,0.6309297535714574,0.3550185477960474,0,18,5,1163.23
14448,-0.786133590193662,0.0,-0.3255986027621859,0,9,2,375.35
14449,-0.4764292294121705,0.4649735207179271,0.190968433504156,0,18,4,885.8000000000001
14450,0.6111884094756851,0.2618595071429148,-0.173671020837699,0,180,3,483.25
14451,0.0863935223647938,0.0,-0.001003476547996,0,60,2,643.9
14452,-0.7401449642023266,0.0,-0.5483809759165896,0,10,2,259.05
14453,0.6371363470810009,-0.3690702464285427,-1.0098391685149812,1,190,1,119.93
14456,-1.0326148013968623,1.0959032742893848,0.9291590935896786,0,5,9,3017.28
14457,0.8723719878624252,-0.3690702464285427,-1.042031997169358,1,310,1,113.64
14459,0.5394668318384552,-0.3690702464285427,0.6305201011553353,1,155,1,1837.92
14460,0.3752544021003293,0.2618595071429148,-0.2378420010050874,0,110,3,434.34
14461,0.517314695655502,0.2618595071429148,0.7116968733237472,0,148,3,2103.06
14462,0.1316625130805325,1.261859507142915,0.6755478136873923,0,66,11,1980.57
14463,0.3200496499883007,0.2618595071429148,-0.1185579763818438,0,98,3,529.62
14465,0.7611982404886077,0.2618595071429148,0.2866866740481484,0,246,3,1038.44
14466,-0.2560362830983483,0.8927892607143721,0.7583498524051832,0,29,7,2272.4
14467,-0.5025174943015487,0.4649735207179271,-0.0472556896435812,0,17,4,596.26
14470,-0.6981606380623229,0.0,-0.2017716678671041,0,11,2,461.19
14472,0.3438236880776809,1.0000000000000002,0.6353350144732502,0,103,8,1852.67
14473,0.1860880718656259,0.0,-0.6085553118413312,0,74,2,234.34000000000003
14474,-0.0394109047715109,-0.3690702464285427,-0.0984082995037422,1,46,1,547.66
14475,0.1663908323675303,0.2618595071429148,0.2175906910230786,0,71,3,925.85
14476,0.7822220371687278,-0.3690702464285427,-0.7249791536176744,1,257,1,193.0
14477,-0.4516794268591226,0.4649735207179271,0.4263923909363676,0,19,4,1309.6
14479,0.7746825812311168,0.0,-0.4285561034493556,0,253,2,316.25
14480,-0.6981606380623229,-0.3690702464285427,-0.5037249907420374,1,11,1,279.05
14481,0.5665308611915009,0.0,-0.007949681317336,0,164,2,636.51
14482,-0.4764292294121705,0.7712437491614222,0.6882600371143989,0,18,6,2022.81
14483,0.8251405656583424,-0.3690702464285427,-0.9298220802280666,1,281,1,137.1
14484,0.0,-0.3690702464285427,-0.4178797159151849,1,50,1,321.92
14485,-0.1294414948306238,-0.3690702464285427,-0.82696182016539,1,38,1,162.8
14487,-0.3068743505407743,0.7712437491614222,0.3561821904858326,0,26,6,1165.48
14488,0.1388110195737654,-0.3690702464285427,0.301486112438561,1,67,1,1064.28
14489,0.6782778514122204,-0.3690702464285427,-0.1989226713332656,1,207,1,463.38
14491,0.5976716891358311,0.0,-0.3834048908635324,0,175,2,340.93
14493,-0.8938037818230972,0.6309297535714574,0.7870403337487573,0,7,5,2383.24
14494,-0.3250846385913979,-0.3690702464285427,-0.919180723830842,1,25,1,139.56
14495,0.0,0.0,-0.9908540231666124,0,50,2,123.8
14496,0.8739209951729948,0.0,-0.1082091013674242,0,311,2,538.8100000000001
14497,0.8708179917918428,-0.3690702464285427,-0.1835590460853464,1,309,1,475.37
14498,-0.0823294332611252,0.6309297535714574,0.6684345463028032,0,42,5,1957.32
14499,-0.3068743505407743,0.2618595071429148,0.1359566440836235,0,26,3,808.44
14500,0.2686697348046577,0.2618595071429148,-0.3559776758508708,0,88,3,356.85
14501,0.6191203474819041,0.0,-0.5668304827610253,0,183,2,251.21
14502,-0.4516794268591226,1.261859507142915,0.7987038336800862,0,19,11,2429.83
14503,-1.2282579451576368,0.7712437491614222,1.0259768565708782,0,3,6,3543.26
14504,-0.0292523113932437,0.4649735207179271,0.0258286772603947,0,47,4,673.26
14505,-0.5025174943015487,1.0000000000000002,1.3290666649812377,0,17,8,5859.43
14506,-0.5025174943015487,0.6309297535714574,0.6694585153448671,0,17,5,1960.65
14507,-0.3637064747277833,0.7712437491614222,0.4526142063158546,0,23,6,1367.88
14508,-0.3842421425217144,0.0,-0.5278754047106029,0,22,2,268.05
14511,-0.6981606380623229,0.6309297535714574,0.4287835088974839,0,11,5,1314.81
14512,0.6294974218975681,0.0,-0.5118934613444455,0,187,2,275.28
14513,0.3297002789414596,0.2618595071429148,-0.2091186182042615,0,100,3,455.59
14514,0.0942394734933288,0.2618595071429148,0.2580461267677993,0,61,3,990.2
14515,-0.5025174943015487,0.7712437491614222,0.7041536704559724,0,17,6,2076.89
14517,-0.1956431437607741,0.0,-0.4021661235303397,0,33,2,330.45
14518,0.1170397163725763,-0.3690702464285427,-0.7858269904446787,1,64,1,174.37
14520,-1.562712108492176,0.0,-0.5221901172875454,0,1,2,270.6
14522,-0.3440092352296877,0.4649735207179271,0.2484481605397781,0,24,4,974.54
14523,0.3664811538104963,-0.3690702464285427,-0.5915122256955272,1,108,1,241.09
14524,-0.2248954551540181,1.0959032742893848,0.6324539518316669,0,31,9,1843.83
14525,-0.4516794268591226,1.0959032742893848,1.130707122307762,0,19,9,4215.9
14527,-1.3670689647314018,2.664033009875795,1.5537496602511045,-1,2,55,8507.13
14528,-0.141975066077631,-0.3690702464285427,-0.3436911975754241,1,37,1,364.22
14529,0.0863935223647938,0.2618595071429148,-0.0653346733574039,0,60,3,578.61
14530,-0.3250846385913979,0.7712437491614222,0.8973498156513613,0,25,6,2862.11
14532,0.7412567512445486,0.4649735207179271,0.2221253952241493,0,236,4,932.85
14533,-0.3440092352296877,0.8927892607143721,0.6660910231036374,0,24,7,1949.72
14534,-1.3670689647314018,1.680143859246375,1.15609119742152,0,2,18,4397.3
14535,0.0863935223647938,0.2618595071429148,0.895817516442842,0,60,3,2854.84
14536,0.7859480430416554,-0.3690702464285427,-0.7976965767535983,1,259,1,170.95
14537,0.0620598607283094,-0.3690702464285427,-0.3581542220474181,1,57,1,355.56
14538,0.1170397163725763,0.0,-0.3052865356720062,0,64,2,388.25
14539,-0.5593496184885577,0.0,-0.1096958635836767,0,15,2,537.48
14540,-0.786133590193662,0.2618595071429148,0.2347767313154659,0,9,3,952.66
14541,0.0703081874433432,1.0000000000000002,0.4891169413669567,0,58,8,1453.35
14542,0.6243367805886427,-0.3690702464285427,-1.099290679023798,1,185,1,103.25
14543,-0.2723943026062298,1.578901923162566,1.0355037309215347,0,28,16,3599.73
14544,-0.3440092352296877,0.0,0.6827223861129996,0,24,2,2004.3
14546,-1.0326148013968623,0.6309297535714574,0.833412601507172,0,5,5,2573.93
14547,-1.2282579451576368,1.0000000000000002,1.0952165036297032,0,3,8,3974.75
14548,0.5237483291410191,0.0,0.0072571539612882,0,150,2,652.8
14549,0.8739209951729948,-0.3690702464285427,-0.4821847831205332,1,311,1,289.24
14550,-0.7401449642023266,0.0,0.0966784658702247,0,10,2,757.3700000000001
14551,-0.4764292294121705,0.0,-0.7463869758880549,0,18,2,186.23
14552,0.5269332605914481,-0.3690702464285427,-0.8217595371520092,1,151,1,164.22
14553,-0.4516794268591226,0.6309297535714574,0.1726627663497704,0,19,5,859.27
14554,-0.7401449642023266,0.4649735207179271,0.7602265283280878,0,10,4,2279.49
14555,0.0620598607283094,0.0,-0.4356456645484011,0,57,2,312.54
14557,0.252124730073414,-0.3690702464285427,0.1208322014495304,1,85,1,788.38
14560,-0.8938037818230972,1.854049830200271,0.749098594312651,0,7,22,2237.77
14561,0.1924790972569085,0.2618595071429148,0.3107384364485558,0,75,3,1080.76
14562,-1.2282579451576368,1.680143859246375,1.234304073138766,0,3,18,5006.77
14565,0.3052018519412955,0.4649735207179271,0.945283320070362,0,95,4,3099.12
14567,0.0536680776831433,0.0,0.5202141257313558,0,56,2,1530.36
14569,-1.562712108492176,-0.3690702464285427,-0.6266219507121399,1,1,1,227.39
14570,0.8234264773092309,0.0,-0.6517596378523602,0,280,2,218.06
14572,-1.2282579451576368,0.8927892607143721,0.8851076923236796,0,3,7,2804.54
14573,0.6085151873315049,1.0959032742893848,0.5618238953137473,0,179,9,1639.82
14576,0.960086287957098,-0.3690702464285427,-1.7334568371719736,1,372,1,35.400000000000006
14577,-0.6595388019259375,0.4649735207179271,0.1729709446778393,0,12,4,859.71
14578,-1.2282579451576368,-0.3690702464285427,-0.8058836270980085,1,3,1,168.63
14581,-0.5300973070953137,-0.3690702464285427,-0.923311123108957,1,16,1,138.6
14582,-0.1053106986008894,-0.3690702464285427,-1.039566138532045,1,40,1,114.11
14583,-1.0326148013968623,0.6309297535714574,0.256072842174006,0,5,5,986.96
14584,0.5809353745377399,0.4649735207179271,0.2835591227437379,0,169,4,1033.06
14585,0.0,-0.3690702464285427,-0.8484988482784528,1,50,1,157.05
14586,0.8165085758314399,-0.3690702464285427,-0.6008704745925941,1,276,1,237.36
14587,-0.4764292294121705,1.0959032742893848,0.5395513334649106,0,18,9,1580.29
14589,0.9587909439231818,-0.3690702464285427,-1.6654207359936877,1,371,1,39.75
14591,-0.5593496184885577,0.4649735207179271,0.4312518556846453,0,15,4,1320.21
14592,-0.1680633309670091,0.2618595071429148,-0.0872204176733142,0,35,3,557.9399999999999
14593,-0.405690800867787,0.2618595071429148,-0.0265359813023385,0,21,3,617.15
14594,-0.8938037818230972,0.0,-0.3451616818765286,0,7,2,363.33
14595,-0.4516794268591226,0.7712437491614222,0.5977492130432503,0,19,6,1740.6
14597,-0.6981606380623229,0.0,0.1775261641803458,0,11,2,866.24
14598,-0.0603931393375741,-0.3690702464285427,-0.6410970758048226,1,44,1,221.97
14600,0.8645514704298531,-0.3690702464285427,-0.297471846902469,1,305,1,393.33
14601,-0.7401449642023266,-0.3690702464285427,-0.6631467150552194,1,10,1,213.96
14603,0.8130120723947015,-0.3690702464285427,0.0138580421186276,1,274,1,660.0
14606,-1.562712108492176,3.135485128951194,1.7648683929514897,-1,1,93,12076.15
14607,-0.5593496184885577,1.4649735207179273,1.942267054819488,0,15,14,16209.5
14608,-1.1205877535282016,0.4649735207179271,0.6129721422678154,0,4,4,1785.15
14609,0.1730463222010854,0.4649735207179271,-0.0419310793249999,0,72,4,601.56
14616,0.7533202636498529,0.2618595071429148,-0.2782932290713926,0,242,3,406.08
14618,-0.786133590193662,0.2618595071429148,-0.09209229893442,0,9,3,553.44
14619,0.7592407718289634,-0.3690702464285427,-0.2957777124906551,1,245,1,394.44
14620,0.6736158309628445,0.0,-0.2684544641029836,0,205,2,412.78
14621,-1.562712108492176,0.6309297535714574,0.6140543045280906,0,1,5,1788.36
14622,0.6217356133035294,-0.3690702464285427,-0.4203858698008287,1,184,1,320.58000000000004
14623,-0.2100476571070129,0.6309297535714574,0.1915797861203409,0,32,5,886.7
14624,0.0620598607283094,0.0,-0.6306995748820096,0,57,2,225.85
14625,0.6520606923420712,0.0,0.2002951126427114,0,196,2,899.63
14626,-0.3637064747277833,0.4649735207179271,0.8822502411721941,0,23,4,2791.27
14628,0.2846661841473646,0.0,0.0246655420639308,0,91,2,671.96
14629,-1.1205877535282016,0.0,0.2364176371973836,0,4,2,955.26
14631,0.0,0.2618595071429148,0.2681636797913198,0,50,3,1006.98
14632,0.7914836528511833,-0.3690702464285427,-1.0372146266305686,1,262,1,114.56
14633,0.7987670418999716,-0.3690702464285427,-0.3764476114163997,1,266,1,344.90000000000003
14636,-0.1548429049949843,0.0,-0.0336957883222636,0,36,2,609.85
14638,0.0,-0.3690702464285427,-0.2251567463219798,1,50,1,443.6
14639,0.0185605714510143,0.7712437491614222,0.9225757439563512,0,52,6,2984.49
14640,-0.3440092352296877,0.7712437491614222,0.7129330353634779,0,24,6,2107.38
14641,-0.405690800867787,-0.3690702464285427,-1.0589863192193372,1,21,1,110.46
14642,0.0703081874433432,-0.3690702464285427,-1.1419880938095277,1,58,1,96.12
14643,0.5837653847784572,0.0,0.0439230704719074,0,170,2,693.81
14644,0.1388110195737654,0.0,0.1523506350370244,0,67,2,830.76
14645,0.5425500075866052,0.0,-0.0464187226948411,0,156,2,597.09
14647,0.6641544422759992,-0.3690702464285427,-0.6042173619955812,1,201,1,236.04
14649,-1.1205877535282016,0.4649735207179271,0.4677058200835314,0,4,4,1402.59
14651,0.1388110195737654,0.0,0.0081322557909173,0,67,2,653.75
14652,0.2050126685039157,-0.3690702464285427,-1.039199744656464,1,77,1,114.18
14653,-1.562712108492176,0.8927892607143721,0.6589208653630337,0,1,7,1926.65
14655,-0.836971657636088,0.4649735207179271,0.6606629667633324,0,8,4,1932.23
14656,0.5809353745377399,0.0,-0.4784379368576563,0,169,2,291.05
14657,-0.5025174943015487,0.4649735207179271,0.1648711601565718,0,17,4,848.22
14658,-1.0326148013968623,0.0,-0.5766113691265989,0,5,2,247.15
14659,-0.836971657636088,1.0959032742893848,0.8230248929361581,0,8,9,2529.93
14660,0.2577030044890838,0.0,-0.4894968110916112,0,86,2,285.74
14661,-0.3068743505407743,-0.3690702464285427,-1.0727136605839298,1,26,1,107.95
14662,-0.2723943026062298,0.4649735207179271,0.0838268950997355,0,28,4,741.37
14664,-0.4516794268591226,0.0,-0.0082049890578234,0,19,2,636.24
14665,0.0863935223647938,0.6309297535714574,0.6297920738749744,0,60,5,1835.7
14666,-0.3440092352296877,-0.3690702464285427,-0.7180293961210273,1,24,1,195.25
14667,-0.7401449642023266,1.9656472730442505,1.5992972215464178,0,10,25,9175.04
14669,0.751330506756602,0.2618595071429148,0.4027771998424669,0,241,3,1259.24
14670,0.8234264773092309,0.0,-0.2981906206737412,0,280,2,392.86
14672,0.737167613527003,0.0,0.103144464986583,0,234,2,765.55
14673,-1.2282579451576368,0.6309297535714574,0.5962940210225518,0,3,5,1736.4
14675,-0.5300973070953137,-0.3690702464285427,-0.0471547886479196,1,16,1,596.36
14676,-0.2248954551540181,0.7712437491614222,0.8273693670251974,0,31,6,2548.24
14680,-0.3250846385913979,1.578901923162566,2.2877036262560644,-1,25,16,28754.11
14681,0.1663908323675303,0.2618595071429148,-0.1544410615056093,0,71,3,498.95
14682,0.6294974218975681,0.0,-1.5070116064109336,-1,187,2,52.0
14684,-0.3250846385913979,0.6309297535714574,0.3745162972567336,0,25,5,1201.51
14687,0.3575454287574991,-0.3690702464285427,-0.0156850822996251,1,106,1,628.38
14688,-0.8938037818230972,1.813588092215596,1.29952495668625,0,7,21,5579.1
14689,0.6805920782122185,-0.3690702464285427,-1.0464643499956474,1,208,1,112.8
14690,-0.0603931393375741,0.0,-0.3590168898116226,0,44,2,355.05
14691,-0.2402146898412107,0.6309297535714574,0.7149164628923944,0,30,5,2114.33
14692,0.4803093279081389,0.4649735207179271,-0.0520273639505935,0,137,4,591.5500000000001
14693,0.7951390897495282,-0.3690702464285427,-0.7909002122093509,1,264,1,172.9
14696,-1.1205877535282016,0.8927892607143721,0.7047508772158718,0,4,7,2078.9500000000003
14697,0.7031436292963993,0.0,-0.7387740611052795,0,218,2,188.61
14698,-1.562712108492176,0.6309297535714574,0.3823638141338698,0,1,5,1217.27
14699,0.6942490850373886,-0.3690702464285427,-1.06622120919099,1,214,1,109.13
14700,-0.2100476571070129,0.2618595071429148,0.7375006669910624,0,32,3,2195.1
14701,-0.7401449642023266,1.0959032742893848,0.8221097772545184,0,10,9,2526.09
14702,-1.562712108492176,1.6309297535714573,0.9742560794333066,0,1,17,3251.79
14703,-0.5904904464328878,-0.3690702464285427,-0.4249196003747134,1,14,1,318.17
14704,-0.6981606380623229,1.0959032742893848,0.5057153039389235,0,11,9,1493.96
14705,0.6569346263371555,-0.3690702464285427,-0.7701215530525256,1,198,1,179.0
14708,-1.3670689647314018,0.2618595071429148,0.3356284853663609,0,2,3,1126.37
14709,-0.5593496184885577,1.4021735027328797,1.223897016740804,0,15,13,4921.04
14710,-0.5904904464328878,0.4649735207179271,-0.0440151331545291,0,14,4,599.48
14711,-0.7401449642023266,1.261859507142915,0.8925969232862789,0,10,11,2839.62
14712,-0.2560362830983483,0.2618595071429148,0.211854210970448,0,29,3,917.07
14713,-0.786133590193662,1.261859507142915,0.8537269641085018,0,9,11,2662.2
14714,-0.3440092352296877,-0.3690702464285427,-0.8366424826490272,1,24,1,160.19
14715,-0.3440092352296877,0.4649735207179271,0.1783178912606875,0,24,4,867.38
14716,-0.0712366375332477,0.0,-0.4453928086913406,0,43,2,307.51
14719,-1.562712108492176,0.6309297535714574,0.5401418100035981,0,1,5,1581.84
14720,-1.0326148013968623,0.2618595071429148,0.0173219801404422,0,5,3,663.8100000000001
14722,0.5140654216740944,-0.3690702464285427,-0.765385640991691,1,147,1,180.42
14723,-0.7401449642023266,0.7712437491614222,0.3334809186500986,0,10,6,1122.36
14725,-0.3440092352296877,-0.3690702464285427,0.0098144053527473,1,24,1,655.58
14727,0.8130120723947015,-0.3690702464285427,-0.5266893336672042,1,274,1,268.58
14729,0.9613781638636149,-0.3690702464285427,-0.4338223198492948,1,373,1,313.49
14730,-1.562712108492176,1.0000000000000002,0.6497595452380928,0,1,8,1897.57
14731,-0.0292523113932437,0.2618595071429148,-0.3181660240296485,0,47,3,380.02
14732,-0.836971657636088,1.0000000000000002,0.8627764550413686,0,8,8,2702.49
14733,-0.5300973070953137,1.3347175194727927,1.6256968597390506,0,16,12,9585.91
14735,-1.2282579451576368,2.1826583386441385,1.349913875679087,0,3,32,6065.6900000000005
14737,-1.2282579451576368,0.2618595071429148,0.3557014905428756,0,3,3,1164.55
14738,-0.0823294332611252,0.8927892607143721,0.428618592449673,0,42,7,1314.45
14739,-1.1205877535282016,0.8927892607143721,1.0841292754177194,0,4,7,3902.28
14740,0.6545038133228402,0.2618595071429148,0.4869831202936184,0,197,3,1448.21
14741,-0.6981606380623229,0.7712437491614222,0.4667389106088889,0,11,6,1400.34
14744,-0.5300973070953137,0.8927892607143721,0.3213526502904469,0,16,7,1099.98
14745,0.3838709768396838,0.6309297535714574,0.3838411882119305,0,112,5,1220.26
14747,0.7670234464033656,-0.3690702464285427,-0.4062713582189677,1,249,1,328.2
14748,-0.2560362830983483,0.6309297535714574,0.4733303056462357,0,29,5,1415.75
14752,-0.0712366375332477,-0.3690702464285427,-0.3031381752627446,1,43,1,389.64
14753,0.263217525801292,-0.3690702464285427,-0.0816286192095406,1,87,1,563.15
14754,-0.0603931393375741,0.0,-0.0064955456349595,0,44,2,638.05
14755,-0.786133590193662,1.261859507142915,1.234726358301356,0,9,11,5010.28
14756,-0.5593496184885577,-0.3690702464285427,0.0818671582489594,1,15,1,738.96
14757,0.1924790972569085,-0.3690702464285427,-0.2573134989404785,1,75,1,420.5
14758,0.504184215692284,0.4649735207179271,0.5017108542139691,0,144,4,1484.06
14759,-1.1205877535282016,0.2618595071429148,0.5567150416094303,0,4,3,1625.97
14760,0.8517688589900415,-0.3690702464285427,-1.1865378014117638,1,297,1,89.2
14761,0.0703081874433432,0.0,-0.5557259898057998,0,58,2,255.9
14762,0.7933148328966054,-0.3690702464285427,-0.4592052429095664,1,263,1,300.52
14764,-0.0394109047715109,-0.3690702464285427,-0.5053412205542183,1,46,1,278.3
14765,-0.2560362830983483,0.2618595071429148,-0.5599400582898098,0,29,3,254.11
14766,-0.836971657636088,0.7712437491614222,0.8094034534213642,0,8,6,2473.37
14768,-0.5025174943015487,0.0,-0.7262230998503563,0,17,2,192.6
14769,-1.3670689647314018,1.0000000000000002,1.675801355873648,0,2,8,10416.98
14770,0.7330435254907093,0.0,0.1845595936182027,0,232,2,876.42
14772,0.3838709768396838,-0.3690702464285427,-0.9204684354576232,1,112,1,139.26
14775,0.0703081874433432,0.2618595071429148,0.2710982916421666,0,58,3,1011.9
14776,0.0093695247431415,1.261859507142915,0.8250147570689038,0,51,11,2538.3
14778,0.4440128715150607,0.0,0.0752333954977458,0,127,2,730.86
14779,0.8234264773092309,0.2618595071429148,-0.308546854403606,0,280,3,386.15
14780,0.0364335540961874,0.0,-0.2196511951364123,0,54,2,447.68
14782,0.8861372264790353,-0.3690702464285427,-0.703315918867033,1,319,1,200.1
14784,-0.3068743505407743,0.0,-0.4806293952268911,0,26,2,289.99
14785,-0.7401449642023266,0.0,-1.271038497398851,0,10,2,77.4
14788,-0.8938037818230972,0.0,0.0313275489885776,0,7,2,679.44
14789,-0.2723943026062298,-0.3690702464285427,-0.7107339425169744,1,28,1,197.64
14790,-0.5300973070953137,0.4649735207179271,0.0868151942621642,0,16,4,745.06
14792,0.1095587081805211,-0.3690702464285427,-2.7101114111941187,-1,63,1,6.2
14793,-0.405690800867787,-0.3690702464285427,-0.6224144779007934,1,21,1,228.99
14794,-1.3670689647314018,0.8927892607143721,0.431114990196696,0,2,7,1319.91
14795,0.5723443696223416,-0.3690702464285427,-0.9549982285069608,1,166,1,131.45000000000002
14796,-1.562712108492176,1.6309297535714573,1.5148617523378194,0,1,17,7975.49
14798,0.0185605714510143,0.2618595071429148,-0.7879960013461347,0,52,3,173.74
14799,0.0093695247431415,-0.3690702464285427,-0.8460252875639904,1,51,1,157.7
14800,-0.0292523113932437,1.3347175194727927,1.1470469482988477,0,47,12,4331.79
14801,0.0942394734933288,-0.3690702464285427,-0.7364581484405445,1,61,1,189.34
14803,0.5606464545696141,0.2618595071429148,0.1629732751081403,0,162,3,845.55
14804,-0.836971657636088,-0.3690702464285427,-0.3620374820383897,1,8,1,353.27
14805,-0.5593496184885577,0.4649735207179271,-0.0997939753273206,0,15,4,546.4000000000001
14806,0.1924790972569085,-0.3690702464285427,-0.7237687730416863,1,75,1,193.39
14808,-0.1172252635245831,1.0000000000000002,0.8663572152441689,0,39,8,2718.6000000000004
14810,-0.1053106986008894,1.261859507142915,0.7065967331256611,0,40,11,2085.33
14813,0.9561897766380688,0.0,-0.864613837347305,0,369,2,152.88
14815,-0.1548429049949843,0.0,0.1132412154368609,0,36,2,778.5
14816,0.6545038133228402,-0.3690702464285427,-0.5194226786121074,1,197,1,271.85
14817,0.6617598201758463,0.0,0.3269973418581092,0,200,2,1110.34
14818,0.1796112583395553,0.2618595071429148,0.011848763369136,0,73,3,657.8
14819,0.1170397163725763,0.0,-0.5189369217647719,0,64,2,272.07
14820,-0.405690800867787,0.4649735207179271,-0.1444700948245997,0,21,4,507.29
14821,0.9522615430325724,-0.3690702464285427,-1.544545397163139,1,366,1,48.8
14823,0.6111884094756851,0.2618595071429148,-0.4187949371355515,0,180,3,321.43
14824,-0.7401449642023266,0.4649735207179271,0.336344423649498,0,10,4,1127.71
14825,-1.2282579451576368,1.3347175194727927,0.744569717738261,0,3,12,2221.01
14828,0.6520606923420712,0.2618595071429148,0.7221186758299531,0,196,3,2139.76
14829,-0.2560362830983483,0.4649735207179271,0.0471585193223568,0,29,4,697.55
14830,0.0275798127937651,-0.3690702464285427,-0.7379164532836369,1,53,1,188.88
14834,-0.5025174943015487,0.7712437491614222,0.5906830070392365,0,17,6,1720.3
14836,-0.7401449642023266,0.2618595071429148,-1.103933488585649,0,10,3,102.45
14837,0.2740610239969653,0.4649735207179271,0.5653690217819871,0,89,4,1649.5
14840,0.8005708397496115,-0.3690702464285427,-1.3947634836163862,1,267,1,62.85
14841,0.0275798127937651,0.7712437491614222,0.9823484686077738,0,53,6,3295.76
14842,-0.0712366375332477,0.4649735207179271,0.8894208851102186,0,43,4,2824.69
14844,0.1095587081805211,0.4649735207179271,0.962661323117572,0,63,4,3189.81
14847,0.517314695655502,-0.3690702464285427,-0.4417118504859038,1,148,1,309.4
14849,-0.405690800867787,1.9656472730442505,1.5114557912448736,0,21,25,7930.54
14850,0.8739209951729948,-0.3690702464285427,-0.4107735355774198,1,311,1,325.75
14851,-0.3637064747277833,0.0,-0.1396751791759244,0,23,2,511.35
14852,0.0703081874433432,0.7712437491614222,0.8919749470494925,0,58,6,2836.69
14853,-0.3440092352296877,0.0,-0.1830152659328759,0,24,2,475.8
14854,0.2111594441492347,0.8927892607143721,0.8710877134484614,0,78,7,2740.03
14855,0.4128720435707305,0.0,0.0006297721579243,0,119,2,645.6500000000001
14856,-0.1548429049949843,0.2618595071429148,0.4175584455368036,0,36,3,1290.53
14857,0.0784178802361909,0.0,0.3601167211314163,0,59,2,1173.12
14859,-0.6595388019259375,0.4649735207179271,0.4463562571820293,0,12,4,1353.74
14860,-0.4516794268591226,-0.3690702464285427,-0.7999088074748908,1,19,1,170.32
14861,0.0185605714510143,-0.3690702464285427,-0.9813196095013396,1,52,1,125.79
14862,-0.3250846385913979,0.0,0.1598683574482225,0,25,2,841.2
14863,-0.2560362830983483,-0.3690702464285427,-0.5307720490940716,1,29,1,266.76
14865,-0.8938037818230972,0.0,-1.504741578357152,0,7,2,52.2
14866,-0.7401449642023266,1.3347175194727927,1.8705086975332208,0,10,12,14389.9
14867,0.6243367805886427,0.2618595071429148,0.058042773900674,0,185,3,710.28
14868,-1.2282579451576368,1.0000000000000002,0.9163053426752062,0,3,8,2953.59
14869,-0.836971657636088,0.0,0.0674339464371809,0,8,2,721.45
14870,0.7896454968649371,-0.3690702464285427,-0.4080131105879107,1,261,1,327.25
14871,-1.2282579451576368,0.4649735207179271,-0.1516387620847369,0,3,4,501.28
14873,0.6851874973553377,-0.3690702464285427,-0.1299551691532617,1,210,1,519.68
14875,0.3620339761283047,0.0,0.4940570821355468,0,107,2,1465.32
14878,-0.6595388019259375,1.0959032742893848,0.498467625663377,0,12,9,1476.09
14880,0.2050126685039157,0.2618595071429148,0.041123487553955,0,77,3,690.59
14881,-0.4516794268591226,-0.3690702464285427,-0.5569001412306954,1,19,1,255.4
14882,-0.3068743505407743,0.0,-0.0539119709562353,0,26,2,589.7
14883,-0.4764292294121705,0.7712437491614222,0.1000228873559203,0,18,6,761.59
14885,0.4588606695620659,-0.3690702464285427,0.1029636028126623,1,131,1,765.3199999999999
14886,0.7727791651026745,-0.3690702464285427,-0.3427348317301647,1,252,1,364.8
14887,0.2172288998099561,-0.3690702464285427,0.6383609090006134,1,79,1,1862.0
14888,0.6782778514122204,-0.3690702464285427,-0.3355286490398277,1,207,1,369.2
14889,0.9111131551142568,-0.3690702464285427,-0.935081968761916,1,336,1,135.9
14890,0.7746825812311168,-0.3690702464285427,-0.9819854621811944,1,253,1,125.65
14891,0.517314695655502,0.0,-0.0910713579401982,0,148,2,554.38
14893,-0.786133590193662,0.0,0.3924599315185706,0,9,2,1237.85
14894,0.252124730073414,-0.3690702464285427,0.0099704325441684,1,85,1,655.75
14895,-0.8938037818230972,1.7712437491614224,1.7161714818914784,0,7,20,11138.71
14896,0.6712678196976245,0.0,-0.1919675902291448,0,204,2,468.77
14897,-0.8938037818230972,0.4649735207179271,0.4519534228418972,0,7,4,1366.38
14898,-0.3637064747277833,0.7712437491614222,0.4075738944860498,0,23,6,1269.31
14901,-0.6981606380623229,1.0959032742893848,0.4756824503530449,0,11,9,1421.29
14902,-0.3250846385913979,-0.3690702464285427,-0.3981609104438016,1,25,1,332.66
14903,-0.405690800867787,0.6309297535714574,0.8831259269889383,0,21,5,2795.33
14904,-1.3670689647314018,0.0,0.2791014358106705,0,2,2,1025.44
14905,0.5456136074837743,0.0,-0.0275117634887382,0,157,2,616.1500000000001
14907,-1.2282579451576368,0.8927892607143721,1.0187646826828811,0,3,7,3501.1
14908,0.1860880718656259,-0.3690702464285427,-0.5064211200292654,1,74,1,277.8
14910,-1.3670689647314018,0.4649735207179271,-0.2378281570023817,0,2,4,434.35
14913,-0.1680633309670091,0.4649735207179271,0.3873692363203996,0,35,4,1227.43
14915,0.2846661841473646,0.0,-0.4454514182379706,0,91,2,307.48
14916,0.1596422557462171,0.4649735207179271,0.4074173074240013,0,70,4,1268.98
14918,0.396514024062849,0.0,0.5508260324805785,0,115,2,1610.15
14920,0.6897395628415309,0.0,0.2504403686122928,0,212,2,977.77
14921,-0.2402146898412107,0.0,0.4293603613518704,0,30,2,1316.07
14923,0.0,-0.3690702464285427,0.0900700340258122,1,50,1,749.1
14924,0.7592407718289634,-0.3690702464285427,-0.4404510900993485,1,245,1,310.05
14929,-0.2100476571070129,-0.3690702464285427,-0.635956300122502,1,32,1,223.88
14944,-0.2560362830983483,1.3347175194727927,1.3332500767781563,0,29,12,5900.250000000001
14946,-0.5904904464328878,-0.3690702464285427,-1.1130320026555336,1,14,1,100.9
14947,0.1730463222010854,0.0,-0.4789127655229376,0,72,2,290.82
14948,-0.3637064747277833,0.7712437491614222,0.3224410206074968,0,23,6,1101.9699999999998
14950,-0.4516794268591226,-0.3690702464285427,-0.3322813796767593,1,19,1,371.2
14951,0.2172288998099561,-0.3690702464285427,-0.4372817672263762,1,79,1,311.69
14952,0.0784178802361909,1.261859507142915,1.524158928452673,0,59,11,8099.490000000001
14953,-0.3250846385913979,-0.3690702464285427,-0.4896439603276338,1,25,1,285.67
14954,-0.6595388019259375,-0.3690702464285427,-0.4706466101306474,1,12,1,294.85
14957,0.7746825812311168,-0.3690702464285427,-1.4373908764172372,1,253,1,58.49
14958,0.5140654216740944,0.2618595071429148,-0.1730739144849654,0,147,3,483.73
14959,0.1170397163725763,0.4649735207179271,0.0453180003221367,0,64,4,695.42
14960,-0.836971657636088,0.0,-0.642992164128624,0,8,2,221.27
14961,-0.7401449642023266,1.0959032742893848,1.440077470312617,0,10,9,7044.68
14962,0.8059421237443439,-0.3690702464285427,-0.9770094062155306,1,270,1,126.7
14963,-0.786133590193662,0.6309297535714574,0.4969355810284018,0,9,5,1472.34
14964,0.7631478001624079,-0.3690702464285427,-0.685277068942437,1,247,1,206.21
14965,0.3102020558878627,0.0,-0.0474272601141706,0,96,2,596.0899999999999
14966,-0.5904904464328878,-0.3690702464285427,-0.7568095412004849,1,14,1,183.02
14967,-0.0095550718951481,-0.3690702464285427,-0.1983778241642226,1,49,1,463.8
14968,-0.2402146898412107,-0.3690702464285427,-0.8856973458708296,1,30,1,147.59
14970,0.1458551645735994,0.4649735207179271,0.5440207298696106,0,68,4,1592.06
14971,-0.1680633309670091,0.2618595071429148,0.3202568269085414,0,35,3,1097.98
14972,0.4477678738341883,-0.3690702464285427,-1.036120386373963,1,128,1,114.77
14973,0.3620339761283047,0.2618595071429148,0.428618592449673,0,107,3,1314.45
14974,-0.141975066077631,-0.3690702464285427,-1.1816134957302131,1,37,1,89.94
14975,0.0620598607283094,-0.3690702464285427,-0.5018126711111542,1,57,1,279.94
14976,0.0620598607283094,0.8927892607143721,0.1227227136175585,0,57,7,790.86
14978,0.1730463222010854,0.6309297535714574,0.6572677755817136,0,72,5,1921.37
14981,0.7611982404886077,-0.3690702464285427,-1.1058591161404672,1,246,1,102.12
14984,-0.4516794268591226,0.0,-0.6965508949858912,0,19,2,202.37
14985,0.6569346263371555,0.0,-0.4764600727561641,0,198,2,292.01
14987,-0.5593496184885577,0.0,-0.4095757987978219,0,15,2,326.4
14988,0.6874688981200932,-0.3690702464285427,-0.3947745881362852,1,211,1,334.54
14995,-0.1294414948306238,0.0,-0.6146296393804719,0,38,2,231.98
14997,-0.0394109047715109,0.2618595071429148,-0.1000142171480715,0,46,3,546.1999999999999
14998,0.5837653847784572,0.0,-0.2654179345005504,0,170,2,414.87
15000,-0.0292523113932437,-0.3690702464285427,-0.164690113460078,1,47,1,490.52
15002,0.396514024062849,0.4649735207179271,0.562536058320864,0,115,4,1641.76
15004,0.5140654216740944,-0.3690702464285427,0.3840928206435515,1,147,1,1220.77
15005,-0.5593496184885577,2.065044752110663,1.3723099760970543,0,15,28,6295.37
15006,0.0093695247431415,-0.3690702464285427,-0.1772536153614717,1,51,1,480.38
15007,0.5516830631444957,-0.3690702464285427,-0.8490329465727355,1,159,1,156.91
15009,-0.6595388019259375,0.2618595071429148,0.4028680577731078,0,12,3,1259.43
15010,-0.1680633309670091,-0.3690702464285427,-0.4426056772559721,1,35,1,308.94
15012,0.0275798127937651,0.0,-0.2798349443090035,0,53,2,405.04
15014,-0.0712366375332477,0.0,-0.5515877794236456,0,43,2,257.67
15016,0.5893760917508755,-0.3690702464285427,-0.8008946336440879,1,172,1,170.04
15017,-0.1956431437607741,-0.3690702464285427,-0.9823186645867464,1,33,1,125.58
15018,-0.1294414948306238,0.2618595071429148,-0.1577532270803301,0,38,3,496.21
15019,0.7987670418999716,-0.3690702464285427,-0.5630191314669543,1,266,1,252.81
15021,-0.836971657636088,1.0959032742893848,0.6415133041871892,0,8,9,1871.77
15022,-0.6981606380623229,0.4649735207179271,0.1678233683115709,0,11,4,852.39
15023,-1.2282579451576368,1.261859507142915,1.411680619124186,0,3,11,6720.41
15024,-0.786133590193662,1.1826583386441385,0.5605774219132748,0,9,10,1636.43
15025,-0.1956431437607741,-0.3690702464285427,-0.347432271750239,1,33,1,361.96
15026,0.2232229565545395,0.2618595071429148,-0.1916725837871508,0,80,3,469.0
15027,-0.2402146898412107,0.4649735207179271,0.3025431542498323,0,30,4,1066.15
15028,-0.836971657636088,0.4649735207179271,-0.0168832674716762,0,8,4,627.13
15030,0.1663908323675303,0.0,-0.1315778641411475,0,71,2,518.28
15031,-1.1205877535282016,0.4649735207179271,0.0076165600483667,0,4,4,653.19
15032,0.780348188744373,0.2618595071429148,1.2285394445715656,0,256,3,4959.1
15033,-1.1205877535282016,1.1826583386441385,0.8294792658080099,0,4,10,2557.18
15034,-0.5593496184885577,1.0000000000000002,1.1389768169224672,0,15,8,4274.16
15035,0.2740610239969653,-0.3690702464285427,-0.5632091276810908,1,89,1,252.73
15036,0.1730463222010854,0.2618595071429148,-0.2444961083171933,0,72,3,429.56
15038,0.0703081874433432,0.7712437491614222,0.0368820258101779,0,58,6,685.74
15039,-0.786133590193662,2.5237190142858306,2.061831782074241,0,9,47,19766.59
15041,0.5837653847784572,-0.3690702464285427,-0.7670156624104562,1,170,1,179.93
15042,0.6593532547739307,-0.3690702464285427,-0.9349499105349456,1,199,1,135.93
15043,-0.2248954551540181,-0.3690702464285427,-0.1102333413860437,1,31,1,537.0
15044,-0.4516794268591226,1.6309297535714573,1.4885482801745056,0,19,17,7634.73
15045,0.5269332605914481,0.0,0.0791733222732566,0,151,2,735.66
15046,-0.786133590193662,1.5237190142858297,1.2442883028966112,0,9,15,5090.42
15047,0.8041583310922792,-0.3690702464285427,-0.3786820037740087,1,269,1,343.62
15048,0.1244065062275264,0.4649735207179271,-0.3166178648048958,0,65,4,381.0
15049,0.8112542731361055,-0.3690702464285427,-1.0036907173930605,1,273,1,121.17000000000002
15050,-0.3250846385913979,0.2618595071429148,0.5967413468253038,0,25,3,1737.69
15051,-0.3637064747277833,0.2618595071429148,0.459391506065915,0,23,3,1383.36
15052,0.8861372264790353,-0.3690702464285427,-0.6808721282472497,1,319,1,207.73
15053,-1.1205877535282016,0.2618595071429148,0.0440444969675534,0,4,3,693.95
15054,-0.6595388019259375,0.0,-0.4560553136642804,0,12,2,302.1
15057,0.814763491242678,0.0,0.5039145716288412,0,275,2,1489.5
15058,-0.3250846385913979,1.261859507142915,0.7115479049312194,0,25,11,2102.54
15059,-0.1053106986008894,1.0959032742893848,0.4391868650533061,0,40,9,1337.72
15060,-0.836971657636088,0.4649735207179271,-0.471870143088394,0,8,4,294.25
15061,-1.2282579451576368,2.5424874983228447,2.6734442816708266,-1,3,48,54534.14
15062,0.1663908323675303,0.4649735207179271,0.2566216251685899,0,71,4,987.86
15063,0.6919995920920387,-0.3690702464285427,-0.3329294353690677,1,213,1,370.8
15065,-0.141975066077631,0.4649735207179271,0.9566475867343656,0,37,4,3158.13
15066,0.0275798127937651,-0.3690702464285427,0.1962395965278666,1,53,1,893.59
15067,0.2111594441492347,0.2618595071429148,0.5991870908706327,0,78,3,1744.7599999999998
15068,-0.0394109047715109,0.0,-0.0921792674390121,0,46,2,553.3599999999999
15069,0.6085151873315049,-0.3690702464285427,0.3265579099133002,1,179,1,1109.53
15070,0.960086287957098,-0.3690702464285427,-1.0824729350097122,1,372,1,106.2
15071,0.2950432585630285,0.0,0.2530823563522652,0,93,2,982.0700000000002
15073,-0.786133590193662,0.2618595071429148,0.2895615293461156,0,9,3,1043.41
15074,0.3530147347855537,-0.3690702464285427,0.0791815036275467,1,105,1,735.67
15075,0.2050126685039157,-0.3690702464285427,0.1089970265012706,1,77,1,773.03
15076,0.5893760917508755,-0.3690702464285427,0.1875948639662979,1,172,1,880.85
15078,-0.8938037818230972,2.1826583386441385,1.635499263273616,0,7,32,9743.11
15079,0.6897395628415309,0.4649735207179271,0.1975989509521387,0,212,4,895.61
15081,-0.3842421425217144,0.6309297535714574,-0.1474298034066996,0,22,5,504.8
15083,0.780348188744373,-0.3690702464285427,-1.1932568424147794,1,256,1,88.2
15087,0.8251405656583424,-0.3690702464285427,-0.4465073658729377,1,281,1,306.94
15088,-0.405690800867787,0.0,0.353380473519643,0,21,2,1160.0700000000002
15089,-0.7401449642023266,0.7712437491614222,0.7964707517259368,0,10,6,2420.84
15090,0.8692589747236188,-0.3690702464285427,-0.3161132034936196,1,308,1,381.32
15091,0.1388110195737654,-0.3690702464285427,-0.1768405941888084,1,67,1,480.71
15092,0.6964881394628443,0.0,-0.2061953534533062,0,215,2,457.81000000000006
15093,-0.4764292294121705,0.7712437491614222,1.1828553351960136,0,18,6,4597.02
15095,0.3438236880776809,0.4649735207179271,0.4538105821767393,0,103,4,1370.6
15096,-0.0823294332611252,-0.3690702464285427,-0.6481115210881069,1,42,1,219.39
15097,-1.1205877535282016,-0.3690702464285427,-0.5743568632928057,1,4,1,248.08
15098,0.6164908294601078,0.2618595071429148,2.485386113988396,-1,182,3,39916.5
15099,0.2464812112032003,-0.3690702464285427,-0.2718138770911931,1,84,1,410.48
15100,0.9067985329568812,0.2618595071429148,0.1842710304077262,0,333,3,876.0
15101,-0.836971657636088,0.0,-0.4261293317229991,0,8,2,317.53
15103,-0.2248954551540181,0.0,0.0521505131125354,0,31,2,703.36
15104,0.6520606923420712,0.0,0.2600735747678556,0,196,2,993.54
15105,-0.4764292294121705,0.8927892607143721,0.7653423900579454,0,18,7,2298.93
15106,-0.5025174943015487,0.6309297535714574,0.4762034344532957,0,17,5,1422.52
15107,0.8739209951729948,0.7712437491614222,-0.4224133669616103,0,311,6,319.5
15109,0.7592407718289634,-0.3690702464285427,-0.1715589264254227,1,245,1,484.95
15110,-0.3637064747277833,0.4649735207179271,0.2616229428196159,0,23,4,996.1
15111,-0.2560362830983483,0.2618595071429148,0.5346490557101453,0,29,3,1567.48
15113,-0.786133590193662,0.2618595071429148,1.0201965266879338,0,9,3,3509.43
15114,-0.2402146898412107,1.1826583386441385,0.8755849842785602,0,30,10,2760.56
15115,-0.4764292294121705,-0.3690702464285427,-0.3848519729107358,1,18,1,340.11
15116,-0.5025174943015487,0.4649735207179271,0.4459156686290038,0,17,4,1352.75
15117,-0.5904904464328878,0.6309297535714574,0.528585901692357,0,14,5,1551.78
15118,0.4697041677577397,-0.3690702464285427,-0.5823461044849702,1,134,1,244.8
15119,0.7592407718289634,-0.3690702464285427,-0.5315829058756225,1,245,1,266.4
15120,0.466116676415072,-0.3690702464285427,-0.3526688968811473,1,133,1,358.82
15121,0.0,0.0,-0.2063135888382941,0,50,2,457.72
15122,0.3923363757767996,0.2618595071429148,0.5596012416259617,0,114,3,1633.78
15123,-0.8938037818230972,0.0,0.7386549419486744,0,7,2,2199.31
15124,-0.3842421425217144,0.0,-0.7529897546764549,0,22,2,184.19
15125,-0.3250846385913979,1.5237190142858297,1.7368986724697637,0,25,15,11528.48
15127,0.1244065062275264,-0.3690702464285427,-0.2776273612114664,1,65,1,406.53
15128,0.0863935223647938,0.4649735207179271,0.4963871845908684,0,60,4,1471.0
15129,0.0,1.261859507142915,1.009451628887332,0,50,11,3447.4
15130,0.5809353745377399,-0.3690702464285427,-0.4027846794593163,1,169,1,330.11
15132,-0.4764292294121705,0.6309297535714574,0.2505388828667126,0,18,5,977.93
15133,0.4440128715150607,0.2618595071429148,0.2532968930239486,0,127,3,982.42
15134,-0.5904904464328878,1.0000000000000002,0.461403848777139,0,14,8,1387.99
15135,0.7473262069052701,-0.3690702464285427,-0.9213714734383712,1,239,1,139.05
15136,-1.3670689647314018,0.4649735207179271,0.4157685229283729,0,2,4,1286.7
15139,0.7473262069052701,0.0,-0.7702554994328473,0,239,2,178.96
15140,0.0185605714510143,0.8927892607143721,0.779667282503091,0,52,7,2354.25
15142,-0.0394109047715109,-0.3690702464285427,-0.1546942705331576,1,46,1,498.74
15143,0.7183251401742233,-0.3690702464285427,-0.5474546483785709,1,225,1,259.45
15144,-0.836971657636088,1.6309297535714573,1.3989973406480958,0,8,17,6580.4400000000005
15145,-1.1205877535282016,0.4649735207179271,0.3711085808856786,0,4,4,1194.73
15146,0.5665308611915009,0.0,0.4344139033955481,0,164,2,1327.16
15147,0.7493325106808756,-0.3690702464285427,-0.0203763614021853,1,240,1,623.5
15148,-0.7401449642023266,-0.3690702464285427,-0.4576680941769814,1,10,1,301.29
15149,0.466116676415072,-0.3690702464285427,-0.128660151495785,1,133,1,520.8000000000001
15150,-0.5025174943015487,1.1826583386441385,1.2676135775284882,0,17,10,5291.33
15152,-0.786133590193662,1.4021735027328797,1.2020340451488956,0,9,13,4745.6900000000005
15153,-0.2248954551540181,-0.3690702464285427,-0.4043521016950442,1,31,1,329.25
15154,0.1924790972569085,-0.3690702464285427,-0.5595385708042745,1,75,1,254.28
15156,-1.562712108492176,0.2618595071429148,0.2403314172195143,0,1,3,961.49
15157,-1.2282579451576368,0.2618595071429148,0.6618589138603531,0,3,3,1936.07
15158,-0.0497879791871749,-0.3690702464285427,-0.2852622184245714,1,45,1,401.4
15159,-1.562712108492176,2.125749857257015,2.0264983210343592,0,1,30,18641.01
15160,0.9402812358425672,-0.3690702464285427,-0.8442808819011196,1,357,1,158.16
15163,-0.4764292294121705,0.0,-0.4513610742674384,0,18,2,304.47
15164,0.1458551645735994,0.2618595071429148,0.1478558998707406,0,68,3,824.58
15165,0.9613781638636149,-0.3690702464285427,-0.1680962373883644,1,373,1,487.75
15167,0.887642735852813,-0.3690702464285427,-0.8418622511727839,1,320,1,158.8
15168,-0.3250846385913979,-0.3690702464285427,-1.0804523610843622,1,25,1,106.56
15171,0.9039005340781971,-0.3690702464285427,0.4170776048643264,1,331,1,1289.5
15172,-0.836971657636088,0.6309297535714574,0.5560033803852397,0,8,5,1624.05
15174,0.8906397353192314,-0.3690702464285427,-0.9357426942829904,1,322,1,135.75
15175,0.1663908323675303,-0.3690702464285427,-0.6352598872131315,1,71,1,224.14
15178,0.7878003115843977,-0.3690702464285427,-1.6544290926969183,1,260,1,40.5
15179,-0.4764292294121705,0.6309297535714574,0.7407440063285191,0,18,5,2206.95
15180,0.9535745108164436,-0.3690702464285427,-1.1980051417648967,1,367,1,87.5
15181,0.1316625130805325,0.2618595071429148,0.0401553919140031,0,66,3,689.48
15182,0.5363638284573033,0.0,-0.0210039893329071,0,154,2,622.85
15184,-0.2560362830983483,0.0,-0.2840652135906261,0,29,2,402.2000000000001
15185,0.1596422557462171,-0.3690702464285427,-0.4393476665030567,1,70,1,310.62
15186,-0.5904904464328878,0.0,-0.2704532499387045,0,14,2,411.41
15187,-1.562712108492176,1.578901923162566,1.206019156107294,0,1,16,4777.18
15189,-1.562712108492176,2.40217350273288,1.9428575412963096,0,1,41,16225.39
15192,0.4128720435707305,0.2618595071429148,0.2900864292271762,0,119,3,1044.32
15193,0.0863935223647938,-0.3690702464285427,-0.1539951899861032,1,60,1,499.32
15194,-1.2282579451576368,1.5237190142858297,1.4871100309351089,0,3,15,7616.53
15195,-1.3670689647314018,-0.3690702464285427,1.0777214319879036,-1,2,1,3861.0
15197,-0.7401449642023266,0.2618595071429148,0.3100973846752809,0,10,3,1079.61
15198,0.2898826172541031,0.0,-0.7229941646326415,0,92,2,193.64
15199,0.0784178802361909,0.4649735207179271,0.4072844137628302,0,59,4,1268.6999999999998
15201,0.263217525801292,0.6309297535714574,0.3918222886210347,0,87,5,1236.54
15203,-0.3250846385913979,0.7712437491614222,0.627194189774731,0,25,6,1827.8
15204,0.9402812358425672,-0.3690702464285427,-0.4279295158882106,1,357,1,316.58
15205,0.252124730073414,0.0,0.0076626222554443,0,85,2,653.24
15206,-0.7401449642023266,0.4649735207179271,-0.2575995415352056,0,10,4,420.3
15208,-1.562712108492176,0.6309297535714574,0.1802165710213082,0,1,5,870.12
15210,0.7183251401742233,-0.3690702464285427,-0.4008401884623843,1,225,1,331.18
15211,0.0863935223647938,0.0,0.1967917834082111,0,60,2,894.4100000000001
15212,0.751330506756602,-0.3690702464285427,-1.107732285436284,1,241,1,101.8
15213,0.8846270050181589,0.0,-0.4059968042384648,0,318,2,328.35
15214,-1.562712108492176,1.0000000000000002,0.5697133023803225,0,1,8,1661.44
15215,-0.0394109047715109,0.2618595071429148,0.0785839727087613,0,46,3,734.94
15216,0.263217525801292,-0.3690702464285427,-1.1390167234403117,1,87,1,96.6
15218,-0.7401449642023266,1.261859507142915,1.318428015802471,0,10,11,5756.889999999999
15219,0.6004054945386567,-0.3690702464285427,-0.4488409130644192,1,176,1,305.75
15220,0.0093695247431415,0.7712437491614222,0.6108798537005903,0,51,6,1778.96
15221,0.9522615430325724,-0.3690702464285427,-0.2824977439534408,1,366,1,403.25
15222,0.8846270050181589,-0.3690702464285427,-0.0587265646881131,1,318,1,585.0
15223,0.7183251401742233,0.0,0.0953896425637804,0,225,2,755.75
15224,0.9416271652029824,0.0,-0.4175811689192217,0,358,2,322.08000000000004
15225,0.737167613527003,-0.3690702464285427,-0.2733978247460631,1,234,1,409.4
15226,0.8723719878624252,-0.3690702464285427,-0.8586509812733384,1,310,1,154.41
15227,-0.1548429049949843,0.6309297535714574,0.3834166287612272,0,36,5,1219.4
15228,0.1316625130805325,0.4649735207179271,0.9987501268769198,0,66,4,3386.71
15230,0.7473262069052701,0.0,-0.2444401194894529,0,239,2,429.6
15232,0.3881222410176829,0.0,-0.0315192390928567,0,113,2,612.06
15234,0.8165085758314399,-0.3690702464285427,-0.712678895349005,1,276,1,197.0
15235,0.7009353171450358,1.3347175194727927,0.7517149796175625,0,217,12,2247.51
15236,0.8533853273790638,-0.3690702464285427,-0.4195056586044431,1,298,1,321.05
15237,-1.562712108492176,0.4649735207179271,0.4718693992616536,0,1,4,1412.3200000000002
15238,-0.2560362830983483,0.2618595071429148,0.3058324049280979,0,29,3,1071.99
15239,-0.7401449642023266,0.0,0.1148549936051444,0,10,2,780.59
15240,-0.0603931393375741,0.6309297535714574,0.5858563430016681,0,44,5,1706.57
15241,0.1316625130805325,1.0000000000000002,0.6032059682158946,0,66,8,1756.44
15243,0.1860880718656259,-0.3690702464285427,-0.427739769409365,1,74,1,316.68
15244,0.1244065062275264,0.0,-0.0126380665981802,0,65,2,631.5699999999999
15245,0.4697041677577397,0.2618595071429148,0.8196602592019564,0,134,3,2515.84
15246,0.7453115260541195,0.0,-0.1363904277649519,0,238,2,514.1500000000001
15247,0.4247866084944239,-0.3690702464285427,-0.3574109505710121,1,122,1,356.0
15249,-0.2248954551540181,1.4021735027328797,1.4088089132036383,0,31,13,6688.46
15251,-0.786133590193662,1.261859507142915,1.6797230233438234,0,9,11,10484.99
15252,-0.1548429049949843,0.0,0.0833477142314398,0,36,2,740.78
15253,-0.5300973070953137,0.6309297535714574,0.2125955736959079,0,16,5,918.2
15254,0.4440128715150607,-0.3690702464285427,-0.4595251429891456,1,127,1,300.36
15255,0.1316625130805325,-0.3690702464285427,0.1943908060272404,1,66,1,890.85
15256,0.517314695655502,-0.3690702464285427,-1.1276996722112114,1,148,1,98.45
15257,0.8285505824152961,-0.3690702464285427,-0.4268487602798567,1,283,1,317.15
15258,0.5780886679748406,0.0,-0.0207045775622745,0,168,2,623.1600000000001
15260,0.3297002789414596,0.8927892607143721,0.6215555589414676,0,100,7,1810.77
15261,0.4732651829083049,-0.3690702464285427,-0.5582650288030239,1,135,1,254.82
15262,0.8921312832236181,-0.3690702464285427,-0.7702889906798777,1,323,1,178.95000000000002
15263,0.3575454287574991,-0.3690702464285427,-0.8505615549269601,1,106,1,156.51
15264,0.1170397163725763,-0.3690702464285427,-0.2968455307735914,1,64,1,393.74
15265,0.5269332605914481,0.0,0.5105977664900049,0,151,2,1506.12
15266,0.9139682839349972,-0.3690702464285427,-1.012987173794475,1,338,1,119.3
15267,-0.3842421425217144,0.6309297535714574,0.589652722572347,0,22,5,1717.36
15269,-0.3637064747277833,-0.3690702464285427,-0.2742795977428214,1,23,1,408.8
15270,-0.5593496184885577,0.8927892607143721,0.7860916569188778,0,15,7,2379.49
15271,-0.8938037818230972,1.5237190142858297,0.8142480987200221,0,7,15,2493.34
15272,0.0620598607283094,0.0,0.067842582115917,0,57,2,721.94
15274,-1.1205877535282016,0.0,0.0633490768803935,0,4,2,716.57
15275,-0.141975066077631,-0.3690702464285427,-0.0284989097223404,1,37,1,615.14
15276,0.1316625130805325,-0.3690702464285427,-0.9679687435546775,1,66,1,128.63
15277,-0.0394109047715109,-0.3690702464285427,-0.5557259898057998,1,46,1,255.9
15279,0.9362207740447313,-0.3690702464285427,-0.4795533444600039,1,354,1,290.51
15280,0.5893760917508755,-0.3690702464285427,-1.0447719887972184,1,172,1,113.12
15281,0.0703081874433432,1.0959032742893848,0.7739853500685744,0,58,9,2332.15
15286,-0.0095550718951481,-0.3690702464285427,-0.592858076628294,1,49,1,240.55
15287,-0.3842421425217144,0.0,-0.1694047734804578,0,22,2,486.69000000000005
15288,-0.0712366375332477,0.6309297535714574,0.7673280586652828,0,43,5,2306.52
15289,-0.2560362830983483,0.2618595071429148,0.2265813921460775,0,29,3,939.78
15290,-1.1205877535282016,1.680143859246375,1.5124185335431566,0,4,18,7943.22
15291,-0.3250846385913979,1.5237190142858297,1.1921267780991849,0,25,15,4668.3
15292,0.6641544422759992,-0.3690702464285427,-0.772167477045241,1,201,1,178.39
15296,0.0,0.7712437491614222,1.0476216183748084,0,50,6,3672.86
15297,-0.7401449642023266,0.2618595071429148,-0.0028379850493229,0,10,3,641.94
15298,-1.3670689647314018,1.3347175194727927,1.2088781325255649,0,2,12,4799.9
15299,0.1388110195737654,0.8927892607143721,1.170940142726003,0,67,7,4507.01
15300,0.1170397163725763,-0.3690702464285427,-0.1574744976746106,1,64,1,496.44
15301,0.0,1.3347175194727927,1.2394785663171022,0,50,12,5049.95
15303,0.8402993629831766,-0.3690702464285427,-0.0701264588464314,1,290,1,574.02
15304,0.0863935223647938,1.0000000000000002,0.044434630805177,0,60,8,694.4
15306,0.1170397163725763,0.2618595071429148,0.360747766348194,0,64,3,1174.35
15307,0.3052018519412955,-0.3690702464285427,-0.6879297272333253,1,95,1,205.3
15308,0.8130120723947015,-0.3690702464285427,-0.4396378453283084,1,274,1,310.47
15311,-1.8971662718267155,3.115909337343186,2.73733346542398,-1,0,91,60632.75
15312,0.1924790972569085,0.4649735207179271,0.2169400818642239,0,75,4,924.85
15313,0.3752544021003293,-0.3690702464285427,-1.5070116064109336,1,110,1,52.0
15314,0.6593532547739307,-0.3690702464285427,-0.4066925840568862,1,199,1,327.97
15315,0.1170397163725763,0.0,-0.0738271907578953,0,64,2,570.5
15316,0.8965784609058102,-0.3690702464285427,-0.8189209378952067,1,326,1,165.0
15318,-1.2282579451576368,-0.3690702464285427,-0.4354919068498117,1,3,1,312.62
15319,0.8285505824152961,-0.3690702464285427,-0.6902714173507599,1,283,1,204.5
15320,-0.0603931393375741,-0.3690702464285427,-0.5299398037538999,1,44,1,267.13
15321,0.1596422557462171,0.2618595071429148,0.8729055576459079,0,70,3,2748.31
15322,0.252124730073414,-0.3690702464285427,0.0315400886883623,1,85,1,679.68
15325,0.3438236880776809,-0.3690702464285427,-0.8308746975091599,1,103,1,161.74
15326,0.9067985329568812,-0.3690702464285427,-0.4372432196257378,1,333,1,311.71
15327,0.0185605714510143,-0.3690702464285427,-0.6779341298345454,1,52,1,208.75
15329,-0.1172252635245831,0.2618595071429148,0.2931803774331376,0,39,3,1049.7
15330,-0.2100476571070129,0.0,0.0619953080683269,0,32,2,714.96
15333,0.6805920782122185,-0.3690702464285427,0.2809306183583783,1,208,1,1028.56
15334,0.5425500075866052,0.2618595071429148,-0.3662199536172743,0,156,3,350.82
15335,0.0275798127937651,-0.3690702464285427,-0.8002607031675978,1,53,1,170.22
15339,0.1316625130805325,0.0,-0.0700740549705472,0,66,2,574.0699999999999
15341,0.2232229565545395,-0.3690702464285427,0.6875776877276465,1,80,1,2020.52
15342,0.4514938797071159,-0.3690702464285427,-0.2782784240126013,1,129,1,406.09
15343,0.263217525801292,-0.3690702464285427,-0.3432293142431571,1,87,1,364.5
15344,-1.8971662718267155,0.2618595071429148,-0.0807852381700132,0,0,3,563.9399999999999
15345,-0.0497879791871749,-0.3690702464285427,-0.2971509695272288,1,45,1,393.54
15346,0.9053517091956432,-0.3690702464285427,-0.5639459292638983,1,332,1,252.42
15347,0.9522615430325724,-0.3690702464285427,-0.6988371387627267,1,366,1,201.6
15348,0.1730463222010854,-0.3690702464285427,-0.844735457713325,1,72,1,158.04
15349,0.5486578785463281,0.0,-0.1982352074531085,0,158,2,463.91
15350,0.9613781638636149,-0.3690702464285427,-1.0315564825627166,1,373,1,115.65
15351,-0.6595388019259375,0.8927892607143721,0.6614200527029812,0,12,7,1934.66
15353,0.7765785182985138,0.0,0.1067269102994098,0,254,2,770.12
15355,-0.2560362830983483,0.0,-0.5080446059775805,0,29,2,277.05
15356,-0.2248954551540181,1.1826583386441385,0.866230884057583,0,31,10,2718.03
15358,-1.1205877535282016,1.854049830200271,1.542312843135891,0,4,22,8347.2
15360,-0.1172252635245831,-0.3690702464285427,-0.2467820888569907,1,39,1,427.93
15361,0.9456425728102248,-0.3690702464285427,-0.2595769442157542,1,361,1,418.92
15363,0.960086287957098,-0.3690702464285427,-0.4103125858526349,1,372,1,326.0
15364,0.3052018519412955,0.0,0.2093016830211284,0,95,2,913.19
15365,-0.3250846385913979,0.8927892607143721,0.7693618733766516,0,25,7,2314.32
15366,0.1924790972569085,0.0,-0.0409816198949474,0,75,2,602.51
15367,0.0620598607283094,0.4649735207179271,0.6433833826208754,0,57,4,1877.59
15368,-0.405690800867787,-0.3690702464285427,-0.2206460245752796,1,21,1,446.94000000000005
15370,-0.1053106986008894,0.8927892607143721,0.7877502314801209,0,40,7,2386.05
15372,0.4803093279081389,-0.3690702464285427,0.6836533698698422,1,137,1,2007.4
15373,-0.836971657636088,1.3347175194727927,0.7952426364955509,0,8,12,2415.91
15374,0.4477678738341883,-0.3690702464285427,-0.808126170473444,1,128,1,168.0
15376,-0.1053106986008894,0.2618595071429148,0.3844823969183117,0,40,3,1221.56
15379,0.5809353745377399,0.8927892607143721,1.0525930579658065,0,169,7,3703.29
15380,-0.836971657636088,0.6309297535714574,0.5800720127088012,0,8,5,1690.2600000000002
15381,0.6919995920920387,0.0,-0.046660617804175,0,213,2,596.8499999999999
15382,-0.5904904464328878,0.7712437491614222,1.3388877290203265,0,14,6,5955.71
15384,0.5809353745377399,0.0,-0.0023975681667938,0,169,2,642.41
15385,-0.1053106986008894,-0.3690702464285427,-0.4273604555723262,1,40,1,316.88
15386,0.6269240005290753,-0.3690702464285427,-0.296235117255288,1,186,1,394.14
15389,0.5893760917508755,-0.3690702464285427,-0.1531766096255178,1,172,1,500.0
15392,-1.1205877535282016,0.4649735207179271,0.5222454366477144,0,4,4,1535.53
15393,-0.5300973070953137,0.0,-0.6149401451759939,0,16,2,231.86
15394,-0.786133590193662,0.4649735207179271,0.7343197926722528,0,9,4,2183.54
15395,0.8951006179041536,-0.3690702464285427,-1.0754859365657243,1,325,1,107.45
15396,0.3838709768396838,-0.3690702464285427,-0.4843899329345607,1,112,1,288.18
15397,0.8386383790268235,-0.3690702464285427,-1.1552897630173402,1,289,1,94.0
15398,-0.5300973070953137,0.0,0.4426927104897745,0,16,2,1345.5300000000002
15399,-1.562712108492176,0.2618595071429148,0.141389841938291,0,1,3,815.77
15400,0.2898826172541031,0.6309297535714574,0.063038231313256,0,92,5,716.2
15402,0.517314695655502,0.0,-0.0172287870684947,0,148,2,626.77
15405,0.634603452220883,-0.3690702464285427,-0.3691736573452831,1,189,1,349.1
15406,-0.2248954551540181,0.0,-0.1404284998038482,0,31,2,510.71
15407,-0.1956431437607741,0.4649735207179271,0.2914800965377142,0,33,4,1046.74
15408,0.7951390897495282,-0.3690702464285427,-0.5298274262600019,1,264,1,267.18
15410,0.2464812112032003,1.0000000000000002,1.0100525528386246,0,84,8,3450.84
15411,-0.3068743505407743,0.4649735207179271,0.4442125943283079,0,26,4,1348.93
15412,0.5865788934079535,-0.3690702464285427,-0.7327018675744422,1,171,1,190.53
15414,-0.786133590193662,0.2618595071429148,0.1104513297185287,0,9,3,774.9000000000001
15415,0.8770041709211447,-0.3690702464285427,-0.0854223810599238,1,313,1,559.61
15416,0.1170397163725763,0.4649735207179271,1.096665495458594,0,64,4,3984.32
15417,0.252124730073414,-0.3690702464285427,-0.142682305555788,1,85,1,508.8
15419,-0.3440092352296877,-0.3690702464285427,-0.935258091421199,1,24,1,135.86
15421,0.0703081874433432,0.4649735207179271,0.2333214272600536,0,58,4,950.36
15422,0.8921312832236181,0.0,-1.13226208412581,0,323,2,97.7
15423,-0.1294414948306238,-0.3690702464285427,-1.612363763786083,1,38,1,43.5
15424,0.7765785182985138,0.0,-0.312937245119599,0,254,2,383.34
15426,-0.4516794268591226,0.6309297535714574,0.468340986925733,0,19,5,1404.07
15427,-0.1956431437607741,0.2618595071429148,0.4795894231432268,0,33,3,1430.54
15428,-0.5593496184885577,-0.3690702464285427,-1.1566870887762704,1,15,1,93.78
15429,-0.3068743505407743,0.0,-0.2913588087304588,0,26,2,397.35
15432,-0.3637064747277833,-0.3690702464285427,-0.7968559535186571,1,23,1,171.19
15433,0.6919995920920387,0.0,-0.1143925659920424,0,213,2,533.3
15434,-0.836971657636088,0.6309297535714574,0.2884467649055603,0,8,5,1041.48
15435,-0.3842421425217144,-0.3690702464285427,-0.8788411694780339,1,22,1,149.29
15436,-0.6595388019259375,0.2618595071429148,0.3034461056591839,0,12,3,1067.75
15437,0.7914836528511833,-0.3690702464285427,-0.7031361271680581,1,262,1,200.16
15438,0.4588606695620659,-0.3690702464285427,-0.8502937684392992,1,131,1,156.57999999999998
15440,0.0364335540961874,0.2618595071429148,-0.3124043195688568,0,54,3,383.68
15442,0.7650895145044322,-0.3690702464285427,-0.0495405687039348,1,248,1,594.0
15443,-1.562712108492176,0.8927892607143721,0.9671363208761676,0,1,7,3213.59
15444,-0.786133590193662,0.0,0.4713958683763843,0,9,2,1411.21
15445,0.7951390897495282,-0.3690702464285427,-1.0427684626795966,1,264,1,113.5
15447,0.9024449813519584,-0.3690702464285427,-0.8557108270427017,1,330,1,155.17
15448,0.8754650456516969,-0.3690702464285427,-0.1596593091951718,1,312,1,494.64
15449,-0.3068743505407743,0.2618595071429148,0.2484358043490755,0,26,3,974.52
15450,-0.2402146898412107,-0.3690702464285427,-0.2441042957052567,1,30,1,429.84
15452,-0.2560362830983483,0.2618595071429148,-0.1198542104043574,0,29,3,528.48
15453,-1.562712108492176,0.8927892607143721,0.4543244701536381,0,1,7,1371.77
15454,0.9469736505173758,-0.3690702464285427,-0.7697868172839781,1,362,1,179.1
15456,0.8285505824152961,0.2618595071429148,-0.2374959963018791,0,283,3,434.59
15457,0.7914836528511833,-0.3690702464285427,-0.6016041841615185,1,262,1,237.07
15458,-0.3250846385913979,-0.3690702464285427,-0.8312451515965361,1,25,1,161.64
15460,0.9362207740447313,-0.3690702464285427,-0.6623061797475202,1,354,1,214.26
15462,0.3001492888863435,0.2618595071429148,-0.6078898348496855,0,94,3,234.6
15463,-0.2560362830983483,-0.3690702464285427,-0.9796581891011904,1,29,1,126.14
15464,0.9139682839349972,-0.3690702464285427,0.2902766646437133,1,338,1,1044.65
15465,-0.4516794268591226,1.680143859246375,1.4660233398035931,0,19,18,7354.62
15466,0.252124730073414,-0.3690702464285427,-0.3947925502486083,1,85,1,334.53
15467,-0.786133590193662,0.2618595071429148,-0.1239659801594419,0,9,3,524.88
15468,0.0093695247431415,0.0,-0.1935862798389819,0,51,2,467.51
15469,0.0,0.0,-0.1084994583462502,0,50,2,538.55
15471,-1.3670689647314018,-0.3690702464285427,-0.2105855848997925,1,2,1,454.48
15472,0.3881222410176829,-0.3690702464285427,-0.3316987247495924,1,113,1,371.56
15473,-0.5904904464328878,0.8927892607143721,0.6082465853175931,0,14,7,1771.2
15475,0.2050126685039157,-0.3690702464285427,-0.2110753683468105,1,77,1,454.11
15478,-0.1053106986008894,0.0,0.4665582489066046,0,40,2,1399.92
15482,-0.5593496184885577,1.3347175194727927,1.7019961060211677,0,15,12,10879.76
15483,0.5576771198890786,0.4649735207179271,-0.6322691201362519,0,161,4,225.26
15484,-1.562712108492176,0.4649735207179271,1.0339417229179046,0,1,4,3590.41
15485,-0.2402146898412107,0.2618595071429148,0.8312013509138039,0,30,3,2564.5
15488,0.2898826172541031,-0.3690702464285427,-1.1725364432719316,1,92,1,91.32
15489,-0.3842421425217144,0.2618595071429148,0.3398424036047194,0,22,3,1134.28
15491,0.3052018519412955,0.7712437491614222,0.945471867463039,0,95,6,3100.09
15492,-0.2723943026062298,0.0,0.013365475479554,0,28,2,659.46
15493,-0.2100476571070129,0.6309297535714574,0.6672300034535379,0,32,5,1953.41
15494,-0.405690800867787,0.0,0.41289730577885,0,21,2,1280.5800000000002
15497,-0.5025174943015487,0.0,0.4041911176341389,0,17,2,1262.2
15498,-1.3670689647314018,2.0331032563043374,1.823785254855304,0,2,27,13316.4
15500,-0.836971657636088,0.4649735207179271,0.3383966911140894,0,8,4,1131.56
15502,-0.5593496184885577,1.3347175194727927,1.6739443698154244,0,15,12,10384.93
15503,0.9469736505173758,-0.3690702464285427,-0.9128679713615364,1,362,1,141.04
15504,0.22914346473365,-0.3690702464285427,-1.4976463680650438,1,81,1,52.83
15505,0.0185605714510143,0.6309297535714574,1.0373804880431967,0,52,5,3610.96
15506,-0.3842421425217144,0.2618595071429148,0.2469264452154481,0,22,3,972.08
15507,0.5865788934079535,-0.3690702464285427,-0.1829394286235743,1,171,1,475.86
15508,0.634603452220883,0.7712437491614222,0.2641382209572935,0,189,6,1000.27
15510,0.9024449813519584,-0.3690702464285427,-0.5697289084910301,1,330,1,250.0
15511,-0.6981606380623229,0.6309297535714574,0.2008970820652856,0,11,5,900.53
15512,0.5394668318384552,0.0,-1.0045299491712265,0,155,2,121.0
15513,-0.1956431437607741,1.726833027860842,1.885739868759806,0,33,19,14758.22
15514,-0.6595388019259375,1.261859507142915,1.1025946158882571,0,12,11,4023.72
15516,-0.0603931393375741,0.2618595071429148,-1.3987410362215291,0,44,3,62.43
15517,0.7351099755992296,-0.3690702464285427,-0.5301646216227324,1,233,1,267.03
15518,0.1170397163725763,1.0000000000000002,0.6573242056309835,0,64,8,1921.55
15520,-1.562712108492176,-0.3690702464285427,-0.3788919033822749,1,1,1,343.5
15521,-0.1053106986008894,1.0000000000000002,0.9257388637780292,0,40,8,3000.2
15522,-0.2100476571070129,0.0,-0.2903912847288159,0,32,2,397.99
15523,0.2464812112032003,-0.3690702464285427,-0.2695770533232661,1,84,1,412.0100000000001
15524,-0.3440092352296877,-0.3690702464285427,-0.2300567061231825,1,24,1,440.0
15525,-1.3670689647314018,0.2618595071429148,0.0781169952443527,0,2,3,734.37
15526,-0.1956431437607741,0.0,-0.8822595083078667,0,33,2,148.44
15527,-0.4764292294121705,1.0000000000000002,0.7983814298765843,0,18,8,2428.53
15528,0.7765785182985138,-0.3690702464285427,-0.621524161479919,1,254,1,229.33
15529,-0.3842421425217144,1.261859507142915,1.0933718412061448,0,22,11,3962.6
15530,-0.405690800867787,0.4649735207179271,0.5070643423870642,0,21,4,1497.31
15531,-0.836971657636088,0.0,0.6730547288376919,0,8,2,1972.39
15532,-0.3250846385913979,0.4649735207179271,0.5335914350027213,0,25,4,1564.73
15533,-0.4516794268591226,0.2618595071429148,0.1353085122912878,0,19,3,807.5699999999999
15535,0.5921571678236234,0.4649735207179271,-0.1496980328799801,0,173,4,502.9
15537,0.5635976280681896,-0.3690702464285427,-1.0565041042462526,1,163,1,110.92
15539,-0.8938037818230972,-0.3690702464285427,-0.1085999991314992,1,7,1,538.46
15540,-0.6981606380623229,-0.3690702464285427,-0.6650000294057814,1,11,1,213.3
15541,0.3923363757767996,-0.3690702464285427,-1.2143650698390356,1,114,1,85.13000000000001
15543,0.8369716576360883,-0.3690702464285427,-0.9715593970360674,1,288,1,127.86
15544,-0.786133590193662,1.0959032742893848,1.0265632343058235,0,9,9,3546.71
15545,0.0364335540961874,0.0,-0.4827457068564423,0,54,2,288.97
15547,-0.8938037818230972,1.4649735207179273,1.2226173066669122,0,7,14,4910.6
15549,0.2050126685039157,0.2618595071429148,0.5769278873497429,0,77,3,1681.46
15550,-1.1205877535282016,0.4649735207179271,-0.0684413386680121,0,4,4,575.63
15551,-0.1548429049949843,-0.3690702464285427,-0.2354654968127421,1,36,1,436.06
15552,0.7009353171450358,-0.3690702464285427,-1.180421750725404,1,217,1,90.12
15553,0.0863935223647938,-0.3690702464285427,-0.2453786191223919,1,60,1,428.93
15554,0.8182473718134535,-0.3690702464285427,-0.6541303809393034,1,277,1,217.2
15555,-0.6595388019259375,1.578901923162566,1.2082450924938084,0,12,16,4794.86
15556,-0.3440092352296877,-0.3690702464285427,-0.5021774771434853,1,24,1,279.77
15557,-0.2723943026062298,-0.3690702464285427,-0.1917880038941519,1,28,1,468.91
15561,-0.6981606380623229,0.4649735207179271,0.1300831748498767,0,11,4,800.59
15562,0.9321258524703706,-0.3690702464285427,-0.9410547380941592,1,351,1,134.55
15563,-0.3842421425217144,0.4649735207179271,0.4667819173190861,0,22,4,1400.44
15565,0.0,0.0,-0.7899997934284013,0,50,2,173.16000000000005
15567,-0.4764292294121705,-0.3690702464285427,-0.7470955703576178,1,18,1,186.01
15568,-1.3670689647314018,0.2618595071429148,0.0974091650582297,0,2,3,758.29
15569,0.3438236880776809,0.6309297535714574,0.4560517837288374,0,103,5,1375.71
15570,-0.8938037818230972,1.3347175194727927,1.1210427788330883,0,7,12,4148.820000000001
15571,-0.6981606380623229,0.4649735207179271,0.0050684500798301,0,11,4,650.4300000000001
15572,-1.1205877535282016,0.8927892607143721,0.823855396056653,0,4,7,2533.42
15573,-0.2248954551540181,0.0,-0.0523936367725762,0,31,2,591.1899999999999
15574,0.6031238981391972,0.4649735207179271,0.0279523101203201,0,177,4,675.64
15576,-0.141975066077631,-0.3690702464285427,0.2146704714075693,1,37,1,921.37
15577,0.5269332605914481,0.2618595071429148,-0.5487750966587405,0,151,3,258.88
15578,0.5606464545696141,-0.3690702464285427,-0.9751245204390888,1,162,1,127.1
15579,0.1458551645735994,0.0,-0.4073708265733377,0,68,2,327.6
15581,0.4168763434220624,1.4021735027328797,1.048098810953604,0,120,13,3675.77
15582,-0.3440092352296877,0.2618595071429148,0.0343932503591678,0,24,3,682.9100000000001
15584,-0.3637064747277833,0.4649735207179271,0.0669415477916159,0,23,4,720.86
15585,0.6004054945386567,-0.3690702464285427,-0.2095015353339374,1,176,1,455.3
15587,0.0,0.4649735207179271,0.2096246353989326,0,50,4,913.68
15589,0.7784670348496002,0.2618595071429148,-0.1795742928209492,0,255,3,478.53
15592,-0.0394109047715109,-0.3690702464285427,-0.3047757996071168,1,46,1,388.58
15593,0.1596422557462171,-0.3690702464285427,-0.7042156827601153,1,70,1,199.8
15594,-0.5593496184885577,0.6309297535714574,0.6084438000888304,0,15,5,1771.78
15596,0.3297002789414596,0.6309297535714574,0.4694209493673703,0,100,5,1406.59
15597,-0.1680633309670091,-0.3690702464285427,-0.412953990029,1,35,1,324.57
15598,0.0275798127937651,-0.3690702464285427,-0.5925338007036156,1,53,1,240.68
15599,-0.3068743505407743,0.0,0.100141424014424,0,26,2,761.74
15601,-0.6981606380623229,1.4649735207179273,1.4166945329472314,0,11,14,6776.56
15602,-0.836971657636088,1.0959032742893848,0.4209739560216941,0,8,9,1297.87
15603,0.2111594441492347,-0.3690702464285427,-1.5484306111707122,1,78,1,48.48
15604,0.0185605714510143,-0.3690702464285427,-0.6563718505261902,1,52,1,216.39
15605,-0.1548429049949843,0.6309297535714574,0.3728701322910607,0,36,5,1198.23
15606,0.0942394734933288,1.0959032742893848,0.9094472557485214,0,61,9,2920.16
15607,0.9111131551142568,-0.3690702464285427,-1.0906236612212534,1,336,1,104.76
15608,-0.2723943026062298,0.4649735207179271,0.3178940379776167,0,28,4,1093.68
15609,0.6217356133035294,-0.3690702464285427,-0.4632967432852898,1,184,1,298.48
15610,0.0093695247431415,-0.3690702464285427,-1.0482677060024188,1,51,1,112.46
15611,-0.786133590193662,1.4021735027328797,0.5437899084543156,0,9,13,1591.45
15612,-0.1548429049949843,0.0,-0.7183365784598776,0,36,2,195.15
15615,-0.7401449642023266,1.8927892607143728,1.6748031765523557,0,10,23,10399.74
15618,-0.2100476571070129,0.4649735207179271,0.1119648955273282,0,32,4,776.851
15619,-0.7401449642023266,-0.3690702464285427,-0.3914429107705271,1,10,1,336.40000000000003
15620,0.0536680776831433,0.2618595071429148,0.5291290490049679,0,56,3,1553.1799999999998
15621,-1.1205877535282016,0.4649735207179271,0.4187239414518061,0,4,4,1293.03
15622,-0.0712366375332477,1.0959032742893848,1.0536123309339738,0,43,9,3709.56
15623,0.4940964190807566,-0.3690702464285427,-0.4581866931343903,1,141,1,301.03
15624,0.40065581226469,0.4649735207179271,-0.055515975912348,0,116,4,588.13
15625,0.3438236880776809,0.4649735207179271,0.5217470832133656,0,103,4,1534.2599999999998
15626,0.1860880718656259,0.0,0.0280948072804065,0,74,2,675.8
15628,-1.1205877535282016,1.0959032742893848,0.8990587755491427,0,4,9,2870.24
15630,-0.0497879791871749,0.0,0.3668698834324004,0,45,2,1186.35
15632,-0.5593496184885577,1.0000000000000002,0.9804350349274374,0,15,8,3285.31
15634,-0.5025174943015487,-0.3690702464285427,-0.5854188741459104,1,17,1,243.55
15636,0.2740610239969653,0.0,0.0701889517460164,0,89,2,724.76
15637,0.0185605714510143,-0.3690702464285427,-0.6373515447248165,1,52,1,223.36
15639,0.4697041677577397,-0.3690702464285427,-0.2504606163370499,1,134,1,425.32
15640,-1.1205877535282016,1.5237190142858297,1.781599189486274,0,4,15,12416.11
15641,0.3530147347855537,0.4649735207179271,0.6464586165187002,0,105,4,1887.2000000000005
15643,0.639656015275835,0.2618595071429148,0.0174942023835852,0,191,3,664.0
15644,0.5723443696223416,0.4649735207179271,0.1322971209437174,0,166,4,803.54
15645,-0.4764292294121705,-0.3690702464285427,-0.031568395481653,1,18,1,612.01
15646,0.5456136074837743,0.2618595071429148,-0.2197049277389332,0,157,3,447.64
15648,0.6712678196976245,0.0,-0.0051295913682929,0,204,2,639.5
15649,0.9111131551142568,0.0,0.1415595342452186,0,336,2,816.0
15651,-0.1548429049949843,0.2618595071429148,0.0012352818935505,0,36,3,646.3
15652,0.2846661841473646,-0.3690702464285427,-0.3890540327769596,1,91,1,337.74
15653,0.2898826172541031,0.0,0.1852598153211215,0,92,2,877.4399999999999
15654,-0.786133590193662,0.0,0.2154279582763404,0,9,2,922.53
15655,0.755301849033873,-0.3690702464285427,-0.0842838890082149,1,243,1,560.67
15656,-0.0497879791871749,0.4649735207179271,0.089587752002922,0,45,4,748.5
15657,-0.3842421425217144,-0.3690702464285427,-1.8302380224240804,1,22,1,30.0
15658,0.6371363470810009,0.6309297535714574,0.2783141179511202,0,190,5,1024.1
15659,-0.0712366375332477,-0.3690702464285427,-0.4474671442669382,1,43,1,306.45
15660,-0.3250846385913979,1.0959032742893848,0.5473408134317425,0,25,9,1600.86
15661,0.8831120418808676,0.0,-0.4409356858766642,0,317,2,309.79999999999995
15663,0.3575454287574991,-0.3690702464285427,-0.9253003492705276,1,106,1,138.14
15664,0.0,-0.3690702464285427,-0.3081111248640671,1,50,1,386.43
15665,0.5780886679748406,0.0,0.7448951145017512,0,168,2,2222.21
15667,-0.1172252635245831,-0.3690702464285427,-0.4576082845407264,1,39,1,301.32
15668,0.7009353171450358,-0.3690702464285427,-1.279398599010446,1,217,1,76.32000000000001
15669,-0.1053106986008894,0.4649735207179271,0.0356521139640645,0,40,4,684.34
15670,0.8501469570836147,-0.3690702464285427,-0.790380575675556,1,296,1,173.05
15671,-0.4764292294121705,0.8927892607143721,0.852578511362666,0,18,7,2657.13
15673,0.2686697348046577,0.4649735207179271,0.8680457353381911,0,88,4,2726.23
15674,0.1796112583395553,0.6309297535714574,0.8028474537468611,0,73,5,2446.6000000000004
15675,0.22914346473365,0.2618595071429148,-0.4145852423012075,0,81,3,323.69
15676,-0.4764292294121705,0.2618595071429148,1.0074138146642853,0,18,3,3435.76
15677,-0.0095550718951481,-0.3690702464285427,0.0113270830568541,1,49,1,657.23
15678,0.0185605714510143,-0.3690702464285427,-0.3630079592157312,1,52,1,352.7
15679,-0.3440092352296877,0.4649735207179271,0.115386824671245,0,24,4,781.28
15680,-0.786133590193662,0.2618595071429148,0.4373653071375185,0,9,3,1333.68
15681,-0.3250846385913979,0.6309297535714574,0.4777425753674063,0,25,5,1426.16
15683,0.4047623507778827,-0.3690702464285427,-0.7226536520735158,1,117,1,193.75
15687,-0.836971657636088,1.0959032742893848,0.9243113744699152,0,8,9,2993.1
15689,0.4128720435707305,0.0,-0.559963683531802,0,119,2,254.1
15690,-1.1205877535282016,0.0,-0.5948324370896648,0,4,2,239.76
15691,0.7727791651026745,-0.3690702464285427,-0.9311327550522158,1,252,1,136.8
15692,-0.2723943026062298,-0.3690702464285427,-0.7310991720227634,1,28,1,191.04
15694,-1.8971662718267155,1.4649735207179273,1.3896728982019924,0,0,14,6479.4
15695,0.7987670418999716,0.0,-0.2725466687285069,0,266,2,409.98
15696,-0.1956431437607741,1.0000000000000002,0.8646950631918089,0,33,8,2711.11
15699,-0.5025174943015487,-0.3690702464285427,-0.4412266304808071,1,17,1,309.65
15700,0.5893760917508755,0.0,0.0464074369391002,0,172,2,696.68
15701,-1.3670689647314018,0.4649735207179271,0.5196786377034344,0,2,4,1529.0
15703,0.7951390897495282,-0.3690702464285427,-0.6700836824349196,1,264,1,211.5
15704,0.4906864023238029,0.4649735207179271,0.7639493071480471,0,140,4,2293.62
15705,0.6641544422759992,-0.3690702464285427,-0.9041899366517178,1,201,1,143.1
15706,0.1095587081805211,0.4649735207179271,0.2993778057080161,0,63,4,1060.56
15707,-0.1680633309670091,0.4649735207179271,0.2117951251544154,0,35,4,916.98
15708,-0.1053106986008894,0.8927892607143721,0.971183654884159,0,40,7,3235.25
15709,0.8285505824152961,-0.3690702464285427,-0.9468627834614672,1,283,1,133.25
15712,-0.786133590193662,0.6309297535714574,0.3060401957771637,0,9,5,1072.36
15713,0.5008449957020699,0.0,-0.356230359134194,0,143,2,356.70000000000005
15714,-0.6981606380623229,0.0,-0.402930314337429,0,11,2,330.03000000000003
15716,0.507500485535625,0.4649735207179271,0.321970910752935,0,145,4,1101.11
15717,0.737167613527003,-0.3690702464285427,-0.8748044247000643,1,234,1,150.3
15719,-0.2100476571070129,1.4021735027328797,1.237101755472503,0,32,13,5030.07
15720,-0.3440092352296877,-0.3690702464285427,-0.0447683661065438,1,24,1,598.73
15721,-0.6981606380623229,-0.3690702464285427,-0.1886028399566234,1,11,1,471.4
15722,-0.1680633309670091,0.6309297535714574,0.7419057143161655,0,35,5,2211.21
15723,0.9496248404995996,-0.3690702464285427,-0.732167162035718,1,364,1,190.7
15724,0.6641544422759992,0.0,-0.6512371243939851,0,201,2,218.25
15725,-0.5593496184885577,-0.3690702464285427,-0.2648674781348439,1,15,1,415.25
15727,-0.5300973070953137,0.8927892607143721,1.2523592114806603,0,16,7,5159.06
15729,0.6897395628415309,-0.3690702464285427,-1.215275427598262,1,212,1,85.0
15730,0.1244065062275264,0.2618595071429148,0.3326863631476655,0,65,3,1120.88
15732,0.6897395628415309,0.0,-0.4721355696070766,0,212,2,294.12
15733,0.8268485864253822,-0.3690702464285427,-0.8288043521286694,1,282,1,162.3
15734,0.3923363757767996,0.0,0.4399652082325816,0,114,2,1339.4500000000005
15737,-0.5904904464328878,1.0000000000000002,0.3677676558171401,0,14,8,1188.12
15738,-0.4764292294121705,1.578901923162566,1.2104478129184042,0,18,16,4812.42
15739,0.1316625130805325,-0.3690702464285427,-0.2177200050116079,1,66,1,449.12
15740,-0.0095550718951481,-0.3690702464285427,-0.8568310363277072,1,49,1,154.88
15743,-0.5300973070953137,0.4649735207179271,0.1112741383930394,0,16,4,775.96
15744,0.2050126685039157,-0.3690702464285427,-1.7434741049342724,1,77,1,34.8
15745,-0.4516794268591226,0.4649735207179271,0.3183948433679243,0,19,4,1094.59
15746,0.4697041677577397,-0.3690702464285427,-0.7130442737995877,1,134,1,196.88
15747,-0.6595388019259375,0.2618595071429148,0.2309601675181633,0,12,3,946.64
15748,-0.1053106986008894,-0.3690702464285427,-0.8989429499630015,1,40,1,144.36
15749,0.7392165141124223,0.2618595071429148,2.551361156402783,-1,235,3,44534.3
15750,-1.3670689647314018,1.0000000000000002,0.8068845150697561,0,2,8,2463.05
15752,-0.1172252635245831,0.8927892607143721,0.8456162248608334,0,39,7,2626.6
15753,0.8629720406633079,-0.3690702464285427,-1.2573576435973388,1,304,1,79.2
15754,0.0093695247431415,0.2618595071429148,-0.2051978451805825,0,51,3,458.5700000000001
15755,-0.7401449642023266,0.7712437491614222,0.7822207943655916,0,10,6,2364.25
15756,0.0942394734933288,0.4649735207179271,-0.1203894353652577,0,61,4,528.01
15757,0.1244065062275264,0.0,0.0615405671151768,0,65,2,714.4200000000001
15758,-0.3440092352296877,-0.3690702464285427,-0.6880758166136988,1,24,1,205.25
15759,0.7031436292963993,0.2618595071429148,-0.5624732257518568,0,218,3,253.04
15762,0.1244065062275264,0.0,-0.060013543045562,0,65,2,583.75
15763,-0.2248954551540181,0.0,0.3141606840313409,0,31,2,1086.92
15764,0.2686697348046577,0.7712437491614222,0.9794549108644024,0,88,6,3279.9700000000003
15766,0.1170397163725763,-0.3690702464285427,-0.4308210416617762,1,64,1,315.06
15768,0.396514024062849,0.2618595071429148,-0.0219902018456046,0,115,3,621.8299999999999
15769,-0.8938037818230972,2.0,2.692143942525351,-1,7,26,56252.72
15773,-1.0326148013968623,-0.3690702464285427,-0.0087348612535268,1,5,1,635.6800000000001
15774,0.1458551645735994,-0.3690702464285427,-0.5217464722651002,1,68,1,270.8
15775,0.7592407718289634,-0.3690702464285427,-1.0898263744848482,1,245,1,104.9
15776,0.466116676415072,-0.3690702464285427,-0.5901942139059428,1,133,1,241.62
15777,0.751330506756602,0.4649735207179271,0.2916928941563932,0,241,4,1047.11
15780,0.6191203474819041,0.2618595071429148,-0.1836729226536168,0,183,3,475.28
15781,-0.3250846385913979,0.2618595071429148,-0.3754726635695145,0,25,3,345.46000000000004
15782,-0.786133590193662,0.2618595071429148,0.8428897428182459,0,9,3,2614.74
15783,-0.7401449642023266,-0.3690702464285427,-0.5786793415880845,1,10,1,246.3
15785,-0.2100476571070129,0.6309297535714574,0.7731633424784324,0,32,5,2328.9700000000003
15786,-0.0394109047715109,0.2618595071429148,1.2236471719609427,0,46,3,4919.0
15787,-0.3068743505407743,0.2618595071429148,0.2223899445447312,0,26,3,933.26
15789,0.9416271652029824,-0.3690702464285427,-0.3653982411876137,1,358,1,351.3
15790,-0.7401449642023266,-0.3690702464285427,-0.6498642496869604,1,10,1,218.75
15791,-0.0712366375332477,0.0,0.5517754360636625,0,43,2,1612.69
15793,-0.5904904464328878,0.2618595071429148,0.2429057718167398,0,14,3,965.61
15795,0.5205422352001655,-0.3690702464285427,-0.0335379458881457,1,149,1,610.01
15796,-1.562712108492176,1.0000000000000002,0.8641392508495148,0,1,8,2708.61
15797,0.3881222410176829,0.4649735207179271,0.7408668277906036,0,113,4,2207.4
15799,0.1924790972569085,0.2618595071429148,0.189839198231996,0,75,3,884.14
15800,0.3620339761283047,0.0,0.0465888184039763,0,107,2,696.89
15801,-0.0394109047715109,0.2618595071429148,0.3012993830484038,0,46,3,1063.95
15802,0.4974825056984513,-0.3690702464285427,-0.2146482431107208,1,142,1,451.42
15803,0.0093695247431415,-0.3690702464285427,-0.264042735092838,1,51,1,415.8200000000001
15804,-1.8971662718267155,1.4021735027328797,1.1293463902242364,0,0,13,4206.39
15805,-0.3637064747277833,1.6309297535714573,1.2896240480529078,0,23,17,5488.18
15806,-0.0394109047715109,0.2618595071429148,0.1179238951559244,0,46,3,784.58
15807,0.0,0.2618595071429148,0.2031457974938657,0,50,3,903.9
15808,0.866125747072179,0.4649735207179271,1.0440693602946194,-1,306,4,3651.27
15809,-0.1548429049949843,0.6309297535714574,-0.1344981077904239,0,36,5,515.77
15810,0.2111594441492347,0.4649735207179271,0.4631326536705265,0,78,4,1391.98
15811,-0.3842421425217144,0.7712437491614222,0.7439211119842787,0,22,6,2218.62
15812,0.3620339761283047,0.6309297535714574,0.6183435613251498,0,107,5,1801.14
15813,0.6782778514122204,0.0,0.4237700944155379,0,207,2,1303.91
15814,-0.5300973070953137,0.4649735207179271,0.6647331663457142,0,16,4,1945.33
15815,0.1095587081805211,0.6309297535714574,0.7109918130767942,0,63,5,2100.6
15819,-0.0095550718951481,0.4649735207179271,0.6522558357529695,0,49,4,1905.45
15820,0.8861372264790353,-0.3690702464285427,-0.6830415952142667,1,319,1,206.98
15821,-0.0603931393375741,0.0,-0.073342279675018,0,44,2,570.96
15822,-1.2282579451576368,0.0,0.1907441154080934,0,3,2,885.47
15823,0.960086287957098,-0.3690702464285427,-2.22885742172905,1,372,1,15.0
15825,0.5893760917508755,-0.3690702464285427,-0.1147987837578884,1,172,1,532.94
15826,0.0536680776831433,0.2618595071429148,0.5671228729076391,0,56,3,1654.31
15827,0.1796112583395553,1.4649735207179273,0.6299200342525877,0,73,14,1836.09
15829,0.3248990914393916,0.0,-0.0082995749328398,0,99,2,636.14
15830,-0.141975066077631,-0.3690702464285427,-0.06805473993205,1,37,1,576.0
15831,0.0703081874433432,0.2618595071429148,0.1255928604732896,0,58,3,794.64
15832,0.7765785182985138,-0.3690702464285427,0.1567041997333881,1,254,1,836.79
15834,0.1596422557462171,0.4649735207179271,0.7456915948769365,0,70,4,2225.15
15835,-0.0603931393375741,0.4649735207179271,0.2356797823629118,0,44,4,954.09
15836,0.0,-0.3690702464285427,-0.9286449049801692,1,50,1,137.37
15837,0.1170397163725763,-0.3690702464285427,-0.2995387192671401,1,64,1,391.98
15838,-0.6981606380623229,1.726833027860842,2.382339259785592,0,11,19,33643.08
15839,-0.1956431437607741,0.2618595071429148,0.2924859097126176,0,33,3,1048.49
15840,0.0703081874433432,0.0,-0.3581542220474181,0,58,2,355.56
15841,0.1730463222010854,0.4649735207179271,0.3857135764832874,0,72,4,1224.06
15843,0.8613874239259875,-0.3690702464285427,-1.0147431967434914,1,303,1,118.95000000000002
15844,-0.0394109047715109,-0.3690702464285427,-0.958237655908406,1,46,1,130.73999999999998
15845,-0.5025174943015487,1.0000000000000002,1.0539711857270164,0,17,8,3711.77
15847,-0.1294414948306238,0.0,-0.3037092934682343,0,38,2,389.27
15850,-0.4516794268591226,0.0,-0.6071739881293292,0,19,2,234.88
15852,0.6269240005290753,0.0,-0.8347013245596561,0,186,2,160.71
15853,0.0093695247431415,-0.3690702464285427,-1.0571506536403996,1,51,1,110.8
15854,-1.1205877535282016,1.3347175194727927,0.9194649316148248,0,4,12,2969.12
15855,0.476800109801566,0.6309297535714574,0.059701264546718,0,136,5,712.24
15856,-1.1205877535282016,2.0331032563043374,1.9398134519273265,0,4,27,16143.64
15857,-0.4764292294121705,-0.3690702464285427,-0.4662825690646465,1,18,1,297.0
15858,-0.5593496184885577,0.6309297535714574,0.4783377264611736,0,15,5,1427.5700000000002
15860,-0.1053106986008894,1.0000000000000002,0.2426251266432318,0,40,8,965.16
15861,-0.6595388019259375,1.0000000000000002,0.9545051646915794,0,12,8,3146.92
15862,-0.836971657636088,0.4649735207179271,0.1538848287040847,0,8,4,832.88
15863,-0.3250846385913979,0.0,-1.3407199173518278,0,25,2,68.84
15864,-0.3842421425217144,0.7712437491614222,0.6619366927799523,0,22,6,1936.32
15865,-0.1053106986008894,0.2618595071429148,0.1972762136449036,0,40,3,895.13
15866,0.3344541633345393,-0.3690702464285427,-0.6689785796219301,1,101,1,211.89
15867,-1.0326148013968623,1.5237190142858297,1.0697316518976383,0,5,15,3810.14
15869,0.8182473718134535,0.0,-0.8774392341267113,0,277,2,149.64
15870,-0.2100476571070129,-0.3690702464285427,-0.3651587859442083,1,32,1,351.44
15872,-0.5904904464328878,0.0,-0.4285561034493556,0,14,2,316.25
15874,0.1095587081805211,0.8927892607143721,1.1572657552907812,0,63,7,4405.88
15877,-1.562712108492176,0.0,-0.1649231326007899,0,1,2,490.33
15880,0.9561897766380688,-0.3690702464285427,-0.4047537258144409,1,369,1,329.03000000000003
15881,0.8754650456516969,0.6309297535714574,-0.1515067862295799,0,312,5,501.39
15882,0.6569346263371555,0.4649735207179271,-0.1338104028351665,0,198,4,516.36
15883,-1.3670689647314018,0.0,-0.2926765324126615,0,2,2,396.48
15885,0.2898826172541031,0.2618595071429148,-0.3192267528926305,0,92,3,379.35
15886,0.0863935223647938,-0.3690702464285427,-0.763163947391876,1,60,1,181.09
15888,0.2232229565545395,-0.3690702464285427,-0.8070216539626562,1,80,1,168.31
15889,0.5425500075866052,0.0,-0.257928658437929,0,156,2,420.07
15891,0.7204554542873731,-0.3690702464285427,-0.1392871158418208,1,226,1,511.68
15894,0.7746825812311168,0.0,-0.5502379132169777,0,253,2,258.25
15895,0.5205422352001655,-0.3690702464285427,-0.7695526128149115,1,149,1,179.17
15897,0.6471370234678903,0.0,-0.6783940462861311,0,194,2,208.59
15898,-1.562712108492176,0.6309297535714574,0.4595960894412231,0,1,5,1383.83
15899,0.9548839155897378,-0.3690702464285427,-1.4605225400804522,1,368,1,56.25
15900,-0.3637064747277833,-0.3690702464285427,-0.3898730284967905,1,23,1,337.28
15901,-0.5300973070953137,0.2618595071429148,-0.3646630739507069,0,16,3,351.73
15903,-0.786133590193662,0.8927892607143721,1.2485747348802012,0,9,7,5126.76
15904,-0.836971657636088,-0.3690702464285427,-0.8200838745527558,1,8,1,164.68
15906,-0.4516794268591226,0.8927892607143721,0.5347297432499998,0,19,7,1567.6899999999998
15907,-1.2282579451576368,0.2618595071429148,0.1888715439816325,0,3,3,882.72
15909,0.5921571678236234,-0.3690702464285427,-0.7282812409595496,1,173,1,191.94
15910,-1.8971662718267155,1.0000000000000002,0.3880802150970573,0,0,8,1228.88
15912,0.6058270725080276,0.0,-0.5356082530582248,0,178,2,264.62
15916,-0.5300973070953137,1.0000000000000002,0.5092926925098592,0,16,8,1502.86
15917,0.7631478001624079,-0.3690702464285427,-0.9942440217792292,1,247,1,123.1
15918,0.6371363470810009,0.0,-0.3953316626965454,0,190,2,334.23
15919,-0.4516794268591226,0.0,-0.1230383831305576,0,19,2,525.69
15920,0.5363638284573033,0.4649735207179271,-0.8099119250710877,0,154,4,167.5
15921,0.5893760917508755,-0.3690702464285427,-0.4158115855089288,1,172,1,323.03000000000003
15922,0.9613781638636149,-0.3690702464285427,-0.3350404418557587,1,373,1,369.5
15923,0.960086287957098,-0.3690702464285427,-0.975218624855828,1,372,1,127.08
15925,0.6471370234678903,-0.3690702464285427,-0.6825491644797268,1,194,1,207.15
15930,0.1388110195737654,-0.3690702464285427,-0.2486114991915488,1,67,1,426.63
15932,-1.1205877535282016,1.0000000000000002,0.8148590969437434,0,4,8,2495.87
15933,-0.405690800867787,0.2618595071429148,0.3254334593705331,0,21,3,1107.46
15935,0.7473262069052701,0.0,-0.2625408427998066,0,239,2,416.86
15937,0.1170397163725763,-0.3690702464285427,-0.8948521261367259,1,64,1,145.35
15938,0.3838709768396838,0.6309297535714574,-0.2805181167989443,0,112,5,404.58
15939,0.2740610239969653,1.5237190142858297,1.3547937329847652,0,89,15,6115.01
15940,0.8739209951729948,-0.3690702464285427,-1.7268699766824946,1,311,1,35.8
15942,0.466116676415072,-0.3690702464285427,-0.3895880341726352,1,133,1,337.44
15944,0.8165085758314399,-0.3690702464285427,-0.4119736573747724,1,276,1,325.1
15945,0.9509449927946468,-0.3690702464285427,-0.7634619081011774,1,365,1,181.0
15947,0.2349922074091187,-0.3690702464285427,0.5864454862545233,1,82,1,1708.24
15948,-0.836971657636088,0.0,0.2364050318800338,0,8,2,955.24
15949,-0.5300973070953137,0.0,-0.3428666540700992,0,16,2,364.72
15950,-0.2248954551540181,0.4649735207179271,0.5991698290371982,0,31,4,1744.71
15951,-0.836971657636088,0.0,0.0562947332867339,0,8,2,708.22
15952,-0.1956431437607741,0.4649735207179271,0.1158720000353155,0,33,4,781.91
15953,-0.5593496184885577,1.0000000000000002,0.5682032690547795,0,15,8,1657.28
15955,-0.3440092352296877,1.4649735207179273,1.1586836709410036,0,24,14,4416.26
15957,-0.2248954551540181,-0.3690702464285427,-0.2454346952068015,1,31,1,428.89
15958,0.1860880718656259,-0.3690702464285427,-1.0929646580697745,1,74,1,104.35
15963,-0.4516794268591226,0.0,-0.1894199107284734,0,19,2,470.76
15965,-0.5025174943015487,0.4649735207179271,0.1362767278878067,0,17,4,808.87
15967,-0.3637064747277833,0.0,-0.2908597352095838,0,23,2,397.68
15969,-1.3670689647314018,0.2618595071429148,0.0193944406443901,0,2,3,666.1
15970,0.8613874239259875,-0.3690702464285427,-0.4326544421070689,1,303,1,314.1
15971,-0.5025174943015487,1.3347175194727927,1.128408832602937,0,17,12,4199.85
15973,0.9522615430325724,-0.3690702464285427,-0.4447875102163094,1,366,1,307.82000000000005
15974,-0.1172252635245831,0.8927892607143721,1.0085333645709076,0,39,7,3442.15
15975,0.2464812112032003,-0.3690702464285427,-0.3325891192456596,1,84,1,371.01
15976,0.5694463707436582,0.0,-0.2471897071506292,0,165,2,427.64
15977,-0.5025174943015487,0.0,0.2960587500285914,0,17,2,1054.73
15978,0.2050126685039157,-0.3690702464285427,0.3206953953834069,1,77,1,1098.78
15980,0.2686697348046577,0.2618595071429148,0.790975902973745,0,88,3,2398.86
15981,-0.3440092352296877,1.0000000000000002,1.0026107351433864,0,24,8,3408.48
15983,-0.3842421425217144,0.4649735207179271,0.4939748718619574,0,22,4,1465.12
15984,-1.3670689647314018,1.1826583386441385,0.8799492856984084,0,2,10,2780.63
15985,0.4286936368278683,0.0,0.3441483074946621,0,123,2,1142.42
15986,-0.2402146898412107,-0.3690702464285427,-0.8076983755406995,1,30,1,168.12
15987,-0.6595388019259375,0.8927892607143721,0.4805275435156429,0,12,7,1432.77
15988,-0.4516794268591226,-0.3690702464285427,-0.8495293191539375,1,19,1,156.78
15990,-0.0603931393375741,0.0,0.1236733496875344,0,44,2,792.11
15992,-1.2282579451576368,-0.3690702464285427,-1.6331696821682051,-1,3,1,41.99
15993,-0.836971657636088,0.8927892607143721,0.8793076053191405,0,8,7,2777.67
15994,0.0364335540961874,-0.3690702464285427,-0.2662881010291346,1,54,1,414.27
15996,0.2686697348046577,0.7712437491614222,0.2832792944966834,0,88,6,1032.58
15998,-0.1548429049949843,0.6309297535714574,0.9415977407935084,0,36,5,3080.22
16000,-1.3670689647314018,0.2618595071429148,1.7805104881403058,-1,2,3,12393.7
16003,-0.2560362830983483,0.6309297535714574,0.8700622107769976,0,29,5,2735.37
16005,-0.6595388019259375,0.4649735207179271,-0.0652307000390327,0,12,4,578.71
16006,0.6874688981200932,-0.3690702464285427,-1.1100819637955683,1,211,1,101.4
16007,-0.0292523113932437,0.4649735207179271,0.5813357529421225,0,47,4,1693.81
16008,-0.3637064747277833,0.2618595071429148,-0.1792601650888181,0,23,3,478.78
16009,-0.3842421425217144,0.4649735207179271,0.2469450258803106,0,22,4,972.11
16010,0.7592407718289634,0.2618595071429148,-0.2988949324132137,0,245,3,392.4
16011,-0.836971657636088,1.578901923162566,0.9927157122552502,0,8,16,3352.96
16012,-0.1680633309670091,0.2618595071429148,0.4731345878301133,0,35,3,1415.29
16013,-1.2282579451576368,2.5237190142858306,2.4417834973408303,-1,3,47,37130.6
16014,-0.141975066077631,0.2618595071429148,0.0017285553684808,0,37,3,646.83
16015,-1.2282579451576368,0.2618595071429148,0.0531678877476284,0,3,3,704.55
16016,-1.2282579451576368,1.0000000000000002,0.4941351715099449,0,3,8,1465.51
16017,-0.0292523113932437,-0.3690702464285427,-0.6690068902936958,1,47,1,211.88
16018,-0.1172252635245831,0.0,-0.2741325459583231,0,39,2,408.9
16019,-0.0394109047715109,1.0959032742893848,1.0659402174105852,0,46,9,3786.24
16020,-0.5300973070953137,0.2618595071429148,0.1668479786353572,0,16,3,851.01
16022,0.7878003115843977,-0.3690702464285427,-0.0408617945084449,1,260,1,602.63
16023,-0.0394109047715109,0.2618595071429148,0.0660642488468731,0,46,3,719.8100000000001
16024,-0.6595388019259375,-0.3690702464285427,-0.5672607719766686,1,12,1,251.03
16025,-0.2560362830983483,-0.3690702464285427,-0.2305215456312069,1,29,1,439.66
16026,-0.0712366375332477,-0.3690702464285427,-0.6040902467027265,1,43,1,236.09
16027,0.2846661841473646,0.7712437491614222,0.2232666434828331,0,91,6,934.62
16029,-0.1294414948306238,2.7855785214287443,2.910768062410202,-1,38,63,80850.84
16030,0.8708179917918428,-0.3690702464285427,-0.400731337120628,1,309,1,331.24
16031,0.2898826172541031,0.0,-0.09814472207947,0,92,2,547.9
16033,-1.0326148013968623,1.7712437491614224,1.5726945091489526,0,5,20,8778.82
16034,0.6520606923420712,0.2618595071429148,-0.2332082217554549,0,196,3,437.7
16036,0.263217525801292,0.0,0.0979090246106351,0,87,2,758.9200000000001
16037,0.8041583310922792,0.2618595071429148,0.1696779035205419,0,269,3,855.02
16038,-0.8938037818230972,0.2618595071429148,-0.1881182277728388,0,7,3,471.78
16040,0.1244065062275264,0.2618595071429148,0.4282061037931158,0,65,3,1313.55
16041,-0.2402146898412107,0.2618595071429148,0.9582232572816782,0,30,3,3166.4
16042,-0.3842421425217144,0.6309297535714574,0.3623455090106661,0,22,5,1177.47
16043,-0.141975066077631,0.4649735207179271,0.1097440589997815,0,37,4,773.99
16045,0.4128720435707305,0.4649735207179271,0.4405269700462489,0,119,4,1340.7
16048,0.9613781638636149,0.0,-0.5544604702782547,0,373,2,256.44000000000005
16049,-0.1053106986008894,0.2618595071429148,0.3074143033557061,0,40,3,1074.81
16050,0.5921571678236234,-0.3690702464285427,-0.9263408186455188,1,173,1,137.9
16052,0.0364335540961874,-0.3690702464285427,-0.347266245541708,1,54,1,362.06
16053,-0.2100476571070129,0.0,0.5129246643329052,0,32,2,1511.95
16054,0.507500485535625,-0.3690702464285427,0.1174019777727801,1,145,1,783.9
16055,0.7075301628054642,-0.3690702464285427,-0.9399441946884012,1,220,1,134.8
16056,-0.0497879791871749,-0.3690702464285427,0.0053644358367098,1,45,1,650.75
16057,-0.5300973070953137,0.8927892607143721,0.755884634794687,0,16,7,2263.12
16059,0.1244065062275264,0.7712437491614222,0.4890381990349997,0,65,6,1453.16
16062,-0.786133590193662,0.4649735207179271,0.3500230537020229,0,9,4,1153.62
16063,0.7878003115843977,-0.3690702464285427,-0.3933751901512597,1,260,1,335.32
16065,0.9509449927946468,-0.3690702464285427,-0.3388917289142791,1,365,1,367.14
16066,-0.5300973070953137,0.6309297535714574,0.516534880023703,0,16,5,1521.04
16070,-0.3842421425217144,0.0,0.1676538486782306,0,22,2,852.1500000000001
16071,-0.0603931393375741,-0.3690702464285427,-0.4098704055424278,1,44,1,326.24
16072,0.8369716576360883,-0.3690702464285427,-0.0594263400293863,1,288,1,584.3199999999999
16073,0.8517688589900415,-0.3690702464285427,-0.997653196243547,1,297,1,122.4
16076,-1.2282579451576368,1.1826583386441385,0.7482796500021489,0,3,10,2234.73
16078,0.8285505824152961,-0.3690702464285427,-1.2573576435973388,1,283,1,79.2
16079,-0.5300973070953137,0.2618595071429148,0.4455816748627519,0,16,3,1352.0
16080,0.22914346473365,0.0,-0.6542408753452919,0,81,2,217.16
16081,0.0536680776831433,0.6309297535714574,0.8840067987942308,0,56,5,2799.42
16083,0.3297002789414596,0.0,0.4300692249118082,0,100,2,1317.62
16084,0.854996398534705,-0.3690702464285427,-0.2353000433703294,1,299,1,436.18
16085,-0.3637064747277833,0.6309297535714574,0.2527389387542358,0,23,5,981.51
16086,0.0784178802361909,0.6309297535714574,0.3329602809833422,0,59,5,1121.39
16091,0.5363638284573033,0.0,-0.4308210416617762,0,154,2,315.06
16092,0.3923363757767996,0.2618595071429148,0.1429300758705751,0,114,3,817.86
16093,0.3575454287574991,-0.3690702464285427,-2.1578705595241776,1,106,1,17.0
16094,-0.6981606380623229,0.4649735207179271,0.3093272214145277,0,11,4,1078.23
16096,0.7951390897495282,-0.3690702464285427,-0.4203109081420536,1,264,1,320.62
16097,0.7493325106808756,-0.3690702464285427,-0.7501974056841993,1,240,1,185.05
16098,0.263217525801292,0.8927892607143721,0.683121984330291,0,87,7,2005.63
16099,0.0,0.2618595071429148,0.0760892346939768,0,50,3,731.9000000000001
16101,0.1596422557462171,-0.3690702464285427,0.4176377707190215,1,70,1,1290.7
16102,-0.0823294332611252,0.2618595071429148,0.6319015888217949,0,42,3,1842.14
16103,-0.8938037818230972,0.7712437491614222,0.4792103955627972,0,7,6,1429.64
16104,0.0942394734933288,-0.3690702464285427,-0.4638403527649611,1,61,1,298.21
16105,0.7650895145044322,-0.3690702464285427,-0.3904434217590765,1,248,1,336.96
16106,0.1244065062275264,-0.3690702464285427,-1.07033965992925,1,65,1,108.38
16107,-0.5025174943015487,0.8927892607143721,0.965365726334004,0,17,7,3204.1600000000003
16108,0.2464812112032003,-0.3690702464285427,0.1607979408994137,1,84,1,842.5
16109,0.7031436292963993,0.0,-0.0316962208590438,0,218,2,611.8799999999999
16110,-0.0497879791871749,0.2618595071429148,0.4315893243934091,0,45,3,1320.95
16112,0.5008449957020699,0.4649735207179271,-0.7165264616770515,0,143,4,195.74
16113,0.6191203474819041,-0.3690702464285427,-0.8322093992411568,1,183,1,161.38
16114,0.5837653847784572,-0.3690702464285427,-0.9357426942829898,1,170,1,135.75000000000003
16115,-0.786133590193662,1.0000000000000002,0.5695102488985713,0,9,8,1660.88
16116,0.6874688981200932,-0.3690702464285427,-0.0308118312816038,1,211,1,612.78
16117,0.634603452220883,-0.3690702464285427,-0.6140349500457556,1,189,1,232.21
16119,-0.836971657636088,0.0,-0.2532378719265449,0,8,2,423.36
16120,0.0784178802361909,0.4649735207179271,0.4261808184787372,0,59,4,1309.14
16121,0.0620598607283094,0.0,0.1694243876436502,0,57,2,854.6600000000001
16122,0.1796112583395553,0.4649735207179271,0.0357224622947965,0,73,4,684.4200000000001
16123,0.0093695247431415,-0.3690702464285427,-0.44486557909411,1,51,1,307.78
16124,0.8831120418808676,-0.3690702464285427,-0.5721348667192278,1,317,1,249.0
16125,0.9535745108164436,-0.3690702464285427,-0.4819564082200739,1,367,1,289.35
16126,-0.2560362830983483,0.4649735207179271,1.3715820608337026,0,29,4,6287.77
16127,-0.1172252635245831,-0.3690702464285427,0.01042910207603,1,39,1,656.25
16128,-0.5025174943015487,0.6309297535714574,0.6442265526340536,0,17,5,1880.22
16131,0.0093695247431415,0.7712437491614222,1.0197001497541902,0,51,6,3506.5400000000004
16133,-1.2282579451576368,2.209831676734024,1.8787915152254016,0,3,33,14589.04
16134,-0.405690800867787,0.0,-0.0256201843015361,0,21,2,618.09
16135,0.7914836528511833,-0.3690702464285427,-0.1324257198394338,1,262,1,517.55
16136,0.0784178802361909,0.2618595071429148,0.0572796904142403,0,59,3,709.38
16139,-0.4764292294121705,0.2618595071429148,-0.0089905018933865,0,18,3,635.41
16140,0.1244065062275264,0.0,0.0705376308044992,0,65,2,725.18
16141,0.2686697348046577,-0.3690702464285427,-0.023375555938714,1,88,1,620.4
16142,0.7670234464033656,-0.3690702464285427,-0.1120958226816818,1,249,1,535.34
16143,-1.2282579451576368,0.7712437491614222,0.7974902025697687,0,3,6,2424.94
16144,0.7611982404886077,-0.3690702464285427,-0.7829812694214983,1,246,1,175.2
16145,-0.836971657636088,1.261859507142915,1.0680451087591465,0,8,11,3799.49
16146,0.5456136074837743,0.2618595071429148,0.0779202648562247,0,157,3,734.13
16147,0.466116676415072,-0.3690702464285427,-0.3261593580562359,1,133,1,375.0
16148,0.8501469570836147,-0.3690702464285427,-1.279398599010446,1,296,1,76.32000000000001
16149,-1.1205877535282016,0.0,-0.5005696979907479,0,4,2,280.52
16150,-0.0823294332611252,0.6309297535714574,0.6971901055300305,0,42,5,2053.02
16152,0.8023679195283855,-0.3690702464285427,0.6276027005491713,1,268,1,1829.04
16153,-0.0095550718951481,0.6309297535714574,0.6260165255621646,0,49,5,1824.23
16156,-0.836971657636088,1.0959032742893848,0.943905329077662,0,8,9,3092.04
16157,-0.5593496184885577,0.2618595071429148,0.0108324427206819,0,15,3,656.69
16159,0.8251405656583424,-0.3690702464285427,-0.3707249882810319,1,281,1,348.2
16160,0.1244065062275264,0.0,0.2791014358106705,0,65,2,1025.44
16161,-1.562712108492176,1.726833027860842,1.2945981002539886,0,1,19,5533.67
16162,0.7727791651026745,-0.3690702464285427,-1.7012196487944156,1,252,1,37.4
16163,0.7330435254907093,0.0,0.1707892971928548,0,232,2,856.6000000000001
16164,-0.5025174943015487,0.2618595071429148,0.1463209001384142,0,17,3,822.48
16168,-0.7401449642023266,2.0331032563043374,1.066156605499421,0,10,27,3787.6
16169,-0.836971657636088,0.4649735207179271,0.6256003293453188,0,8,4,1822.97
16170,0.0,0.7712437491614222,0.6457719702329038,0,50,6,1885.05
16171,0.0784178802361909,-0.3690702464285427,-1.3042225700808048,1,59,1,73.2
16172,0.3052018519412955,0.6309297535714574,0.3429822988617382,0,95,5,1140.21
16173,-0.5593496184885577,0.7712437491614222,0.4744226046268128,0,15,6,1418.3200000000002
16174,0.4402284178965773,0.2618595071429148,0.2696983793973748,0,126,3,1009.55
16175,0.3001492888863435,0.4649735207179271,0.2861936224521831,0,94,4,1037.59
16177,0.0,-0.3690702464285427,-0.3994447534530935,1,50,1,331.95
16178,0.483793208478914,-0.3690702464285427,-0.7099455948103556,1,138,1,197.9
16179,0.0863935223647938,-0.3690702464285427,-0.6579263968812856,1,60,1,215.83
16180,0.3297002789414596,1.0000000000000002,1.6663088309844472,0,100,8,10254.18
16181,0.1796112583395553,-0.3690702464285427,-0.449253655060733,1,73,1,305.54
16182,0.1730463222010854,0.4649735207179271,1.402395229433749,0,72,4,6617.65
16183,0.1388110195737654,-0.3690702464285427,-0.387330659257779,1,67,1,338.71000000000004
16184,0.1170397163725763,0.7712437491614222,0.3527156807273046,0,64,6,1158.79
16185,-0.5300973070953137,0.0,-0.1187965469522633,0,16,2,529.41
16186,-0.3842421425217144,1.3347175194727927,1.100076600178142,0,22,12,4006.94
16187,-0.2248954551540181,1.5237190142858297,1.4285708940578157,0,31,15,6911.4400000000005
16188,-0.0603931393375741,0.4649735207179271,0.252953597683345,0,44,4,981.86
16189,-0.5593496184885577,0.0,-0.6589000284771298,0,15,2,215.48
16190,-0.1053106986008894,-0.3690702464285427,-0.6600146796840257,1,40,1,215.08
16191,-1.3670689647314018,1.4021735027328797,1.2548605281488276,0,2,13,5180.52
16193,0.7412567512445486,-0.3690702464285427,-0.4319853686658313,1,236,1,314.45
16198,0.1924790972569085,-0.3690702464285427,-0.2863400587752786,1,75,1,400.681
16200,-1.1205877535282016,0.0,0.3040773676933754,0,4,2,1068.87
16201,-1.2282579451576368,0.4649735207179271,0.6388362753469677,0,3,4,1863.47
16202,0.9443078130023744,-0.3690702464285427,-0.341960957224354,1,360,1,365.27
16203,0.0703081874433432,0.4649735207179271,-0.0506558199421034,0,58,4,592.9
16204,-0.3637064747277833,-0.3690702464285427,-0.3116214605808359,1,23,1,384.18
16205,-0.2402146898412107,0.4649735207179271,0.0968850576340171,0,30,4,757.63
16206,0.0364335540961874,0.4649735207179271,-0.1101661304420738,0,54,4,537.06
16207,-0.3250846385913979,-0.3690702464285427,-0.295869165676503,1,25,1,394.38
16208,-0.0603931393375741,0.0,0.0177297952049845,0,44,2,664.26
16209,0.2686697348046577,0.6309297535714574,0.755751523852312,0,88,5,2262.62
16210,-1.562712108492176,1.680143859246375,2.100782082909708,0,1,18,21086.300000000003
16211,0.2686697348046577,-0.3690702464285427,-0.0991117367045396,1,88,1,547.02
16212,-0.4516794268591226,0.0,0.0409055836317237,0,19,2,690.34
16213,0.2111594441492347,-0.3690702464285427,-0.8411084152573981,1,78,1,159.0
16214,0.5837653847784572,0.2618595071429148,0.3006198789759243,0,170,3,1062.75
16215,0.2232229565545395,-0.3690702464285427,-0.5883835453542278,1,80,1,242.35
16216,0.8005708397496115,-0.3690702464285427,0.210447710534335,1,267,1,914.93
16217,0.7392165141124223,0.0,-0.4517952902341874,0,235,2,304.25
16218,-0.2560362830983483,0.8927892607143721,0.9424694934115866,0,29,7,3084.68
16221,-0.1548429049949843,0.2618595071429148,0.1737756673876444,0,36,3,860.86
16222,0.8846270050181589,-0.3690702464285427,0.1094017840396393,1,318,1,773.5500000000001
16224,0.0620598607283094,0.4649735207179271,0.4197802629169747,0,57,4,1295.3000000000002
16225,-0.0603931393375741,0.6309297535714574,0.3193457778971135,0,44,5,1096.3200000000002
16226,0.6689083266690788,0.2618595071429148,-0.5575586665674888,0,203,3,255.12
16227,0.7183251401742233,-0.3690702464285427,-0.4324249618139891,1,225,1,314.22
16229,0.263217525801292,0.0,0.270324273994156,0,87,2,1010.6
16230,0.634603452220883,0.0,-0.1046246879555495,0,189,2,542.03
16232,-0.0712366375332477,0.4649735207179271,0.2584594539118293,0,43,4,990.88
16233,0.1663908323675303,0.2618595071429148,-0.110591926394853,0,71,3,536.6800000000001
16235,-0.1053106986008894,0.6309297535714574,0.1782693063992244,0,40,5,867.31
16236,0.2111594441492347,-0.3690702464285427,-0.2408119573100221,1,78,1,432.2
16239,0.0536680776831433,0.0,-0.2663897023430998,0,56,2,414.2
16240,-0.3440092352296877,0.0,1.055111282400435,0,24,2,3718.8
16241,-0.786133590193662,1.4021735027328797,0.83723438435594,0,9,13,2590.31
16242,-0.836971657636088,0.8927892607143721,1.03216867131826,0,8,7,3579.86
16243,-0.1956431437607741,0.0,-0.2738385499838215,0,33,2,409.1
16244,0.6874688981200932,0.0,0.5172116193763586,0,211,2,1522.75
16245,-0.3637064747277833,0.2618595071429148,0.4724405539277995,0,23,3,1413.66
16247,0.5837653847784572,-0.3690702464285427,-1.0372146266305686,1,170,1,114.56
16248,0.0942394734933288,-0.3690702464285427,-0.8643788850725691,1,61,1,152.94
16249,0.0185605714510143,0.6309297535714574,0.6179856137305119,0,52,5,1800.0700000000002
16250,0.7896454968649371,0.0,-0.3034468205994315,0,261,2,389.44
16253,0.1316625130805325,0.0,1.0494234572901404,0,66,2,3683.86
16255,-0.5300973070953137,1.0000000000000002,0.8440797850346777,0,16,8,2619.91
16256,0.7987670418999716,-0.3690702464285427,0.0927397070775294,1,266,1,752.4300000000001
16257,0.6004054945386567,-0.3690702464285427,-1.5673610056252063,1,176,1,46.95
16258,-0.0497879791871749,0.6309297535714574,1.2575287094723866,0,45,5,5203.51
16260,0.0,-0.3690702464285427,0.2849505035033214,1,50,1,1035.45
16261,-0.5025174943015487,0.4649735207179271,0.0733198249467238,0,17,4,728.54
16265,-0.786133590193662,1.0959032742893848,1.285085590615093,0,9,9,5447.0
16266,0.1796112583395553,0.8927892607143721,0.1744955080157317,0,73,7,861.89
16268,0.1663908323675303,0.0,0.0207931643722575,0,71,2,667.65
16270,0.9348596578731962,-0.3690702464285427,0.3435260134427038,1,353,1,1141.24
16271,-1.3670689647314018,0.6309297535714574,0.4685854335560171,0,2,5,1404.64
16272,0.40065581226469,-0.3690702464285427,-0.2700295958548311,1,116,1,411.7
16274,0.9613781638636149,-0.3690702464285427,-0.3646289019409581,1,373,1,351.75
16275,0.6520606923420712,-0.3690702464285427,-0.0851429291675859,1,196,1,559.87
16276,0.6004054945386567,-0.3690702464285427,0.1375627918896442,1,176,1,810.6000000000001
16278,0.3297002789414596,-0.3690702464285427,-0.0781877920214412,1,100,1,566.38
16279,-0.405690800867787,0.2618595071429148,0.5092606306016032,0,21,3,1502.7800000000002
16281,0.1730463222010854,-0.3690702464285427,0.6998368075845693,1,72,1,2062.06
16282,0.9153895378722794,-0.3690702464285427,-0.8070572519506634,1,339,1,168.3
16283,-1.0326148013968623,0.6309297535714574,0.5359272588266716,0,5,5,1570.81
16284,-0.2248954551540181,0.0,0.1391054177692638,0,31,2,812.6800000000001
16287,0.5809353745377399,-0.3690702464285427,-0.9067046485160704,1,169,1,142.5
16292,0.4208476856993334,-0.3690702464285427,-0.4557571236347238,1,121,1,302.25
16293,-0.405690800867787,1.1826583386441385,0.7521115490523225,0,21,10,2248.99
16295,-0.786133590193662,0.4649735207179271,0.4350443270227418,0,9,4,1328.55
16297,0.8023679195283855,-0.3690702464285427,-0.4564531300059697,1,268,1,301.9
16298,-0.3842421425217144,0.2618595071429148,-0.0453012189682946,0,22,3,598.2
16302,0.4402284178965773,-0.3690702464285427,-0.6114304120380292,1,126,1,233.22
16303,-0.3250846385913979,0.2618595071429148,1.275454253925529,0,25,3,5360.63
16305,0.483793208478914,-0.3690702464285427,-0.3486622892335612,1,138,1,361.22
16306,0.6919995920920387,0.7712437491614222,-0.0119714985357894,0,213,6,632.27
16308,-0.141975066077631,0.4649735207179271,0.8301432748355535,0,37,4,2560.0
16309,0.3575454287574991,0.0,0.0548909376450071,0,106,2,706.5699999999999
16311,-0.5025174943015487,0.0,-0.0274043500829643,0,17,2,616.26
16313,-1.2282579451576368,0.0,-0.5143635576929518,0,3,2,274.15
16315,0.9024449813519584,-0.3690702464285427,-0.629319627545831,1,330,1,226.37
16316,0.1170397163725763,1.0000000000000002,0.9133033805161924,0,64,8,2938.91
16317,0.4128720435707305,0.2618595071429148,0.4409535591072076,0,119,3,1341.65
16318,-0.1680633309670091,-0.3690702464285427,-0.4063629040132925,1,35,1,328.15
16319,0.7009353171450358,-0.3690702464285427,-0.280785656107488,1,217,1,404.4
16322,-1.562712108492176,0.0,-0.4089318481679211,0,1,2,326.75
16323,0.6520606923420712,-0.3690702464285427,-0.6815366016229422,1,196,1,207.50000000000003
16324,0.4477678738341883,0.2618595071429148,-0.2745885233271814,0,128,3,408.59
16325,-0.0394109047715109,0.2618595071429148,-0.0492975151709552,0,46,3,594.24
16326,-1.0326148013968623,1.4649735207179273,0.933524238258109,0,5,14,3039.22
16327,-0.5904904464328878,0.7712437491614222,1.0713314797025764,0,14,6,3820.27
16330,-0.5025174943015487,0.2618595071429148,-0.5651600500515064,0,17,3,251.91
16332,-0.2723943026062298,0.8927892607143721,0.54050723460764,0,28,7,1582.8
16333,-0.8938037818230972,1.854049830200271,2.2413809155744837,0,7,22,26626.8
16337,-0.1548429049949843,-0.3690702464285427,-0.8718242386255105,1,36,1,151.05
16338,0.5456136074837743,-0.3690702464285427,-0.660796163937345,1,157,1,214.8
16339,0.8302465959816574,-0.3690702464285427,-1.154972640286647,1,284,1,94.05
16340,0.3620339761283047,-0.3690702464285427,-0.1132543589183321,1,107,1,534.31
16341,-0.3440092352296877,0.4649735207179271,0.6728958950535934,0,24,4,1971.87
16342,0.1924790972569085,0.4649735207179271,-0.416965882402553,0,75,4,322.41
16343,-0.5300973070953137,0.0,-0.405576064236163,0,16,2,328.58000000000004
16344,0.5486578785463281,-0.3690702464285427,-1.1118502537753896,1,158,1,101.1
16345,-0.0603931393375741,-0.3690702464285427,-0.0791658427492327,1,44,1,565.46
16347,-0.6981606380623229,0.0,0.1643244429873086,0,11,2,847.45
16348,-0.2100476571070129,0.8927892607143721,0.4732877637011501,0,32,7,1415.65
16349,0.8402993629831766,-0.3690702464285427,-1.49019121045721,1,290,1,53.5
16350,-0.405690800867787,0.4649735207179271,0.3303125725470644,0,21,4,1116.47
16351,0.9053517091956432,-0.3690702464285427,-0.8606320522153015,1,332,1,153.9
16352,-0.5025174943015487,0.0,-0.1599025556511426,0,17,2,494.44
16353,-1.2282579451576368,1.8927892607143728,1.4076590966201472,0,3,23,6675.71
16354,0.1095587081805211,0.0,-0.2937084870897428,0,63,2,395.8
16356,0.6545038133228402,0.2618595071429148,-0.6693183954853382,0,197,3,211.77
16357,-0.1956431437607741,0.2618595071429148,0.0128359736402772,0,33,3,658.88
16358,-1.562712108492176,0.4649735207179271,0.6896551058543903,0,1,4,2027.5
16359,-0.8938037818230972,1.0959032742893848,0.6013099751429767,0,7,9,1750.92
16360,-1.1205877535282016,0.7712437491614222,1.0099774701031818,0,4,6,3450.41
16361,-0.786133590193662,0.4649735207179271,0.1946340366672694,0,9,4,891.21
16362,-0.2100476571070129,0.6309297535714574,0.057796996930341,0,32,5,709.99
16363,0.0275798127937651,-0.3690702464285427,-1.0649638356184286,1,53,1,109.36
16364,-0.6981606380623229,0.0,0.0542261852459506,0,11,2,705.79
16365,-0.5025174943015487,1.0959032742893848,0.5241604548043002,0,17,9,1540.42
16366,-0.4764292294121705,-0.3690702464285427,-0.407921313811284,1,18,1,327.3
16367,-0.141975066077631,0.0,0.1301433214747563,0,37,2,800.6700000000001
16368,-1.3670689647314018,0.0,-0.1778423466968069,0,2,2,479.91
16369,-0.4764292294121705,0.2618595071429148,0.5261083822352326,0,18,3,1545.41
16370,0.2349922074091187,0.4649735207179271,0.4228456566032045,0,82,4,1301.91
16372,-0.1956431437607741,0.0,-0.3578669403050075,0,33,2,355.73
16374,0.1316625130805325,0.0,-0.1945905088030724,0,66,2,466.73
16376,-0.836971657636088,0.0,0.2487075820441946,0,8,2,974.96
16377,0.8005708397496115,-0.3690702464285427,0.028450902851048,1,267,1,676.2
16378,0.7631478001624079,0.2618595071429148,-0.3457906237131282,0,247,3,362.95
16379,-1.1205877535282016,0.4649735207179271,0.7270645452008817,0,4,4,2157.4
16380,0.0942394734933288,-0.3690702464285427,0.5986310113365252,1,61,1,1743.15
16383,0.1860880718656259,0.0,-0.0011343278473157,0,74,2,643.76
16384,0.2740610239969653,0.0,-0.0592410262949188,0,89,2,584.5
16385,0.0863935223647938,0.2618595071429148,-0.0905506926452752,0,60,3,554.86
16386,-0.2723943026062298,0.0,-0.4551214775672701,0,28,2,302.57
16387,0.8906397353192314,-0.3690702464285427,-1.1530101950036724,1,322,1,94.36
16389,0.0275798127937651,0.4649735207179271,0.4588296328510813,0,53,4,1382.07
16392,0.8041583310922792,-0.3690702464285427,-0.6522275341886005,1,269,1,217.89
16393,-1.3670689647314018,1.4021735027328797,0.9338690763421048,0,2,13,3040.96
16394,0.0536680776831433,0.6309297535714574,0.5299660887015656,0,56,5,1555.34
16395,0.0863935223647938,0.6309297535714574,0.500898633916955,0,60,5,1482.06
16398,0.5363638284573033,0.0,0.5855845079958453,0,154,2,1705.8000000000002
16399,-0.4516794268591226,0.0,-0.2754278347084556,0,19,2,408.02
16400,0.3001492888863435,-0.3690702464285427,-0.4524274360702677,1,94,1,303.93
16401,-1.562712108492176,1.3347175194727927,1.1136635095076464,0,1,12,4098.32
16402,0.7951390897495282,0.0,-0.4735053938410174,0,264,2,293.45
16403,0.8754650456516969,-0.3690702464285427,-0.7751650279718678,1,312,1,177.5
16404,0.1596422557462171,-0.3690702464285427,-0.2259027779362327,1,70,1,443.05
16405,0.859797586036773,0.0,-0.8108067904704946,0,302,2,167.25
16406,-0.4764292294121705,-0.3690702464285427,-0.8588837107404254,1,18,1,154.35
16407,-0.6595388019259375,1.1826583386441385,0.7049623668083764,0,12,10,2079.68
16409,-0.1548429049949843,0.6309297535714574,0.6883106610821157,0,36,5,2022.98
16411,-0.4516794268591226,0.0,-0.669516709922949,0,19,2,211.7
16412,0.0275798127937651,-0.3690702464285427,-0.9346858808567547,1,53,1,135.99
16413,0.0536680776831433,-0.3690702464285427,-0.5411243991269628,1,56,1,262.2
16414,-0.405690800867787,0.0,-0.9791369728971936,0,21,2,126.25
16415,-0.0603931393375741,-0.3690702464285427,-0.7028066482893135,1,44,1,200.27
16416,-0.3068743505407743,0.2618595071429148,0.2941547259415052,0,26,3,1051.4
16418,-0.0603931393375741,0.2618595071429148,-0.0130669642609205,0,44,3,631.12
16419,0.3838709768396838,0.7712437491614222,0.2385881187140038,0,112,6,958.71
16422,-0.5025174943015487,2.596577026615708,2.400710350886693,-1,17,51,34684.4
16423,-0.3440092352296877,-0.3690702464285427,-0.3743256389561258,1,24,1,346.12
16424,0.639656015275835,-0.3690702464285427,-0.9454726973715352,1,191,1,133.56
16425,0.859797586036773,-0.3690702464285427,-0.4548634377271731,1,302,1,302.7
16426,-1.3670689647314018,1.1826583386441385,0.6389300108385985,0,2,10,1863.76
16427,0.7933148328966054,0.0,-0.59158691639922,0,263,2,241.06
16429,0.3575454287574991,-0.3690702464285427,-0.4920032473363443,1,106,1,284.55
16430,0.0620598607283094,-0.3690702464285427,-0.4585459847673396,1,57,1,300.85
16431,0.6919995920920387,0.2618595071429148,-0.020588716153611,0,213,3,623.28
16432,0.1170397163725763,-0.3690702464285427,-0.4860177588277276,1,64,1,287.4
16433,-0.2723943026062298,-0.3690702464285427,-0.752761986167849,1,28,1,184.26
16434,-0.2560362830983483,0.8927892607143721,0.512864908067225,0,29,7,1511.8
16438,-1.0326148013968623,0.6309297535714574,0.1283966277348988,0,5,5,798.35
16440,-0.8938037818230972,0.6309297535714574,1.0423176220306072,0,7,5,3640.67
16441,0.1388110195737654,0.0,-0.3163024019681843,0,67,2,381.2
16442,-1.562712108492176,0.2618595071429148,-0.0342386871915131,0,1,3,609.3
16444,-0.0394109047715109,0.4649735207179271,0.0089785134609999,0,46,4,654.67
16445,-0.1956431437607741,-0.3690702464285427,-0.6184444031404702,1,33,1,230.51
16446,-1.8971662718267155,0.0,3.3532403015424705,-1,0,2,168472.5
16447,0.4732651829083049,-0.3690702464285427,-0.5557025300936165,1,135,1,255.91
16448,0.6569346263371555,-0.3690702464285427,-0.7569078034874516,1,198,1,182.99
16449,0.6545038133228402,0.0,0.0558441734700478,0,197,2,707.69
16450,0.5205422352001655,-0.3690702464285427,-0.436838618601917,1,149,1,311.92
16451,0.263217525801292,-0.3690702464285427,-0.5302995526089174,1,87,1,266.97
16454,-0.0603931393375741,0.0,-2.654192627212124,-1,44,2,6.9
16455,0.1095587081805211,0.8927892607143721,0.6315875948785641,0,63,7,1841.18
16456,0.3248990914393916,0.6309297535714574,0.7272823058719153,0,99,5,2158.18
16457,0.7031436292963993,-0.3690702464285427,-0.6790557916646012,1,218,1,208.36
16458,-1.3670689647314018,1.680143859246375,1.0155967184162058,0,2,18,3482.74
16460,-0.2723943026062298,0.2618595071429148,0.1380304465241693,0,28,3,811.23
16461,0.6031238981391972,-0.3690702464285427,-0.9049432491061548,1,177,1,142.92
16462,0.1796112583395553,0.2618595071429148,-0.934641887153624,0,73,3,136.0
16463,-0.405690800867787,0.4649735207179271,0.4761526265568069,0,21,4,1422.4
16464,-0.4516794268591226,0.2618595071429148,0.4213404143546236,0,19,3,1298.66
16466,-0.1956431437607741,0.8927892607143721,0.5454943876777734,0,33,7,1595.96
16468,0.1860880718656259,-0.3690702464285427,-1.2905700749070248,1,74,1,74.9
16469,-0.3637064747277833,0.4649735207179271,-0.0185262526160283,0,23,4,625.42
16470,0.0093695247431415,0.4649735207179271,0.0930116221434002,0,51,4,752.77
16471,0.8130120723947015,-0.3690702464285427,-0.6357687251637621,1,274,1,223.95
16473,0.5665308611915009,0.2618595071429148,-0.4288221254065367,0,164,3,316.11
16474,-0.8938037818230972,0.8927892607143721,0.6215156391925453,0,7,7,1810.65
16475,0.2686697348046577,0.4649735207179271,-0.1021105383425312,0,88,4,544.3
16477,0.1095587081805211,0.8927892607143721,0.8145186565601783,0,63,7,2494.46
16478,-0.3250846385913979,0.2618595071429148,-0.4011668604943516,0,25,3,331.0
16479,-0.7401449642023266,0.0,-0.4585859192846999,0,10,2,300.83000000000004
16480,0.1924790972569085,-0.3690702464285427,0.106077849778143,1,75,1,769.29
16482,-0.5593496184885577,-0.3690702464285427,-0.6447572406487488,1,15,1,220.62
16483,0.6421625942262168,-0.3690702464285427,-0.9200818329981248,1,192,1,139.35
16484,0.5921571678236234,0.0,-0.2809343403899187,0,173,2,404.3
16485,0.2050126685039157,-0.3690702464285427,-0.3446325552397581,1,77,1,363.65
16488,-0.1956431437607741,0.2618595071429148,-0.1546219142408832,0,33,3,498.8
16491,-0.0394109047715109,-0.3690702464285427,0.0757602095809725,1,46,1,731.5
16493,0.2172288998099561,0.4649735207179271,0.4454168364010055,0,79,4,1351.63
16494,0.8501469570836147,-0.3690702464285427,0.149277764634566,1,296,1,826.53
16495,-1.2282579451576368,0.2618595071429148,0.0030574524092964,0,3,3,648.26
16496,-0.836971657636088,0.2618595071429148,0.5468364342056191,0,8,3,1599.52
16497,-0.0095550718951481,0.7712437491614222,0.9187685196077944,0,49,6,2965.69
16498,0.5576771198890786,0.0,-1.1126181269194042,0,161,2,100.97
16499,0.9443078130023744,0.0,-0.3416648427068788,0,360,2,365.4500000000001
16500,-1.1205877535282016,0.7712437491614222,-0.2860715427381662,-1,4,6,400.86
16503,0.3575454287574991,0.4649735207179271,0.4801743422231861,0,106,4,1431.9299999999998
16504,-0.3250846385913979,-0.3690702464285427,-0.1956867695249881,1,25,1,465.88
16505,-0.2248954551540181,-0.3690702464285427,0.1125449538072782,1,31,1,777.6
16506,-0.4516794268591226,0.0,-1.179232357592542,0,19,2,90.3
16509,0.8501469570836147,-0.3690702464285427,-0.3445499211495789,1,296,1,363.7
16510,0.960086287957098,-0.3690702464285427,-0.574308471808916,1,372,1,248.1
16511,-0.405690800867787,0.2618595071429148,0.2126808047509154,0,21,3,918.33
16513,-1.1205877535282016,0.4649735207179271,0.1833012707596719,0,4,4,874.59
16515,0.0185605714510143,0.6309297535714574,0.5560367582839065,0,52,5,1624.14
16516,-0.2402146898412107,-0.3690702464285427,-1.108318846782609,1,30,1,101.7
16517,0.8182473718134535,-0.3690702464285427,-0.8273298761986776,1,277,1,162.7
16518,0.0942394734933288,0.0,-0.1723407807950402,0,61,2,484.32
16519,-0.3250846385913979,0.0,-0.6600146796840257,0,25,2,215.08
16520,0.6269240005290753,0.2618595071429148,0.2913822994620481,0,186,3,1046.5700000000002
16523,-1.562712108492176,1.813588092215596,1.6150775503245127,0,1,21,9418.47
16525,-1.3670689647314018,2.0,1.8105645950424945,0,2,26,13027.45
16526,0.5865788934079535,-0.3690702464285427,-0.4798635466058078,1,171,1,290.36
16527,0.22914346473365,-0.3690702464285427,-0.6248564954636365,1,81,1,228.06
16528,-1.2282579451576368,-0.3690702464285427,-0.5833031282684543,1,3,1,244.41
16529,0.6371363470810009,-0.3690702464285427,-0.2095675801245111,1,190,1,455.25
16531,-0.3842421425217144,0.8927892607143721,0.3957300062755601,0,22,7,1244.59
16532,-0.5025174943015487,0.2618595071429148,1.4142209170944575,0,17,3,6748.8
16533,-0.4516794268591226,0.2618595071429148,0.3118794925468566,0,19,3,1082.81
16535,-1.0326148013968623,-0.3690702464285427,-0.0497938537405596,1,5,1,593.75
16536,0.3752544021003293,-0.3690702464285427,-0.0979032106613805,1,110,1,548.12
16539,-1.3670689647314018,0.4649735207179271,0.4617595470912909,0,2,4,1388.81
16542,0.0275798127937651,-0.3690702464285427,-1.0113861322133202,1,53,1,119.62
16545,0.5665308611915009,-0.3690702464285427,-0.3862848269513823,1,164,1,339.3
16546,0.8402993629831766,0.0,0.1198923638740441,0,290,2,787.1500000000001
16549,-0.7401449642023266,1.1826583386441385,1.1042664718811654,0,10,10,4034.9
16550,0.3664811538104963,0.6309297535714574,0.7653528718812163,0,108,5,2298.9700000000003
16551,0.3052018519412955,0.2618595071429148,0.2151603346164926,0,95,3,922.12
16552,0.7533202636498529,0.0,-0.3186249163481768,0,242,2,379.7300000000001
16553,0.5635976280681896,1.3347175194727927,1.314535268217392,0,163,12,5719.82
16554,-0.0823294332611252,0.2618595071429148,0.1569271671599158,0,42,3,837.1
16555,-0.1680633309670091,0.0,-0.4891816122267427,0,35,2,285.89
16556,0.1316625130805325,0.8927892607143721,0.9856356127520424,0,66,7,3313.79
16557,-0.3440092352296877,0.0,-0.4977290739587239,0,24,2,281.85
16558,-1.8971662718267155,1.7712437491614224,1.5416837032734765,0,0,20,8338.49
16560,-0.3068743505407743,0.0,0.1600186180606717,0,26,2,841.4100000000001
16561,-1.0326148013968623,0.0,-0.1399457954000357,0,5,2,511.12
16563,0.0275798127937651,-0.3690702464285427,0.3090535207091368,1,53,1,1077.74
16565,0.9496248404995996,-0.3690702464285427,-0.7881339802239754,1,364,1,173.7
16566,-0.5593496184885577,0.6309297535714574,-0.0289686159210993,0,15,5,614.66
16567,0.6471370234678903,0.0,0.1770812295515268,0,194,2,865.6
16569,-1.2282579451576368,-0.3690702464285427,-0.9889254079663724,1,3,1,124.2
16570,-0.5593496184885577,1.1826583386441385,1.0582785886016697,0,15,10,3738.4
16571,-0.3068743505407743,0.2618595071429148,0.4758519254958574,0,26,3,1421.69
16572,0.4440128715150607,0.2618595071429148,0.2697281986456196,0,127,3,1009.6
16573,0.2464812112032003,0.0,0.0171406403861661,0,84,2,663.61
16574,0.1663908323675303,-0.3690702464285427,-0.214621600680472,1,71,1,451.44
16581,0.6164908294601078,-0.3690702464285427,-1.084500305870052,1,182,1,105.84
16582,0.3881222410176829,-0.3690702464285427,-0.4335732380455841,1,113,1,313.62
16583,0.9613781638636149,-0.3690702464285427,-0.6108388695439205,1,373,1,233.45
16584,0.2232229565545395,0.0,0.2242063883565582,0,80,2,936.08
16586,0.7650895145044322,-0.3690702464285427,-0.1981833551969712,1,248,1,463.95
16587,0.7330435254907093,-0.3690702464285427,-0.6325621998305201,1,232,1,225.15
16589,0.1663908323675303,0.2618595071429148,-0.2043198300809687,0,71,3,459.24
16591,0.1458551645735994,-0.3690702464285427,-0.6644378169249217,1,68,1,213.5
16592,-1.1205877535282016,1.578901923162566,1.115917552812244,0,4,16,4113.68
16593,0.0,0.2618595071429148,-0.402930314337429,0,50,3,330.03
16594,0.1924790972569085,-0.3690702464285427,-0.763163947391876,1,75,1,181.09
16595,0.0942394734933288,-0.3690702464285427,-0.3504285910311769,1,61,1,360.16
16596,-0.5593496184885577,0.0,-0.5693688417258976,0,15,2,250.15
16597,-1.1205877535282016,-0.3690702464285427,-1.1809511242647326,1,4,1,90.04
16598,0.8319366690329908,-0.3690702464285427,-0.8960888401187793,1,285,1,145.04999999999998
16600,-1.1205877535282016,0.7712437491614222,0.1397272837598894,0,4,6,813.52
16601,-0.1053106986008894,-0.3690702464285427,-0.5875173421150017,1,40,1,242.7
16602,-0.1548429049949843,-0.3690702464285427,-0.1203096908793144,1,36,1,528.08
16603,0.1860880718656259,0.0,-0.1746425821482203,0,74,2,482.47
16607,-0.5025174943015487,1.4649735207179273,0.9917715714099132,0,17,14,3347.71
16609,-0.5593496184885577,0.8927892607143721,1.2902034939579123,0,15,7,5493.46
16610,0.7053418807652665,-0.3690702464285427,-1.284565230802097,1,219,1,75.66
16611,0.6269240005290753,-0.3690702464285427,-0.9639835307198164,1,186,1,129.49
16612,-0.2100476571070129,0.4649735207179271,0.367534465024118,0,32,4,1187.66
16613,0.1596422557462171,-0.3690702464285427,-0.0251336246020888,1,70,1,618.59
16614,0.6164908294601078,-0.3690702464285427,-0.1457758047719335,1,182,1,506.19
16616,-0.5593496184885577,0.0,-0.1526715707319623,0,15,2,500.42
16617,0.7392165141124223,-0.3690702464285427,-0.8686615328526696,1,235,1,151.85
16618,-0.2248954551540181,0.6309297535714574,0.8504115662993256,0,31,5,2647.59
16619,0.7933148328966054,-0.3690702464285427,-0.6297438903013702,1,263,1,226.21
16620,-1.2282579451576368,0.0,-0.7702554994328473,0,3,2,178.95999999999998
16621,0.0093695247431415,0.4649735207179271,0.1396976856390348,0,51,4,813.48
16623,0.7592407718289634,-0.3690702464285427,-0.9641683062974964,1,245,1,129.45
16624,0.2232229565545395,0.0,0.1375405135675023,0,80,2,810.5699999999999
16625,0.8130120723947015,-0.3690702464285427,-0.3974027394119388,1,274,1,333.08
16626,-1.8971662718267155,1.6309297535714573,1.1582523656909998,0,0,17,4413.1
16627,0.2172288998099561,-0.3690702464285427,-0.4162395345234941,1,79,1,322.8
16628,-0.2560362830983483,0.6309297535714574,0.7355627718686578,0,29,5,2188.05
16629,0.1796112583395553,0.0,-0.2745296681492066,0,73,2,408.63
16633,-0.5025174943015487,0.7712437491614222,0.9017521450533256,0,17,6,2883.1
16634,0.7118771774576228,0.0,-0.6522000008170806,0,222,2,217.9
16637,-0.2100476571070129,0.4649735207179271,0.3504665758146074,0,32,4,1154.47
16638,-0.3842421425217144,1.1826583386441385,0.5766627458343253,0,22,10,1680.72
16639,-0.2248954551540181,0.2618595071429148,0.4019492837199008,0,31,3,1257.5100000000002
16641,0.3530147347855537,-0.3690702464285427,-0.6169104055300867,1,105,1,231.1
16642,-1.1205877535282016,0.0,0.0391507671372197,0,4,2,688.33
16643,0.7592407718289634,-0.3690702464285427,-0.1683922610043818,1,245,1,487.51
16644,0.6031238981391972,0.0,0.1545349582868606,0,177,2,833.78
16647,0.5809353745377399,0.0,-0.6628664063502097,0,169,2,214.06
16648,-0.0823294332611252,-0.3690702464285427,-0.4792433018914211,1,42,1,290.66
16650,0.1663908323675303,-0.3690702464285427,-0.1314153978977282,1,71,1,518.42
16652,0.0703081874433432,0.8927892607143721,1.4164641742445143,0,58,7,6773.97
16653,-0.5300973070953137,0.0,0.3800788698880454,0,16,2,1212.66
16654,0.4940964190807566,0.4649735207179271,-0.0422212125500205,0,141,4,601.27
16655,-0.5025174943015487,0.7712437491614222,1.0664619623633962,0,17,6,3789.52
16656,-0.3842421425217144,1.5237190142858297,1.5620978206237466,0,22,15,8625.8
16657,-0.786133590193662,0.4649735207179271,0.1831911284677591,0,9,4,874.4300000000001
16658,0.9548839155897378,-0.3690702464285427,-0.9935644949052072,1,368,1,123.24
16659,0.634603452220883,-0.3690702464285427,-1.6748112015525378,1,189,1,39.12
16660,-0.5300973070953137,0.4649735207179271,0.4067858013897057,0,16,4,1267.65
16665,0.9469736505173758,-0.3690702464285427,-0.9372872099188484,1,362,1,135.39999999999998
16666,-0.4516794268591226,-0.3690702464285427,-1.014592479849668,1,19,1,118.98
16667,0.1458551645735994,0.0,-0.0773386013694476,0,68,2,567.18
16668,-0.5593496184885577,0.7712437491614222,-0.4469380977298545,0,15,6,306.72
16669,-0.3637064747277833,0.2618595071429148,0.4441902708412535,0,23,3,1348.88
16670,-0.5300973070953137,1.261859507142915,1.113307610314369,0,16,11,4095.9
16671,-0.2723943026062298,0.2618595071429148,0.58078786426357,0,28,3,1692.2700000000002
16672,-1.3670689647314018,1.7712437491614224,1.5267907207843063,0,2,20,8134.94
16674,0.0364335540961874,0.0,-0.4518150347586131,0,54,2,304.24
16676,-0.1956431437607741,0.4649735207179271,0.5440434288408869,0,33,4,1592.12
16678,-1.3670689647314018,1.3347175194727927,0.947392851492714,0,2,12,3109.99
16679,0.9522615430325724,-0.3690702464285427,-0.9627838683171156,1,366,1,129.75
16680,-0.0712366375332477,-0.3690702464285427,-0.7545865489843879,1,43,1,183.7
16681,0.1730463222010854,0.7712437491614222,0.6079540445798307,0,72,6,1770.34
16682,-1.1205877535282016,0.6309297535714574,0.2806027120740231,0,4,5,1028.0
16684,-1.1205877535282016,2.065044752110663,2.794391372464551,-1,4,28,66653.56
16685,0.0942394734933288,0.0,-0.4135651923456575,0,61,2,324.24
16686,-0.0292523113932437,0.8927892607143721,0.917587043857618,0,47,7,2959.88
16688,-1.562712108492176,0.4649735207179271,0.4035514441200402,0,1,4,1260.86
16689,0.1924790972569085,0.0,-0.2543182196831368,0,75,2,422.6
16690,0.1730463222010854,0.0,-0.6314173341299322,0,72,2,225.58
16692,0.780348188744373,0.0,0.4107396002561216,0,256,2,1276.0
16693,0.1458551645735994,0.0,-0.1804169634013054,0,68,2,477.86
16696,0.4732651829083049,0.4649735207179271,0.0119402396895326,0,135,4,657.9000000000001
16697,0.751330506756602,-0.3690702464285427,-1.0467292112329478,1,241,1,112.75
16698,0.7204554542873731,0.0,0.6808259442538619,0,226,2,1998.0
16700,-0.836971657636088,1.4021735027328797,1.242644215135697,0,8,13,5076.55
16701,-0.836971657636088,1.4021735027328797,1.2796738688521505,0,8,13,5398.3
16705,-1.8971662718267155,1.7712437491614224,1.8554586910798896,0,0,20,14034.990000000002
16706,-0.141975066077631,0.2618595071429148,-0.1165961945375874,0,37,3,531.3499999999999
16708,-0.0497879791871749,-0.3690702464285427,0.0107774576156555,1,45,1,656.63
16709,0.2464812112032003,0.6309297535714574,0.931667842722938,0,84,5,3029.87
16710,-0.4516794268591226,1.1826583386441385,0.8080915996139624,0,19,10,2467.99
16711,-1.2282579451576368,0.6309297535714574,0.5659274533006775,0,3,5,1651.0300000000002
16712,-0.786133590193662,1.261859507142915,1.03743888622258,0,9,11,3611.31
16713,-0.4764292294121705,1.5237190142858297,1.4285133462835586,0,18,15,6910.78
16714,0.7031436292963993,0.2618595071429148,0.3370648457732018,0,218,3,1129.06
16715,0.2111594441492347,-0.3690702464285427,-0.4568113893621151,1,78,1,301.72
16716,0.7987670418999716,0.0,0.2013448247779342,0,266,2,901.2
16717,-0.3637064747277833,0.7712437491614222,1.0749183841676953,0,23,6,3843.08
16718,0.9561897766380688,-0.3690702464285427,-0.0374567473959571,1,369,1,606.0500000000001
16719,-0.5904904464328878,0.8927892607143721,0.6079132136506042,0,14,7,1770.22
16720,-0.3068743505407743,-0.3690702464285427,-0.8643397352634821,1,26,1,152.95
16721,0.7914836528511833,-0.3690702464285427,-0.4755146415213085,1,262,1,292.47
16722,-0.5025174943015487,1.4021735027328797,1.2001417498710352,0,17,13,4730.81
16723,0.2846661841473646,0.0,-0.0676370741247755,0,91,2,576.4
16725,0.859797586036773,0.8927892607143721,0.0973932897095884,0,302,7,758.27
16726,-0.3068743505407743,0.6309297535714574,0.4485765440045375,0,26,5,1358.74
16727,0.9496248404995996,-0.3690702464285427,-0.5547414672850287,1,364,1,256.32
16728,-0.0394109047715109,0.4649735207179271,0.2923653007226515,0,46,4,1048.28
16729,-0.1294414948306238,1.813588092215596,1.453665241921161,0,38,21,7205.33
16730,0.0185605714510143,0.2618595071429148,0.0852378580447029,0,52,3,743.11
16732,-0.2248954551540181,-0.3690702464285427,-0.0397445715531393,1,31,1,603.75
16734,0.0185605714510143,0.2618595071429148,0.0016634291764826,0,52,3,646.76
16735,0.2111594441492347,0.6309297535714574,0.7516881749718994,0,78,5,2247.41
16737,0.0275798127937651,-0.3690702464285427,-0.2614744630546218,1,53,1,417.6
16738,0.8517688589900415,-0.3690702464285427,-2.960792846889848,-1,297,1,3.75
16739,0.6004054945386567,-0.3690702464285427,-0.4158673877158831,1,176,1,323.0
16742,-0.0394109047715109,-0.3690702464285427,-0.1969531734324023,1,46,1,464.9
16743,-0.2560362830983483,0.8927892607143721,0.7424285698605964,0,29,7,2213.13
16744,-0.6981606380623229,0.8927892607143721,0.4182020779480174,0,11,7,1291.91
16745,0.2577030044890838,1.6309297535714573,1.4516018167056026,-1,86,17,7180.700000000001
16746,-1.1205877535282016,1.680143859246375,1.4080561440026282,0,4,18,6680.11
16747,-0.141975066077631,0.0,0.1561788213472903,0,37,2,836.06
16748,-0.5025174943015487,0.6309297535714574,0.5144961175104852,0,17,5,1515.9
16750,-0.0603931393375741,0.6309297535714574,-0.0199615203040589,0,44,5,623.93
16751,-0.2402146898412107,-0.3690702464285427,0.6060388209729809,1,30,1,1764.72
16752,0.960086287957098,-0.3690702464285427,-0.6815366016229422,1,372,1,207.5
16753,0.0703081874433432,-0.3690702464285427,-0.6358491072834861,1,58,1,223.92
16754,0.960086287957098,-0.3690702464285427,0.6821510715303539,1,372,1,2002.4
16755,0.3923363757767996,0.2618595071429148,0.4981982680478986,0,114,3,1475.4299999999998
16756,0.6942490850373886,-0.3690702464285427,-0.5957342953711748,1,214,1,239.4
16757,0.8846270050181589,-0.3690702464285427,-1.07894136378742,1,318,1,106.83
16758,0.1244065062275264,-0.3690702464285427,-0.3353007698057174,1,65,1,369.34
16759,-0.8938037818230972,0.2618595071429148,0.121907776321837,0,7,3,789.79
16761,0.3102020558878627,-0.3690702464285427,-0.4278536101279365,1,96,1,316.62
16762,-0.4516794268591226,0.2618595071429148,0.3773813227876447,0,19,3,1207.2400000000002
16763,0.6569346263371555,-0.3690702464285427,-0.031725722873479,1,198,1,611.85
16764,-1.2282579451576368,1.4021735027328797,0.8821811674767953,0,3,13,2790.9500000000003
16765,0.8468867057418573,-0.3690702464285427,-1.7570948368607509,1,294,1,34.0
16766,0.8112542731361055,0.0,0.3458221452355354,0,273,2,1145.6
16767,-0.2402146898412107,1.261859507142915,1.299142489385776,0,30,11,5575.56
16768,-0.0292523113932437,0.2618595071429148,-0.1801275555994526,0,47,3,478.09
16769,0.7878003115843977,-0.3690702464285427,-0.3481300816945656,1,260,1,361.54
16770,0.0620598607283094,0.6309297535714574,0.0964638532891919,0,57,5,757.1
16771,-0.1956431437607741,0.6309297535714574,0.7504001480117346,0,33,5,2242.61
16773,0.0620598607283094,-0.3690702464285427,-0.7954575150798161,1,57,1,171.59
16774,0.1388110195737654,0.4649735207179271,0.0152423685226706,0,67,4,661.52
16775,-0.7401449642023266,1.261859507142915,0.5805172939802767,0,10,11,1691.51
16776,0.0863935223647938,-0.3690702464285427,-0.3317310796944817,1,60,1,371.54
16777,0.2232229565545395,0.0,-0.6393426706238579,0,80,2,222.62
16778,0.1860880718656259,0.0,-0.5795573322940216,0,74,2,245.94
16779,-1.3670689647314018,1.854049830200271,1.6869632804249477,0,2,22,10611.72
16780,0.3297002789414596,0.0,-0.2548306400646729,0,100,2,422.24
16781,0.960086287957098,-0.3690702464285427,-0.438130438803041,1,372,1,311.25
16782,-0.7401449642023266,1.4021735027328797,0.757168975069786,0,10,13,2267.95
16784,-0.4516794268591226,-0.3690702464285427,-1.0746529139925034,1,19,1,107.6
16788,0.4286936368278683,0.0,-0.0491456564728797,0,123,2,594.3900000000001
16789,-0.836971657636088,-0.3690702464285427,-1.2454522345372236,1,8,1,80.8
16790,-1.2282579451576368,0.7712437491614222,0.5261902212505075,0,3,6,1545.62
16791,-0.2560362830983483,0.8927892607143721,0.5855774457124266,0,29,7,1705.78
16792,0.8268485864253822,0.0,-1.0594190542842588,0,282,2,110.38
16793,0.0620598607283094,-0.3690702464285427,-0.5847045946394507,1,57,1,243.84
16794,-1.562712108492176,1.1826583386441385,0.3720000660892137,0,1,10,1196.5
16795,0.9509449927946468,-0.3690702464285427,-0.2654034423638313,1,365,1,414.88
16796,0.2740610239969653,-0.3690702464285427,-0.4490963866833578,1,89,1,305.62
16800,-0.6981606380623229,-0.3690702464285427,0.354718221994044,1,11,1,1162.65
16801,0.5635976280681896,0.4649735207179271,0.5448411328245388,0,163,4,1594.23
16803,0.1244065062275264,-0.3690702464285427,-0.3988115313084729,1,65,1,332.3
16804,-0.3637064747277833,0.2618595071429148,-0.1102445439387773,0,23,3,536.99
16805,0.5921571678236234,0.0,-0.2025545709226293,0,173,2,460.59
16806,0.3438236880776809,0.4649735207179271,0.1004732026833002,0,103,4,762.16
16807,0.4974825056984513,0.2618595071429148,0.3330676657684844,0,142,3,1121.59
16808,0.3248990914393916,0.0,-0.4838899466750296,0,99,2,288.42
16809,-0.3637064747277833,0.6309297535714574,0.2102897672738179,0,23,5,914.69
16810,0.6421625942262168,-0.3690702464285427,-0.4414400791571489,1,192,1,309.54
16811,-1.1205877535282016,0.0,-0.0990567510978658,0,4,2,547.0699999999999
16812,0.9443078130023744,-0.3690702464285427,-0.1785445654726163,1,360,1,479.35
16813,-0.836971657636088,1.1826583386441385,0.5663468490571426,0,8,10,1652.18
16814,-0.5904904464328878,1.813588092215596,1.3838132646899794,0,14,21,6416.7
16816,0.3438236880776809,0.4649735207179271,-0.2622524459449512,0,103,4,417.06
16817,-1.3670689647314018,1.0959032742893848,0.5488026320453177,0,2,9,1604.75
16818,-0.7401449642023266,1.261859507142915,0.992106236226834,0,10,11,3349.57
16820,0.3052018519412955,-0.3690702464285427,-0.1560586055905252,1,95,1,497.61
16823,0.7225764043522224,-0.3690702464285427,-0.3534063395864508,1,227,1,358.38
16824,-0.5593496184885577,0.0,-0.2024892901435857,0,15,2,460.64
16825,-0.1294414948306238,0.0,0.1106687846021023,0,38,2,775.1800000000001
16826,0.0093695247431415,-0.3690702464285427,-0.3820492014189471,1,51,1,341.7
16828,0.2950432585630285,0.0,-0.9685734588112984,0,93,2,128.5
16829,0.5425500075866052,-0.3690702464285427,-0.712009609621394,1,156,1,197.22
16830,-0.1294414948306238,-0.3690702464285427,-0.4104784871435236,1,38,1,325.91
16832,0.6217356133035294,0.2618595071429148,-0.7061697916088246,0,184,3,199.15
16833,-1.562712108492176,0.4649735207179271,0.3249275876408051,0,1,4,1106.53
16834,0.7225764043522224,-0.3690702464285427,-0.267464822278359,1,227,1,413.46
16835,0.4477678738341883,0.0,-0.7639588368657128,0,128,2,180.85
16836,-0.1172252635245831,0.0,-0.5652553787299097,0,39,2,251.87
16837,-0.2248954551540181,1.261859507142915,0.9590941085731676,0,31,11,3170.98
16838,0.6545038133228402,0.0,-0.054779851289868,0,197,2,588.85
16839,-0.836971657636088,2.23621726987935,1.9564082250983483,0,8,34,16594.35
16841,-0.1548429049949843,0.7712437491614222,0.6408854314815471,0,36,6,1869.82
16842,0.3297002789414596,0.2618595071429148,0.4051398295036296,0,100,3,1264.19
16843,-0.0823294332611252,1.578901923162566,1.662913574823368,0,42,16,10196.57
16846,0.0,-0.3690702464285427,-0.6621382132633326,1,50,1,214.32
16847,-0.0712366375332477,-0.3690702464285427,-0.7236137716942852,1,43,1,193.44
16848,0.0185605714510143,-0.3690702464285427,-0.4986460074466942,1,52,1,281.42
16849,0.6269240005290753,-0.3690702464285427,-0.9871469168864484,1,186,1,124.57
16850,0.9067985329568812,-0.3690702464285427,-0.3986126559607598,1,333,1,332.41
16851,-1.1205877535282016,0.2618595071429148,-0.3807316499160605,0,4,3,342.45000000000005
16852,-0.7401449642023266,0.0,-0.8966668429237933,0,10,2,144.91
16855,-0.3637064747277833,0.0,-0.4059053140317197,0,23,2,328.4
16856,-0.5904904464328878,-0.3690702464285427,-1.7334568371719736,1,14,1,35.400000000000006
16858,0.9548839155897378,-0.3690702464285427,-0.3250543681821136,1,368,1,375.69000000000005
16859,0.504184215692284,0.0,0.0890326501520573,0,144,2,747.81
16861,0.0784178802361909,0.0,-0.7879270237511203,0,59,2,173.76
16863,-0.2248954551540181,0.0,-0.1498176501743645,0,31,2,502.8
16866,0.4906864023238029,0.2618595071429148,-0.6808432547121025,0,140,3,207.74
16869,-0.3842421425217144,0.4649735207179271,0.1423851798854626,0,22,4,817.12
16871,-0.3842421425217144,0.7712437491614222,0.8867809790138131,0,22,6,2812.34
16872,0.2050126685039157,0.2618595071429148,0.0318410583504358,0,77,3,680.02
16873,-1.1205877535282016,0.7712437491614222,1.4467924979115392,0,4,6,7123.62
16875,0.1388110195737654,0.6309297535714574,0.709536094180077,0,67,5,2095.53
16877,-0.6595388019259375,0.7712437491614222,0.1637345685356326,0,12,6,846.62
16878,0.2464812112032003,-0.3690702464285427,-2.2965572931994376,1,84,1,13.3
16880,-0.2402146898412107,0.8927892607143721,0.5046944727410801,0,30,7,1491.43
16881,0.1316625130805325,-0.3690702464285427,-0.2410902725935537,1,66,1,432.0
16882,0.1316625130805325,0.2618595071429148,0.053654594000595,0,66,3,705.12
16883,0.6294974218975681,0.0,-0.5180326910154517,0,187,2,272.48
16884,-0.141975066077631,0.0,-0.2441042957052567,0,37,2,429.84
16885,-0.5593496184885577,0.2618595071429148,-0.2159952196583254,0,15,3,450.41
16887,-0.1680633309670091,-0.3690702464285427,-0.7270642173396792,1,35,1,192.33
16889,0.6471370234678903,0.2618595071429148,0.538933571330975,0,194,3,1578.6699999999998
16891,-1.562712108492176,0.6309297535714574,0.0846868403794628,0,1,5,742.43
16892,-1.562712108492176,0.6309297535714574,-0.1316823298577419,0,1,5,518.1899999999999
16893,0.9522615430325724,-0.3690702464285427,-0.892468317745655,1,366,1,145.93
16895,0.1170397163725763,-0.3690702464285427,-0.6968473202012793,1,64,1,202.27
16897,0.854996398534705,0.0,-0.4810644993746139,0,299,2,289.78
16898,-0.3068743505407743,0.2618595071429148,-0.1519388147319407,0,26,3,501.03
16899,-0.8938037818230972,0.7712437491614222,0.4084036011803432,0,7,6,1271.06
16900,-0.5300973070953137,0.2618595071429148,0.1918580857312893,0,16,3,887.11
16902,0.40065581226469,-0.3690702464285427,0.5859657484613316,1,116,1,1706.88
16903,-0.2560362830983483,-0.3690702464285427,-0.3453767723367227,1,29,1,363.2
16904,-1.1205877535282016,1.578901923162566,1.0444784670336509,0,4,16,3653.75
16905,-1.0326148013968623,0.8927892607143721,0.9332030046518912,0,5,7,3037.6
16906,0.22914346473365,0.4649735207179271,-0.0854438827272744,0,81,4,559.59
16907,-0.2560362830983483,0.6309297535714574,0.2194799778278499,0,29,5,928.76
16909,0.1730463222010854,-0.3690702464285427,-0.3195596047847795,1,72,1,379.14
16910,-1.1205877535282016,1.0000000000000002,0.5117324033144494,0,4,8,1508.96
16912,-0.2723943026062298,1.261859507142915,0.8291021975550722,0,28,11,2555.58
16913,0.8402993629831766,-0.3690702464285427,-1.0430843664532887,1,290,1,113.44
16914,-0.1548429049949843,-0.3690702464285427,-0.7543907956987032,1,36,1,183.76
16915,-0.786133590193662,0.7712437491614222,-0.0221353693044023,0,9,6,621.6800000000001
16916,-0.3637064747277833,0.0,-0.0824196936508225,0,23,2,562.4100000000001
16917,0.8165085758314399,-0.3690702464285427,-0.3002446090956572,1,276,1,391.52
16918,-0.0095550718951481,0.7712437491614222,0.3040492004478456,0,49,6,1068.82
16919,0.5425500075866052,1.261859507142915,0.8376854243755285,0,156,11,2592.25
16921,0.0942394734933288,-0.3690702464285427,-0.8595435993522679,1,61,1,154.18
16923,-0.6595388019259375,1.726833027860842,1.442161055326747,0,12,19,7069.08
16924,-0.405690800867787,0.2618595071429148,0.1517199047474485,0,21,3,829.89
16926,0.9587909439231818,-0.3690702464285427,-0.6191216434714865,1,371,1,230.25
16927,0.396514024062849,0.2618595071429148,-0.103493684255915,0,115,3,543.05
16928,0.2232229565545395,1.6309297535714573,0.8872863414130046,0,80,17,2814.7
16929,-1.2282579451576368,0.8927892607143721,0.4198221053711375,0,3,7,1295.39
16930,-0.3068743505407743,0.2618595071429148,-0.3199560968689831,0,26,3,378.89
16931,-1.0326148013968623,1.813588092215596,1.1773049874852872,0,5,21,4554.87
16932,0.0275798127937651,-0.3690702464285427,-0.8750833287575612,1,53,1,150.23000000000002
16933,-1.562712108492176,0.0,-0.0815431598094395,0,1,2,563.23
16934,0.0364335540961874,0.0,0.2209496504742319,0,54,2,931.03
16936,-0.3250846385913979,-0.3690702464285427,-0.5418117495939108,1,25,1,261.9
16938,-0.836971657636088,0.4649735207179271,0.864821716680942,0,8,4,2711.6800000000003
16940,0.0185605714510143,0.2618595071429148,0.9356337752752812,0,52,3,3049.88
16942,-0.6595388019259375,1.0959032742893848,0.6521103970314145,0,12,9,1904.99
16943,0.6874688981200932,0.2618595071429148,0.1420978066160228,0,211,3,816.73
16945,-0.405690800867787,1.726833027860842,1.1489510004897676,0,21,19,4345.5
16947,0.7392165141124223,-0.3690702464285427,-0.2777013102104396,1,235,1,406.48
16948,0.483793208478914,0.2618595071429148,-0.2369013324788176,0,138,3,435.02
16949,-1.2282579451576368,0.7712437491614222,0.4155672332443817,0,3,6,1286.27
16950,0.0536680776831433,0.2618595071429148,0.3629026978834012,0,56,3,1178.56
16951,0.4697041677577397,0.2618595071429148,0.4115649632238973,0,134,3,1277.75
16952,0.370887717430727,0.0,-0.8095186048296918,0,109,2,167.61
16953,-0.2402146898412107,-0.3690702464285427,-2.042432062127151,1,30,1,20.8
16954,-1.8971662718267155,1.0959032742893848,0.7065245096700923,0,0,9,2085.08
16955,0.6217356133035294,0.4649735207179271,-0.1311253884917063,0,184,4,518.67
16956,-0.5025174943015487,-0.3690702464285427,-0.4429947114392311,1,17,1,308.74
16957,0.7473262069052701,0.0,-0.2628582388140147,0,239,2,416.64
16959,0.263217525801292,-0.3690702464285427,-1.0228365351255166,1,87,1,117.35
16960,-0.1294414948306238,0.2618595071429148,-0.1447547358291357,0,38,3,507.05
16961,0.40065581226469,-0.3690702464285427,-0.6089908290441138,1,116,1,234.17
16963,0.6294974218975681,-0.3690702464285427,-1.0584998633728306,1,187,1,110.55
16965,0.7204554542873731,-0.3690702464285427,-0.7000580369873397,1,226,1,201.19
16966,-0.836971657636088,0.8927892607143721,0.7263856321392733,0,8,7,2154.97
16967,0.634603452220883,-0.3690702464285427,-0.4233166708001395,1,189,1,319.02
16968,-1.1205877535282016,0.0,-0.2308361993042197,0,4,2,439.43
16969,-0.1172252635245831,0.2618595071429148,0.0050499461427136,0,39,3,650.41
16971,-0.1294414948306238,-0.3690702464285427,-0.3553716678538876,1,38,1,357.21
16976,0.8005708397496115,-0.3690702464285427,-0.5660901484770159,1,267,1,251.52
16978,0.2050126685039157,-0.3690702464285427,-0.3774415913283252,1,77,1,344.33
16979,-1.2282579451576368,0.7712437491614222,0.635117135100461,0,3,6,1852.0
16980,0.7784670348496002,0.0,0.2808720767476845,0,255,2,1028.46
16982,0.0863935223647938,-0.3690702464285427,-0.3118092540189288,1,60,1,384.06
16983,-0.6595388019259375,0.8927892607143721,0.6523885969846783,0,12,7,1905.87
16984,0.2686697348046577,0.0,1.1645573580232045,0,88,2,4459.52
16985,-0.5025174943015487,1.1826583386441385,1.2869765422367645,0,17,10,5464.12
16986,-0.2560362830983483,0.0,0.641973328806551,0,29,2,1873.2
16987,-1.2282579451576368,0.8927892607143721,0.5533085148413779,0,3,7,1616.8
16988,-1.0326148013968623,-0.3690702464285427,-0.9797530041310056,1,5,1,126.12
16989,-0.8938037818230972,0.7712437491614222,0.3392953541887869,0,7,6,1133.25
16990,0.7031436292963993,-0.3690702464285427,-0.7701215530525256,1,218,1,179.0
16992,-0.7401449642023266,0.6309297535714574,0.5523801809963836,0,10,5,1614.31
16996,-0.2402146898412107,0.7712437491614222,0.4906110943111861,0,30,6,1456.96
16997,0.8369716576360883,0.2618595071429148,0.0509856924329676,0,288,3,702.0
16998,0.5205422352001655,0.4649735207179271,-0.4703411146088015,0,149,4,295.0
16999,-0.3637064747277833,0.0,-0.1717201784215089,0,23,2,484.8200000000001
17001,-1.8971662718267155,1.261859507142915,1.0974589196582274,0,0,11,3989.57
17002,0.252124730073414,0.2618595071429148,0.5056225725189418,0,85,3,1493.73
17004,-0.0394109047715109,0.0,0.4275593034254868,0,46,2,1312.14
17006,-1.1205877535282016,0.4649735207179271,0.1157719164608773,0,4,4,781.78
17007,0.0,0.7712437491614222,0.1937687702784269,0,50,6,889.9300000000001
17010,-0.4764292294121705,-0.3690702464285427,-0.7176916762836808,1,18,1,195.36
17011,-0.2402146898412107,-0.3690702464285427,-0.5215247721574775,1,30,1,270.9
17014,-0.836971657636088,0.2618595071429148,-0.0603434518025786,0,8,3,583.4300000000001
17015,-0.2723943026062298,0.2618595071429148,0.6307462008759099,0,28,3,1838.61
17017,-1.3670689647314018,1.7712437491614224,1.5668617448981934,0,2,20,8694.26
17018,-0.1053106986008894,0.0,0.2138400606869951,0,40,2,920.1
17019,-0.6981606380623229,0.4649735207179271,0.402222190980625,0,11,4,1258.08
17022,-0.2248954551540181,-0.3690702464285427,-1.3223624047224665,1,31,1,71.0
17024,-0.0497879791871749,0.2618595071429148,-1.1436659499084956,0,45,3,95.85
17025,0.0863935223647938,0.2618595071429148,-0.3544301982433908,0,60,3,357.77
17026,0.6243367805886427,0.0,-0.8570243864739802,0,185,2,154.82999999999998
17027,0.2111594441492347,0.7712437491614222,0.1853421408856128,0,78,6,877.56
17029,0.3752544021003293,0.0,0.0628701399062878,0,110,2,716.0
17030,0.1095587081805211,-0.3690702464285427,-0.8886248160384066,1,63,1,146.87
17031,-0.6981606380623229,0.0,-0.3176442608825459,0,11,2,380.35
17033,0.2577030044890838,0.2618595071429148,0.2818548219097248,0,86,3,1030.14
17034,-0.5300973070953137,0.2618595071429148,0.0871866828352861,0,16,3,745.52
17035,0.7592407718289634,0.0,-0.2389644226245884,0,245,2,433.53
17037,0.263217525801292,-0.3690702464285427,0.4066290094103538,1,87,1,1267.32
17038,-0.2402146898412107,-0.3690702464285427,-1.048586506187465,1,30,1,112.4
17040,0.4803093279081389,-0.3690702464285427,-0.2169037936223334,1,137,1,449.73
17041,-0.3068743505407743,0.2618595071429148,0.3055514926163126,0,26,3,1071.49
17042,-1.3670689647314018,0.6309297535714574,0.2856072362688223,0,2,5,1036.58
17043,-0.2100476571070129,0.4649735207179271,0.5958706630184856,0,32,4,1735.18
17044,-0.3250846385913979,-0.3690702464285427,0.2321292587106627,1,25,1,948.48
17045,0.3881222410176829,0.2618595071429148,-0.3860369295332833,0,113,3,339.44
17046,0.5456136074837743,-0.3690702464285427,-0.0027629977419034,1,157,1,642.02
17047,0.252124730073414,0.2618595071429148,0.3218560607614233,0,85,3,1100.9
17048,0.4047623507778827,0.2618595071429148,0.217265474235683,0,117,3,925.35
17049,-1.3670689647314018,1.0959032742893848,1.3076706581176445,0,2,9,5655.030000000001
17050,0.3102020558878627,0.7712437491614222,0.9618731633056226,0,96,6,3185.64
17051,0.6471370234678903,-0.3690702464285427,-0.5920103386506776,1,194,1,240.89
17052,-0.2723943026062298,-0.3690702464285427,-0.2887319732002536,1,28,1,399.09
17053,0.4551913335303976,-0.3690702464285427,-0.1550079148854297,1,130,1,498.48
17054,-0.2723943026062298,0.6309297535714574,0.4475073868137878,0,28,5,1356.33
17058,0.22914346473365,0.2618595071429148,0.3635818735434761,0,81,3,1179.89
17059,-0.2560362830983483,0.6309297535714574,0.941630992157819,0,29,5,3080.39
17060,0.7987670418999716,-0.3690702464285427,-0.6088114603154904,1,266,1,234.24
17061,0.1796112583395553,1.261859507142915,1.2608453949493033,0,73,11,5232.2300000000005
17062,0.8770041709211447,0.4649735207179271,-0.1143587268670353,0,313,4,533.33
17063,-0.405690800867787,0.8927892607143721,0.4923365510943514,0,21,7,1461.14
17064,0.0703081874433432,0.2618595071429148,0.1699805744599816,0,58,3,855.45
17068,-0.6595388019259375,1.813588092215596,1.176943730117487,0,12,21,4552.14
17069,-0.2723943026062298,1.0959032742893848,0.8643816480558932,0,28,9,2709.7
17070,0.3923363757767996,-0.3690702464285427,-0.4518150347586131,1,114,1,304.24
17071,-0.2723943026062298,1.0959032742893848,0.7985054517505612,0,28,9,2429.03
17073,-0.5025174943015487,0.4649735207179271,0.4861008175569978,0,17,4,1446.09
17075,-0.5025174943015487,0.4649735207179271,0.1547803803995572,0,17,4,834.12
17076,-0.1548429049949843,0.2618595071429148,0.1597824774182802,0,36,3,841.0799999999999
17078,-0.1548429049949843,0.0,-0.3210517704049816,0,36,2,378.2
17079,0.2111594441492347,-0.3690702464285427,-1.0154973470847846,1,78,1,118.8
17080,-0.3842421425217144,0.0,-0.4855581831170215,0,22,2,287.62
17081,-0.3250846385913979,0.0,-0.4828704275030441,0,25,2,288.91
17082,-0.1956431437607741,0.0,0.6825871237002531,0,33,2,2003.85
17083,0.370887717430727,0.2618595071429148,0.4690740295810884,0,109,3,1405.78
17084,-0.1680633309670091,0.0,0.8728354045601663,0,35,2,2747.99
17085,0.4286936368278683,0.6309297535714574,0.5326938871195107,0,123,5,1562.4
17086,-0.8938037818230972,0.7712437491614222,0.6963268310635701,0,7,6,2050.08
17088,-0.2723943026062298,0.4649735207179271,0.6787147896635521,0,28,4,1991.01
17090,-1.1205877535282016,0.8927892607143721,0.6737445590098643,0,4,7,1974.65
17091,-1.3670689647314018,1.0959032742893848,1.0725116482884245,0,2,9,3827.76
17092,0.0,0.4649735207179271,0.609208247219484,0,50,4,1774.03
17094,0.8906397353192314,-0.3690702464285427,-0.4562541890119941,1,322,1,302.0
17095,-0.3842421425217144,0.2618595071429148,0.4330510252068579,0,22,3,1324.16
17096,-0.5593496184885577,0.4649735207179271,0.2771547724815246,0,15,4,1022.13
17100,-0.4764292294121705,0.0,0.2467158243026712,0,18,2,971.74
17101,-0.7401449642023266,0.4649735207179271,0.5551423337226996,0,10,4,1621.73
17102,0.7896454968649371,-0.3690702464285427,-1.9247656838117893,1,261,1,25.5
17105,0.5516830631444957,0.0,0.0191052671667933,0,159,2,665.78
17107,-0.1956431437607741,0.7712437491614222,1.6974212487727642,0,33,6,10797.48
17109,-0.2560362830983483,0.7712437491614222,0.1878955026562439,0,29,6,881.29
17110,0.5694463707436582,-0.3690702464285427,-0.8251249039741939,1,165,1,163.29999999999998
17111,-0.0292523113932437,-0.3690702464285427,-0.6155875465055424,1,47,1,231.61
17114,-1.0326148013968623,1.0000000000000002,0.1304815344430588,0,5,8,801.12
17115,-0.836971657636088,0.2618595071429148,0.1572147452332609,0,8,3,837.5
17117,0.8369716576360883,-0.3690702464285427,-1.028721493758909,1,288,1,116.2
17118,0.8831120418808676,-0.3690702464285427,-0.8486132580745591,1,317,1,157.02
17119,-1.2282579451576368,0.0,-0.0366035259247417,0,3,2,606.91
17120,0.7351099755992296,-0.3690702464285427,-0.4454904944357203,1,233,1,307.46
17122,0.4128720435707305,-0.3690702464285427,-0.924521174325832,1,119,1,138.32
17123,0.5576771198890786,-0.3690702464285427,-0.375751059202747,1,161,1,345.29999999999995
17124,0.6243367805886427,-0.3690702464285427,-0.4718905563633292,1,185,1,294.24
17125,0.0,-0.3690702464285427,-0.6184704367784419,1,50,1,230.5
17126,0.5300973070953137,0.6309297535714574,0.2575899222680992,0,152,5,989.45
17128,0.9082410313790464,-0.3690702464285427,-0.8483463356602475,1,334,1,157.09
17131,-1.0326148013968623,0.6309297535714574,0.8069138656297181,0,5,5,2463.17
17133,-0.5593496184885577,0.8927892607143721,1.22036016974224,0,15,7,4892.24
17134,0.3575454287574991,0.0,-0.267843022882815,0,106,2,413.2
17135,-0.5300973070953137,0.8927892607143721,0.3427287496558521,0,16,7,1139.73
17138,0.814763491242678,-0.3690702464285427,-0.3174072450562849,1,275,1,380.5
17139,-0.5593496184885577,1.3347175194727927,1.6891768429170029,0,15,12,10650.77
17140,0.7631478001624079,-0.3690702464285427,-0.2110621257216327,1,247,1,454.12
17142,0.7473262069052701,-0.3690702464285427,-0.0649292788095553,1,239,1,579.0
17144,-1.562712108492176,0.0,0.2546130883798574,0,1,2,984.57
17146,0.3530147347855537,0.2618595071429148,0.0906161541798156,0,105,3,749.78
17147,-0.3842421425217144,0.4649735207179271,0.5886803982984351,0,22,4,1714.59
17148,0.0093695247431415,-0.3690702464285427,-0.985660859755816,1,51,1,124.88
17152,0.6471370234678903,0.2618595071429148,0.5798011207904493,0,194,3,1689.5
17153,-0.3440092352296877,-0.3690702464285427,-0.6636515994913164,1,24,1,213.78
17154,0.1924790972569085,-0.3690702464285427,-0.4041878780266399,1,75,1,329.34
17155,-0.5025174943015487,0.0,-0.5656606939145278,0,17,2,251.7
17157,-0.8938037818230972,0.0,-0.4233543378565423,0,7,2,319.0
17158,-0.2100476571070129,0.2618595071429148,0.4064626703017653,0,32,3,1266.97
17159,-0.405690800867787,0.2618595071429148,0.5235580172939134,0,21,3,1538.88
17160,-0.2248954551540181,0.7712437491614222,1.021671220765052,0,31,6,3518.03
17162,-0.2723943026062298,1.1826583386441385,0.5889859543488172,0,28,10,1715.46
17163,-0.405690800867787,0.0,-0.4742222135925704,0,21,2,293.1
17164,-0.2100476571070129,0.8927892607143721,0.8079353524391445,0,32,7,2467.35
17165,0.8302465959816574,-0.3690702464285427,-0.8423150057220167,1,284,1,158.68
17166,-0.1294414948306238,0.0,-0.6848990690475178,0,38,2,206.34
17169,0.0620598607283094,0.0,0.1559771847660258,0,57,2,835.78
17171,0.8386383790268235,-0.3690702464285427,-0.6332021415646991,1,289,1,224.91
17172,0.2111594441492347,-0.3690702464285427,-0.4256943049526206,1,78,1,317.76
17173,-1.0326148013968623,1.0000000000000002,1.0628066256055535,0,5,8,3766.6
17174,0.7009353171450358,-0.3690702464285427,-1.4232728565490702,1,217,1,59.9
17175,-0.0603931393375741,0.4649735207179271,0.4851004229917324,0,44,4,1443.69
17176,0.6641544422759992,-0.3690702464285427,-0.448094764342038,1,201,1,306.13
17179,0.6058270725080276,0.2618595071429148,0.0593208920579174,0,178,3,711.79
17180,0.0536680776831433,0.4649735207179271,0.1174557254353666,0,56,4,783.97
17181,0.0620598607283094,0.0,-0.5944320439603217,0,57,2,239.92
17183,-0.8938037818230972,0.7712437491614222,0.9916995761957434,0,7,6,3347.3100000000004
17186,-0.0394109047715109,0.0,-0.9004374336112667,0,46,2,144.0
17187,0.7204554542873731,-0.3690702464285427,-0.6918866233591788,1,226,1,203.95
17188,-0.6981606380623229,0.8927892607143721,0.8096128905063751,0,11,7,2474.23
17189,0.3575454287574991,0.0,-0.3122946580749696,0,106,2,383.75
17190,0.0703081874433432,0.0,-0.2236133607518428,0,58,2,444.74
17191,-0.2723943026062298,0.8927892607143721,0.7090040379082128,0,28,7,2093.68
17193,-0.1680633309670091,0.8927892607143721,0.583284897749415,0,35,7,1699.3
17194,0.8112542731361055,0.0,-0.5401634235274972,0,273,2,262.62
17197,-0.2560362830983483,-0.3690702464285427,0.2717583978073043,1,29,1,1013.01
17198,-0.3637064747277833,0.2618595071429148,0.0425422929973074,0,23,3,692.22
17201,0.0275798127937651,-0.3690702464285427,-0.4810644993746139,1,53,1,289.78
17203,-0.1680633309670091,0.7712437491614222,1.0288302862256378,0,35,6,3560.08
17204,0.5976716891358311,0.4649735207179271,0.533525993861733,0,175,4,1564.5600000000002
17205,0.0275798127937651,-0.3690702464285427,-0.3117779510487724,1,53,1,384.08
17206,0.0275798127937651,-0.3690702464285427,-0.6910344298269334,1,53,1,204.24
17211,-0.3068743505407743,1.0000000000000002,0.7701162884726549,0,26,8,2317.2200000000003
17212,0.7746825812311168,-0.3690702464285427,-0.6280486282910176,1,253,1,226.85
17213,-0.1053106986008894,0.8927892607143721,0.8800792728091077,0,40,7,2781.23
17214,0.0863935223647938,0.7712437491614222,0.2985597028529392,0,60,6,1059.12
17217,0.737167613527003,-0.3690702464285427,-1.0427684626795966,1,234,1,113.5
17218,-1.1205877535282016,1.1826583386441385,0.6667857793756086,0,4,10,1951.97
17219,-0.2248954551540181,-0.3690702464285427,-1.0389381710506145,1,31,1,114.23
17220,-0.3440092352296877,1.4649735207179273,0.9622342948953558,0,24,14,3187.55
17221,-0.8938037818230972,0.0,-0.3948823688410124,0,7,2,334.48
17222,0.1244065062275264,-0.3690702464285427,-0.4054480712089559,1,65,1,328.65
17223,0.8723719878624252,0.0,-0.2624975744729601,0,310,2,416.89
17226,0.8692589747236188,-0.3690702464285427,-0.2972273534082703,1,308,1,393.49
17227,-0.4764292294121705,0.7712437491614222,0.2262866303535261,0,18,6,939.32
17228,-0.5593496184885577,1.0000000000000002,0.6524581269126366,0,15,8,1906.09
17229,0.3102020558878627,0.0,-0.423806526250227,0,96,2,318.76
17230,0.7951390897495282,1.0000000000000002,1.041943478808283,0,264,8,3638.41
17231,-0.6595388019259375,1.1826583386441385,0.9502397582031968,0,12,10,3124.72
17232,-1.3670689647314018,0.0,-0.261229750212056,0,2,2,417.77
17233,-0.1680633309670091,-0.3690702464285427,-0.7316015198207797,1,35,1,190.88
17234,0.6164908294601078,-0.3690702464285427,-0.8764398445570548,1,182,1,149.89
17235,-0.3250846385913979,0.0,-0.0957776981465771,0,25,2,550.06
17236,-0.6595388019259375,0.7712437491614222,0.211236806566378,0,12,6,916.13
17237,-0.6981606380623229,0.0,-0.4315270043613711,0,11,2,314.69
17238,-1.3670689647314018,1.6309297535714573,1.0551598872259922,0,2,17,3719.1
17239,0.8754650456516969,-0.3690702464285427,-0.314255908539102,1,312,1,382.5
17242,0.3664811538104963,0.0,0.3402457335945804,0,108,2,1135.04
17243,-1.562712108492176,2.0,1.5560771195892316,0,1,26,8540.05
17244,0.0275798127937651,-0.3690702464285427,0.2361907011382221,1,53,1,954.9
17245,0.6712678196976245,-0.3690702464285427,-0.7959465995201085,1,204,1,171.45
17247,-0.5593496184885577,-0.3690702464285427,-0.5014909667092071,1,15,1,280.09000000000003
17248,0.4168763434220624,-0.3690702464285427,-0.4240138927023926,1,120,1,318.65
17250,-1.2282579451576368,0.0,-0.3150894093176659,0,3,2,381.97
17251,0.9469736505173758,-0.3690702464285427,-0.5239012060852325,1,362,1,269.83
17252,0.40065581226469,0.0,-0.369500828193156,0,116,2,348.91
17253,-0.4764292294121705,-0.3690702464285427,-0.7726043928633497,1,18,1,178.26
17254,-1.1205877535282016,0.0,-0.5208823026398371,0,4,2,271.19
17255,-0.1053106986008894,0.0,-0.4775512159258557,0,40,2,291.48
17256,0.3620339761283047,0.0,-0.5942319471006561,0,107,2,240.0
17259,0.517314695655502,0.0,-0.0626164763176126,0,148,2,581.23
17262,0.0185605714510143,0.6309297535714574,0.3999585934116749,0,52,5,1253.36
17263,0.6805920782122185,-0.3690702464285427,-1.3892199395976292,1,208,1,63.440000000000005
17265,0.483793208478914,0.0,-0.095832385392958,0,138,2,550.01
17266,-1.3670689647314018,0.2618595071429148,-0.4671325995256664,0,2,3,296.58
17267,0.4440128715150607,0.0,-0.4267540495488098,0,127,2,317.20000000000005
17268,0.3620339761283047,0.4649735207179271,0.101640873907236,0,107,4,763.64
17272,-0.0823294332611252,0.4649735207179271,0.7246107025747438,0,42,4,2148.63
17274,-0.1680633309670091,-0.3690702464285427,-1.073433226501715,1,35,1,107.82
17277,0.7225764043522224,0.0,0.302091170738026,0,227,2,1065.35
17278,0.751330506756602,-0.3690702464285427,-0.5793133176602263,1,241,1,246.04
17279,0.0620598607283094,-0.3690702464285427,-0.7412584719476076,1,57,1,187.83
17282,0.4551913335303976,0.2618595071429148,0.5783590689010772,0,130,3,1685.46
17284,0.0863935223647938,0.7712437491614222,0.5646309527676738,0,60,6,1647.48
17286,-0.405690800867787,-0.3690702464285427,-0.870557164014876,1,21,1,151.37
17287,-0.3068743505407743,0.8927892607143721,0.2928131553584306,0,26,7,1049.06
17288,-0.786133590193662,0.8927892607143721,0.4741295358230065,0,9,7,1417.63
17289,-0.2248954551540181,0.2618595071429148,0.2209431839981629,0,31,3,931.02
17290,-1.2282579451576368,0.0,-0.1377256309593963,0,3,2,513.01
17291,0.8692589747236188,-0.3690702464285427,-0.094968906547632,1,308,1,550.8000000000001
17293,-0.836971657636088,1.0959032742893848,0.6357867818178432,0,8,9,1854.06
17295,-0.2723943026062298,0.2618595071429148,-0.0991337323519126,0,28,3,547.0
17297,-0.5025174943015487,-0.3690702464285427,-0.9700645787573854,1,17,1,128.18
17298,0.3344541633345393,0.0,-0.1550803175367263,0,101,2,498.42
17299,-0.6981606380623229,0.4649735207179271,0.010759128132494,0,11,4,656.61
17301,-0.405690800867787,-0.3690702464285427,-0.8253450385364914,1,21,1,163.24
17302,-0.5904904464328878,0.6309297535714574,0.3405586590365469,0,14,5,1135.63
17303,0.9456425728102248,-0.3690702464285427,-0.5696328696515667,1,361,1,250.04
17306,-0.7401449642023266,1.726833027860842,1.5624826413447412,0,10,19,8631.31
17309,0.3052018519412955,-0.3690702464285427,-1.2312534638723975,1,95,1,82.75
17311,0.2111594441492347,0.0,0.4600398401437689,0,78,2,1384.85
17312,0.483793208478914,0.2618595071429148,-0.0006297721579248,0,138,3,644.3
17313,-0.2248954551540181,-0.3690702464285427,0.7731297145297944,1,31,1,2328.84
17314,-0.3440092352296877,1.0000000000000002,0.8225460603807923,0,24,8,2527.92
17315,-1.562712108492176,2.3347175194727927,1.3709549660429003,0,1,38,6281.23
17317,-0.0394109047715109,0.2618595071429148,0.8395626774732506,0,46,3,2600.34
17320,0.3297002789414596,0.2618595071429148,0.3740700687505003,0,100,3,1200.62
17321,-0.836971657636088,0.0,0.0112629859100452,0,8,2,657.16
17323,-0.5593496184885577,0.8927892607143721,0.2048882782076689,0,15,7,906.52
17324,-0.5025174943015487,0.4649735207179271,0.2557799534617531,0,17,4,986.48
17325,0.8234264773092309,-0.3690702464285427,-1.1377829630590528,1,280,1,96.8
17329,-0.5904904464328878,0.0,-0.1259979335738513,0,14,2,523.11
17330,-0.3842421425217144,0.0,-0.3442194980405476,0,22,2,363.9
17331,0.4286936368278683,-0.3690702464285427,-0.7829812694214983,1,123,1,175.2
17333,0.252124730073414,-0.3690702464285427,-0.1601337307537513,1,85,1,494.25
17334,0.859797586036773,0.0,-0.4463508123982531,0,302,2,307.02
17337,0.5269332605914481,0.4649735207179271,0.6756968280767452,0,151,4,1981.06
17338,-0.5025174943015487,1.0000000000000002,1.3909865173042977,0,17,8,6493.54
17339,0.3001492888863435,0.0,-0.5858873097907629,0,94,2,243.36
17340,-0.2560362830983483,1.261859507142915,1.7785423436070384,0,29,11,12353.29
17341,0.5425500075866052,0.2618595071429148,0.0338466311347728,0,156,3,682.29
17343,0.9375780614737368,-0.3690702464285427,-0.7229941646326415,1,355,1,193.64
17344,-0.0394109047715109,-0.3690702464285427,-0.8463291785250626,1,46,1,157.62
17345,-0.5593496184885577,0.4649735207179271,-0.1299435941753806,0,15,4,519.69
17346,-1.2282579451576368,1.5237190142858297,0.8447623651366799,0,3,15,2622.88
17347,0.2577030044890838,-0.3690702464285427,-0.622493098412149,1,86,1,228.96
17348,-0.5904904464328878,0.6309297535714574,0.3515765584438082,0,14,5,1156.6
17349,0.6085151873315049,-0.3690702464285427,-1.1289129423457096,1,179,1,98.25
17350,-0.836971657636088,0.4649735207179271,0.4132452069425922,0,8,4,1281.32
17351,-0.1548429049949843,0.2618595071429148,-0.0565193702407768,0,36,3,587.15
17353,0.4514938797071159,0.0,0.5975415434601548,0,129,2,1740.0
17354,0.0,-0.3690702464285427,0.4635997493040449,1,50,1,1393.06
17356,0.8739209951729948,-0.3690702464285427,-0.772738892247032,1,311,1,178.22
17357,-0.3440092352296877,0.0,-0.311292962799592,0,24,2,384.39
17358,0.8613874239259875,0.0,-0.349344867684955,0,303,2,360.81000000000006
17359,-0.6981606380623229,-0.3690702464285427,-0.9715593970360674,1,11,1,127.86
17360,-0.5025174943015487,0.2618595071429148,-0.0762152635964663,0,17,3,568.24
17361,-0.0095550718951481,0.2618595071429148,-0.1675415846960153,0,49,3,488.2
17362,0.7473262069052701,0.0,-0.4362418464120063,0,239,2,312.23
17364,-1.8971662718267155,1.261859507142915,1.1649841763295292,0,0,11,4462.68
17365,-0.6595388019259375,1.0000000000000002,1.20477924406947,0,12,8,4767.36
17367,0.7453115260541195,-0.3690702464285427,-0.8097331113223267,1,238,1,167.55
17368,-0.3637064747277833,1.0000000000000002,0.6437938940812186,0,23,8,1878.87
17370,0.1730463222010854,0.4649735207179271,-0.2216694534546626,0,72,4,446.18
17371,-0.5025174943015487,0.2618595071429148,-0.260323738627189,0,17,3,418.4
17372,-0.1053106986008894,1.0000000000000002,0.4389437080121506,0,40,8,1337.18
17373,-0.1053106986008894,0.4649735207179271,0.0018122787044749,0,40,4,646.9200000000001
17374,0.7031436292963993,0.0,-0.1582868079995905,0,218,2,495.77
17375,0.6593532547739307,0.2618595071429148,-0.2872124360727585,0,199,3,400.1
17376,0.1596422557462171,0.0,-0.6940961763745339,0,70,2,203.2
17377,-0.3637064747277833,1.7712437491614224,1.1077537346936033,0,23,20,4058.32
17379,-0.6981606380623229,-0.3690702464285427,-0.3030147613715019,1,11,1,389.72
17381,-0.836971657636088,2.095903274289385,2.0771547837744744,0,8,29,20275.61
17382,0.1244065062275264,-0.3690702464285427,-1.3711617895651476,1,65,1,65.4
17383,-1.1205877535282016,-0.3690702464285427,-0.7237687730416863,1,4,1,193.39
17384,-0.4516794268591226,0.0,-0.3914429107705271,0,19,2,336.4
17385,-0.5904904464328878,-0.3690702464285427,-0.5552335275130231,1,14,1,256.11
17386,-0.8938037818230972,0.7712437491614222,0.8591832639541835,0,7,6,2686.42
17387,-0.4516794268591226,0.0,0.088227246207878,0,19,2,746.81
17388,0.2050126685039157,0.4649735207179271,0.4029302158346001,0,77,4,1259.56
17389,-1.8971662718267155,2.23621726987935,2.349021948134598,-1,0,34,31833.68
17391,0.5635976280681896,0.0,-0.142682305555788,0,163,2,508.8
17392,0.866125747072179,0.0,-0.2619497776987489,0,306,2,417.27
17394,0.7053418807652665,-0.3690702464285427,-0.692121923439578,1,219,1,203.87
17396,-0.1172252635245831,1.0000000000000002,1.4640684519154783,0,39,8,7330.799999999999
17397,-0.3842421425217144,0.0,0.0330699322977127,0,22,2,681.41
17398,0.3923363757767996,0.2618595071429148,0.0077915777097867,0,114,3,653.38
17400,0.4402284178965773,0.6309297535714574,0.7101997867985292,0,126,5,2097.84
17402,-1.1205877535282016,1.4021735027328797,0.8472768649994987,0,4,13,2633.85
17403,-0.1548429049949843,-0.3690702464285427,-0.5371986494839645,1,36,1,263.92
17405,-1.562712108492176,0.2618595071429148,0.282596668340465,0,1,3,1031.41
17406,0.9067985329568812,0.2618595071429148,0.7345625265804134,0,333,3,2184.42
17408,0.5635976280681896,-0.3690702464285427,-1.780801719541291,1,163,1,32.65
17409,0.6217356133035294,0.0,0.1080775286912756,0,184,2,771.85
17410,-0.5300973070953137,0.6309297535714574,0.3811009786345309,0,16,5,1214.72
17411,-0.6595388019259375,0.2618595071429148,0.1135813174873136,0,12,3,778.94
17412,-1.3670689647314018,0.8927892607143721,0.4022126173789063,0,2,7,1258.06
17414,-0.0712366375332477,0.0,0.1128545027281955,0,43,2,778.0
17415,0.2172288998099561,-0.3690702464285427,-0.1438182991111992,1,79,1,507.84
17416,-0.2560362830983483,0.8927892607143721,1.4269976889633396,0,29,7,6893.42
17418,-0.0823294332611252,0.0,-0.1988188529383188,0,42,2,463.46
17419,-0.6981606380623229,1.3347175194727927,1.1322301839665945,0,11,12,4226.57
17420,0.0,0.2618595071429148,-0.0446678806390105,0,50,3,598.83
17422,-0.5300973070953137,0.7712437491614222,0.6751827248142397,0,16,6,1979.37
17423,-0.0394109047715109,0.0,0.0479000497783837,0,46,2,698.4100000000001
17425,-0.4516794268591226,0.0,0.0981072667348551,0,19,2,759.1700000000001
17426,-0.836971657636088,0.7712437491614222,1.2379624590777505,0,8,6,5037.26
17427,0.1663908323675303,-0.3690702464285427,-1.1136237471662789,1,71,1,100.8
17428,-1.8971662718267155,2.065044752110663,1.9800003380287172,0,0,28,17256.85
17429,0.4477678738341883,0.2618595071429148,-0.1239201393732798,0,128,3,524.9200000000001
17430,-0.2100476571070129,0.0,-0.5330271281890565,0,32,2,265.76
17431,0.8770041709211447,-0.3690702464285427,-0.2824232041307277,1,313,1,403.3
17432,-0.4764292294121705,0.0,-0.3411552084977882,0,18,2,365.76
17433,0.2686697348046577,-0.3690702464285427,-0.4539512597540205,1,88,1,303.16
17434,-1.3670689647314018,0.8927892607143721,0.7846544157037727,0,2,7,2373.82
17436,-1.562712108492176,0.0,-0.6566214180662537,0,1,2,216.3
17438,0.7746825812311168,-0.3690702464285427,-0.3049769469990745,1,253,1,388.4500000000001
17440,0.5425500075866052,0.2618595071429148,-0.7457756776651012,0,156,3,186.42
17442,-0.1548429049949843,0.7712437491614222,0.7519963564454292,0,36,6,2248.56
17446,0.6004054945386567,0.0,-1.0050241613643782,0,176,2,120.9
17447,-0.1053106986008894,0.0,-0.1051798776994572,0,40,2,541.53
17449,-1.3670689647314018,0.8927892607143721,0.8204667119680068,0,2,7,2519.21
17450,-0.836971657636088,2.5045553753797365,3.439483796109574,-1,8,46,194390.79
17451,-1.562712108492176,0.8927892607143721,0.5910680353122579,0,1,7,1721.4
17453,-0.5025174943015487,0.0,-0.1693677003479721,0,17,2,486.7199999999999
17454,0.6421625942262168,0.4649735207179271,-0.1324489655576368,0,192,4,517.53
17455,0.6689083266690788,-0.3690702464285427,-0.9538617172597929,1,203,1,131.7
17456,0.9509449927946468,-0.3690702464285427,-0.5700651649976158,1,365,1,249.86
17457,0.4402284178965773,0.6309297535714574,0.5967448131706706,0,126,5,1737.7
17458,-0.5593496184885577,-0.3690702464285427,-0.4280813560945378,1,15,1,316.5
17459,-0.0712366375332477,0.0,0.0113911733875631,0,43,2,657.3
17460,0.3001492888863435,0.7712437491614222,-0.0214098814158298,0,94,6,622.4300000000001
17461,-0.3842421425217144,0.2618595071429148,0.0793042106166386,0,22,3,735.82
17462,0.0863935223647938,0.0,0.0279968441021321,0,60,2,675.6899999999999
17463,-0.5300973070953137,0.6309297535714574,0.6428281060086721,0,16,5,1875.86
17464,0.5486578785463281,-0.3690702464285427,-0.4806915337339422,1,158,1,289.96000000000004
17466,-0.7401449642023266,0.0,0.101357053918107,0,10,2,763.28
17468,-0.7401449642023266,0.0,-0.9302586552096898,0,10,2,137.0
17469,-0.5300973070953137,0.6309297535714574,0.6412557945091042,0,16,5,1870.97
17470,-0.0603931393375741,0.6309297535714574,0.3349331046653624,0,44,5,1125.07
17472,0.639656015275835,0.2618595071429148,0.0471498915068862,0,191,3,697.54
17475,0.2172288998099561,-0.3690702464285427,-0.7207379892478313,1,79,1,194.37
17480,0.2050126685039157,-0.3690702464285427,-0.1391225583702794,1,77,1,511.82
17481,-1.2282579451576368,0.4649735207179271,0.4010291069018994,0,3,4,1255.59
17483,0.1244065062275264,0.2618595071429148,-0.2666219982549279,0,65,3,414.04
17486,0.7896454968649371,-0.3690702464285427,-0.2920854723867815,1,261,1,396.87
17489,0.0703081874433432,0.0,-0.3235363125520963,0,58,2,376.64
17490,-1.8971662718267155,0.8927892607143721,0.708612604866441,0,0,7,2092.32
17491,-1.562712108492176,1.1826583386441385,1.028625466080205,0,1,10,3558.87
17492,0.7650895145044322,-0.3690702464285427,-0.3268490010027661,1,248,1,374.57
17495,-0.8938037818230972,0.0,-0.1561190458099747,0,7,2,497.56000000000006
17496,0.9416271652029824,-0.3690702464285427,-0.5211923748317742,1,358,1,271.05
17498,0.1924790972569085,-0.3690702464285427,-0.518605948242875,1,75,1,272.22
17499,0.8386383790268235,-0.3690702464285427,-0.020975007498573,1,289,1,622.88
17500,-0.5025174943015487,0.2618595071429148,0.3418140300153329,0,17,3,1138.0
17501,0.7075301628054642,0.0,-0.4835152289936555,0,220,2,288.6
17502,-0.786133590193662,0.4649735207179271,0.0398236141606258,0,9,4,689.1
17503,-1.3670689647314018,0.0,-0.0861215782045784,0,2,2,558.96
17504,0.6759524716689128,1.0959032742893848,0.9251019377124416,0,206,9,2997.03
17505,0.5576771198890786,0.0,0.3459482841509762,0,161,2,1145.84
17506,0.1924790972569085,-0.3690702464285427,-0.4558565039195194,1,75,1,302.2
17507,0.7896454968649371,0.0,-0.0379235538031428,0,261,2,605.5799999999999
17509,0.0620598607283094,1.0000000000000002,1.3516944749264477,0,57,8,6083.64
17510,-0.3440092352296877,-0.3690702464285427,-0.4435008315920392,1,24,1,308.48
17511,-1.3670689647314018,2.1546487678572874,2.9824506526606,-1,2,31,91062.38
17512,-0.2723943026062298,1.1826583386441385,0.9104429551049288,0,28,10,2924.99
17513,0.1730463222010854,-0.3690702464285427,-0.1375028915752214,1,72,1,513.2
17514,0.4477678738341883,-0.3690702464285427,-0.6782215364855705,1,128,1,208.65
17515,-0.2248954551540181,0.4649735207179271,-0.0055814266332203,0,31,4,639.02
17516,-0.5593496184885577,0.6309297535714574,0.1026174543058986,0,15,5,764.8799999999999
17517,0.8692589747236188,-0.3690702464285427,-0.8604764385465369,1,308,1,153.94
17519,-0.5025174943015487,0.7712437491614222,0.6325160201704332,0,17,6,1844.02
17520,0.0275798127937651,-0.3690702464285427,-0.0993427310486673,1,53,1,546.81
17521,-0.2560362830983483,0.2618595071429148,0.068900411229603,0,29,3,723.21
17522,-1.562712108492176,0.6309297535714574,0.3051130077971332,0,1,5,1070.71
17523,-0.6981606380623229,0.4649735207179271,0.0072018416891253,0,11,4,652.74
17524,0.9456425728102248,-0.3690702464285427,-0.8962952060635371,1,361,1,145.0
17525,0.9429693506660444,-0.3690702464285427,-0.2541759579721544,1,359,1,422.7000000000001
17526,-1.1205877535282016,0.4649735207179271,0.3716980154301466,0,4,4,1195.9
17527,0.0275798127937651,0.4649735207179271,0.2263186766629084,0,53,4,939.37
17528,-1.562712108492176,1.0000000000000002,1.0403001295848036,0,1,8,3628.5
17530,-1.562712108492176,1.1826583386441385,0.7829516586308627,0,1,10,2367.12
17531,0.6371363470810009,-0.3690702464285427,-0.4668896113208791,1,190,1,296.7
17534,0.0275798127937651,-0.3690702464285427,-0.6373515447248165,1,53,1,223.36
17535,0.8234264773092309,-0.3690702464285427,-0.8211032881461514,1,280,1,164.4
17536,0.6031238981391972,-0.3690702464285427,-1.2779971707541395,1,177,1,76.5
17537,-0.2560362830983483,0.0,0.1922379947613449,0,29,2,887.6700000000001
17538,-0.3250846385913979,-0.3690702464285427,-1.1278815071004404,1,25,1,98.42
17540,-0.3440092352296877,0.0,-0.0650332001367853,0,24,2,578.9000000000001
17542,0.8041583310922792,-0.3690702464285427,-0.7983979928767325,1,269,1,170.75
17545,-0.0712366375332477,0.2618595071429148,-0.0024818784048523,0,43,3,642.3199999999999
17548,0.7351099755992296,-0.3690702464285427,-1.099001687536229,1,233,1,103.3
17549,-0.3637064747277833,0.0,-0.8805680235422152,0,23,2,148.86
17550,0.6545038133228402,0.2618595071429148,-0.5298723747431328,0,197,3,267.16
17551,0.9429693506660444,-0.3690702464285427,-0.479904918957688,1,359,1,290.34
17552,0.0863935223647938,0.4649735207179271,0.2205485977008979,0,60,4,930.41
17553,0.4514938797071159,-0.3690702464285427,0.5031458062612881,1,129,1,1487.6
17554,-1.562712108492176,0.6309297535714574,0.6669338904515443,0,1,5,1952.45
17555,-0.4516794268591226,0.0,-0.1773412623123673,0,19,2,480.31
17556,0.6736158309628445,-0.3690702464285427,-0.8452662298619206,1,205,1,157.9
17557,-0.5904904464328878,0.2618595071429148,-0.1052576450918996,0,14,3,541.46
17560,0.3001492888863435,0.4649735207179271,0.1696286171177102,0,94,4,854.95
17561,-0.4516794268591226,-0.3690702464285427,-0.8184854145214837,1,19,1,165.12
17562,-0.5904904464328878,0.8927892607143721,0.3334916487165205,0,14,7,1122.38
17564,-0.3440092352296877,0.2618595071429148,-0.2112078106045796,0,24,3,454.01
17566,-0.836971657636088,0.0,0.1799743719038427,0,8,2,869.77
17567,-0.8938037818230972,1.0000000000000002,1.1470038257098978,0,7,8,4331.48
17569,0.9053517091956432,-0.3690702464285427,-0.3777732825898947,1,332,1,344.14
17571,0.0,0.4649735207179271,0.477535612126125,0,50,4,1425.67
17572,0.1663908323675303,0.4649735207179271,-0.6283131988553093,0,71,4,226.75
17573,-0.2560362830983483,0.2618595071429148,-0.3172492862725793,0,29,3,380.6
17574,0.7533202636498529,-0.3690702464285427,-0.7482568886256247,1,242,1,185.65
17576,-0.836971657636088,1.726833027860842,1.029633659965122,0,8,19,3564.83
17578,0.7031436292963993,-0.3690702464285427,-0.9026861305978882,1,218,1,143.45999999999998
17579,-1.1205877535282016,0.2618595071429148,-0.2180146477629064,0,4,3,448.9
17580,0.7727791651026745,0.2618595071429148,-0.65823222593149,0,252,3,215.72
17581,-1.8971662718267155,1.9656472730442505,1.7100009339438849,0,0,25,11025.24
17582,0.7412567512445486,-0.3690702464285427,-0.7827418821144418,1,236,1,175.27
17584,-0.8938037818230972,0.0,0.3946209460403578,0,7,2,1242.3000000000002
17585,0.370887717430727,0.4649735207179271,0.3304258224541268,0,109,4,1116.6799999999998
17588,0.3297002789414596,0.2618595071429148,0.393602106880334,0,100,3,1240.2
17589,0.0863935223647938,0.4649735207179271,0.7923079630939696,0,60,4,2404.17
17590,-1.3670689647314018,0.2618595071429148,0.4951658246631799,0,2,3,1468.02
17591,0.1796112583395553,0.8927892607143721,0.7398480174341955,0,73,7,2203.67
17593,-1.2282579451576368,0.6309297535714574,1.0874521900832377,0,3,5,3923.86
17594,0.252124730073414,0.0,0.2598553750944478,0,85,2,993.18
17595,-0.6595388019259375,0.0,-0.3077068007408886,0,12,2,386.69
17596,-0.3637064747277833,0.8927892607143721,0.8855693827569195,0,23,7,2806.69
17597,0.6919995920920387,-0.3690702464285427,0.694646658211432,1,213,1,2044.37
17600,-0.5025174943015487,-0.3690702464285427,-0.8311339914592851,1,17,1,161.67000000000002
17601,0.7473262069052701,-0.3690702464285427,-1.029699346582597,1,239,1,116.01
17602,-1.3670689647314018,0.7712437491614222,1.2400117018018708,0,2,6,5054.42
17603,0.2111594441492347,-0.3690702464285427,-0.2953511143485262,1,78,1,394.72
17604,0.7009353171450358,0.0,-0.4417895219514121,0,217,2,309.36
17608,-0.1956431437607741,0.0,-0.7281250748830203,0,33,2,191.99
17609,-0.1053106986008894,0.6309297535714574,0.3245193170561821,0,40,5,1105.78
17611,-0.8938037818230972,1.5237190142858297,1.0931467553390393,0,7,15,3961.12
17612,0.0275798127937651,0.7712437491614222,0.6958476795484921,0,53,6,2048.45
17613,-0.3842421425217144,1.4649735207179273,1.175938215843319,0,22,14,4544.55
17614,0.0620598607283094,-0.3690702464285427,-0.3082822667585643,1,57,1,386.32
17615,0.4551913335303976,0.2618595071429148,-0.4037137053048042,0,130,3,329.6
17616,0.5921571678236234,0.2618595071429148,-0.0730894373824927,0,173,3,571.1999999999999
17618,-1.0326148013968623,0.2618595071429148,0.2204644721343484,0,5,3,930.28
17619,0.8754650456516969,-0.3690702464285427,-0.6619982769428969,1,312,1,214.37
17620,0.0784178802361909,-0.3690702464285427,-1.240755149012895,1,59,1,81.44
17621,-0.405690800867787,0.2618595071429148,0.4578832829736594,0,21,3,1379.9
17623,-0.2100476571070129,-0.3690702464285427,-0.1214841399712714,1,32,1,527.0500000000001
17624,-0.5904904464328878,0.0,0.1614977572093507,0,14,2,843.48
17625,-0.4764292294121705,0.4649735207179271,0.6875419101172486,0,18,4,2020.4
17628,0.22914346473365,-0.3690702464285427,-1.2838580766081993,1,81,1,75.75
17629,-1.0326148013968623,1.0000000000000002,0.6226689193626678,0,5,8,1814.12
17630,0.5809353745377399,0.0,-0.1488613758987302,0,169,2,503.6
17631,-1.562712108492176,0.2618595071429148,-0.1200249752459651,0,1,3,528.33
17633,-0.2248954551540181,0.4649735207179271,0.4333602144858602,0,31,4,1324.84
17634,-0.1548429049949843,1.0959032742893848,0.7807768356892201,0,36,9,2358.59
17636,-0.4516794268591226,-0.3690702464285427,-0.4898752674530434,1,19,1,285.56
17637,-0.2248954551540181,0.0,-0.099067747817886,0,31,2,547.06
17639,0.8165085758314399,-0.3690702464285427,-1.0696788136615287,1,276,1,108.5
17640,0.2577030044890838,-0.3690702464285427,-0.0221547276077037,1,86,1,621.66
17642,0.4128720435707305,0.0,0.059743513341768,0,119,2,712.29
17643,0.9613781638636149,-0.3690702464285427,-1.1091997605605508,1,373,1,101.55
17644,-1.562712108492176,1.261859507142915,0.9043669543066848,0,1,11,2895.6400000000003
17646,0.7053418807652665,0.2618595071429148,0.2690061583508521,0,219,3,1008.39
17647,0.1244065062275264,-0.3690702464285427,-0.9477163591682138,1,65,1,133.06
17648,0.0863935223647938,0.4649735207179271,0.6171250009216822,0,60,4,1797.5
17649,0.483793208478914,-0.3690702464285427,0.1790877853467643,1,138,1,868.49
17650,-0.405690800867787,-0.3690702464285427,-0.8150125113563937,1,21,1,166.08
17651,-0.6981606380623229,1.1826583386441385,1.090689684824942,0,11,10,3945.0
17652,-0.3250846385913979,1.3347175194727927,1.2173324924233475,0,25,12,4867.72
17653,-0.1548429049949843,0.4649735207179271,0.3775409233806404,0,36,4,1207.5600000000002
17654,0.8182473718134535,-0.3690702464285427,-1.0218189042619208,1,277,1,117.55
17655,-0.7401449642023266,0.8927892607143721,0.8484400210255331,0,10,7,2638.94
17656,0.1796112583395553,0.6309297535714574,0.574497841890864,0,73,5,1674.69
17658,-0.3250846385913979,0.0,-0.0481039255889272,0,25,2,595.42
17659,-0.5025174943015487,1.3347175194727927,0.9255902409347702,0,17,12,2999.46
17660,0.4940964190807566,-0.3690702464285427,-0.7709592067464733,1,141,1,178.75
17663,-0.3250846385913979,0.8927892607143721,0.6189352139411679,0,25,7,1802.91
17664,-0.4764292294121705,0.0,-0.038858252694735,0,18,2,604.64
17666,-1.2282579451576368,0.0,0.0730058153974318,0,3,2,728.1600000000001
17667,0.1316625130805325,0.6309297535714574,0.6979202802790992,0,66,5,2055.51
17668,-1.562712108492176,0.0,-0.3715021537475562,0,1,2,347.75
17669,-0.0823294332611252,0.8927892607143721,1.0022995406710122,0,42,7,3406.7200000000003
17670,0.7225764043522224,-0.3690702464285427,-0.6867622852493517,1,227,1,205.7
17671,-0.5593496184885577,0.4649735207179271,0.5366553511212646,0,15,4,1572.71
17672,0.0,0.0,0.9604586977991972,0,50,2,3178.17
17673,-1.562712108492176,0.7712437491614222,0.5451206464197187,0,1,6,1594.97
17674,0.1860880718656259,0.0,-0.0947068286760822,0,74,2,551.04
17675,-1.562712108492176,2.1546487678572874,2.080080488353002,0,1,31,20374.28
17676,-1.1205877535282016,0.7712437491614222,0.4540653848299823,0,4,6,1371.18
17677,-1.562712108492176,2.125749857257015,1.9472978949102675,0,1,30,16345.38
17678,0.7933148328966054,-0.3690702464285427,-0.4640418141038395,1,263,1,298.11
17679,0.0185605714510143,0.0,0.6790475078382583,0,52,2,1992.11
17680,-0.3637064747277833,-0.3690702464285427,-0.7523067072220697,1,23,1,184.4
17682,-0.7401449642023266,0.7712437491614222,0.8096372389330522,0,10,6,2474.33
17684,-0.0712366375332477,-0.3690702464285427,-0.595709225520886,1,43,1,239.41
17685,-0.5300973070953137,0.8927892607143721,0.9562086380856852,0,16,7,3155.83
17686,-0.8938037818230972,0.8927892607143721,1.3166008101597677,0,7,7,5739.46
17690,-0.2402146898412107,1.5237190142858297,1.199630778698814,0,30,15,4726.8
17691,0.9416271652029824,0.0,-0.4797808104212074,0,358,2,290.4
17692,0.4440128715150607,0.4649735207179271,0.0834776992395253,0,127,4,740.9399999999999
17693,0.4803093279081389,-0.3690702464285427,-0.7022080568553155,1,137,1,200.47
17694,0.4940964190807566,-0.3690702464285427,-0.4950290376795442,1,141,1,283.12
17695,0.4588606695620659,0.0,0.1029793321129848,0,131,2,765.34
17696,-0.1294414948306238,1.0000000000000002,0.7618681227028351,0,38,8,2285.71
17697,0.7412567512445486,-0.3690702464285427,-0.3869050169583982,1,236,1,338.95
17698,0.7878003115843977,-0.3690702464285427,-0.856560450289077,1,260,1,154.95
17700,-0.5300973070953137,0.4649735207179271,0.8241454454571888,0,16,4,2534.6400000000003
17701,0.7727791651026745,-0.3690702464285427,-0.2609707507513547,1,252,1,417.95
17702,-0.2402146898412107,0.4649735207179271,0.6260627518499257,0,30,4,1824.37
17703,-0.1680633309670091,0.2618595071429148,0.1286906071627155,0,35,3,798.74
17704,0.5780886679748406,0.0,0.1905537194072575,0,168,2,885.19
17705,-1.2282579451576368,1.0959032742893848,0.6257820376450197,0,3,9,1823.52
17706,-1.1205877535282016,1.6309297535714573,1.6808427626121591,0,4,17,10504.49
17707,0.6243367805886427,0.0,-0.8664967602090429,0,185,2,152.4
17708,0.6294974218975681,0.0,-0.5385423935422005,0,187,2,263.33
17709,0.5809353745377399,-0.3690702464285427,-0.9282965534144988,1,169,1,137.45
17711,-0.7401449642023266,0.0,-0.3101836515882786,0,10,2,385.1
17712,-0.0603931393375741,-0.3690702464285427,-0.1262279642004019,1,44,1,522.91
17714,0.887642735852813,-0.3690702464285427,-0.8641440243555185,1,320,1,153.0
17715,0.6617598201758463,-0.3690702464285427,-0.4095757987978219,1,200,1,326.4
17716,-0.3842421425217144,1.261859507142915,1.3077729445217583,0,22,11,5655.99
17718,0.7330435254907093,-0.3690702464285427,-0.9200818329981248,1,232,1,139.35
17719,-0.141975066077631,1.5237190142858297,1.279421545686568,0,37,15,5396.04
17720,-0.3068743505407743,0.4649735207179271,0.3717181568509879,0,26,4,1195.94
17722,0.3102020558878627,0.4649735207179271,0.7972665683480554,0,96,4,2424.04
17723,0.4440128715150607,0.7712437491614222,0.9787987692593272,0,127,6,3276.4000000000005
17724,0.1663908323675303,0.2618595071429148,0.2835241513172255,0,71,3,1033.0
17725,-0.5300973070953137,1.261859507142915,1.007995749599005,0,16,11,3439.08
17727,-0.5593496184885577,-0.3690702464285427,0.2992017801198395,1,15,1,1060.25
17728,-1.2282579451576368,0.2618595071429148,0.9002687203091659,0,3,3,2876.01
17730,-1.2282579451576368,1.4021735027328797,1.268427271612006,0,3,13,5298.4800000000005
17731,0.2172288998099561,0.4649735207179271,0.3935584038325732,0,79,4,1240.11
17732,0.960086287957098,-0.3690702464285427,-0.452348381571282,1,372,1,303.97
17733,-0.1294414948306238,0.0,0.0425162101616726,0,38,2,692.19
17734,0.0275798127937651,0.2618595071429148,0.0498100263289538,0,53,3,700.63
17735,-1.3670689647314018,1.726833027860842,1.814372202629252,0,2,19,13110.02
17736,-0.786133590193662,0.2618595071429148,-0.32226090897429,0,9,3,377.44
17737,-0.786133590193662,0.0,-0.8072708840445089,0,9,2,168.24
17738,-0.4516794268591226,0.4649735207179271,0.6438515998369382,0,19,4,1879.05
17739,-0.6981606380623229,0.8927892607143721,0.8822675083591702,0,11,7,2791.35
17742,0.3881222410176829,0.0,-0.3589153353737655,0,113,2,355.11
17744,-1.2282579451576368,0.7712437491614222,0.7714614845410037,0,3,6,2322.4
17746,0.7493325106808756,-0.3690702464285427,-1.0601229121161426,1,240,1,110.25
17747,0.3838709768396838,-0.3690702464285427,-1.3190233837953669,1,112,1,71.4
17749,0.6058270725080276,0.0,0.0269538855278992,0,178,2,674.52
17750,-1.0326148013968623,1.0959032742893848,0.5872242466340887,0,5,9,1710.45
17752,0.9429693506660444,-0.3690702464285427,-1.246632248102191,1,359,1,80.64
17754,-1.8971662718267155,0.6309297535714574,0.5708759158143183,0,0,5,1664.65
17757,-1.562712108492176,2.125749857257015,1.3010664086181123,0,1,30,5593.39
17758,-0.4516794268591226,1.0000000000000002,1.0025612376787414,0,19,8,3408.2
17759,-0.5025174943015487,0.2618595071429148,0.1444737249747779,0,17,3,819.96
17760,-0.405690800867787,0.0,-0.4856208319002706,0,21,2,287.59
17761,-0.2100476571070129,-0.3690702464285427,0.0601573948782537,1,32,1,712.78
17763,0.7933148328966054,-0.3690702464285427,-2.22885742172905,1,263,1,15.0
17764,0.0,0.0,0.1086231627366191,0,50,2,772.55
17765,0.5486578785463281,0.2618595071429148,-0.3380900703394952,0,158,3,367.63
17767,-0.5593496184885577,-0.3690702464285427,-0.5208601607292271,1,15,1,271.2
17768,-0.836971657636088,0.2618595071429148,0.7056050712983685,0,8,3,2081.9
17769,-0.6595388019259375,1.1826583386441385,1.092585195178213,0,12,10,3957.43
17770,0.6569346263371555,0.6309297535714574,0.3445961723705718,0,198,5,1143.27
17771,0.0536680776831433,0.0,-0.5798746990888021,0,56,2,245.81
17772,-0.7401449642023266,0.0,-0.7889970646272058,0,10,2,173.45000000000002
17774,0.3102020558878627,0.4649735207179271,0.3806099873766001,0,96,4,1213.73
17775,0.7765785182985138,-0.3690702464285427,-1.4589455001860112,1,254,1,56.4
17777,-0.3440092352296877,0.2618595071429148,0.0024073094681256,0,24,3,647.56
17779,-0.405690800867787,0.2618595071429148,0.004966671394598,0,21,3,650.3199999999999
17781,0.5516830631444957,0.0,-0.7406523507913328,0,159,2,188.02
17783,0.1730463222010854,0.0,-0.494287054408066,0,72,2,283.47
17785,0.0275798127937651,-0.3690702464285427,-0.9527726790430828,1,53,1,131.94
17786,0.252124730073414,0.0,-0.5305695052404077,0,85,2,266.85
17787,0.5300973070953137,0.4649735207179271,0.6238034263583706,0,152,4,1817.54
17788,0.1796112583395553,0.0,0.3310833298901005,0,73,2,1117.9
17789,0.8251405656583424,-0.3690702464285427,-0.6305667502565071,1,281,1,225.9
17790,-0.3068743505407743,1.4649735207179273,0.6705788889014851,0,26,14,1964.3
17791,-0.2560362830983483,-0.3690702464285427,-1.0830354098389443,1,29,1,106.1
17793,-0.3250846385913979,-0.3690702464285427,-0.4595651424406805,1,25,1,300.34
17795,0.6085151873315049,0.0,-0.3800651882616168,0,179,2,342.83000000000004
17796,-0.1053106986008894,0.4649735207179271,0.0406091078091381,0,40,4,690.0
17797,-0.3842421425217144,0.2618595071429148,0.1147316034014859,0,22,3,780.4300000000001
17799,-0.3842421425217144,1.1826583386441385,0.9335143262008924,0,22,10,3039.17
17800,-0.141975066077631,1.0959032742893848,0.3673062562585228,0,37,9,1187.21
17802,0.2349922074091187,0.2618595071429148,0.4149910796589517,0,82,3,1285.04
17805,0.1796112583395553,-0.3690702464285427,-0.1385469607891194,1,73,1,512.31
17806,-0.6981606380623229,-0.3690702464285427,-0.1001904685708154,1,11,1,546.04
17809,-0.5300973070953137,1.3347175194727927,1.2811911606650623,0,16,12,5411.91
17811,-1.1205877535282016,2.3577627814323,1.4984969872887184,0,4,39,7761.820000000001
17812,-0.6595388019259375,0.4649735207179271,0.0491052442639019,0,12,4,699.81
17813,-0.5904904464328878,0.6309297535714574,0.5828487517180283,0,14,5,1698.07
17816,-0.1548429049949843,0.4649735207179271,-1.7145498672343047,-1,36,4,36.56
17817,-1.1205877535282016,0.2618595071429148,-0.3061697368620124,0,4,3,387.68
17819,0.1663908323675303,0.8927892607143721,1.0528500707582318,0,71,7,3704.87
17824,0.0093695247431415,-0.3690702464285427,-0.4634577616500674,1,51,1,298.4
17827,-1.0326148013968623,0.6309297535714574,0.6776003591276671,0,5,5,1987.33
17830,-1.562712108492176,0.2618595071429148,-0.2893197519811419,0,1,3,398.7
17831,-0.1956431437607741,-0.3690702464285427,-1.7334568371719736,1,33,1,35.400000000000006
17832,-0.0095550718951481,-0.3690702464285427,-0.854939480247995,1,49,1,155.37
17835,-1.3670689647314018,0.2618595071429148,-0.3811002740942453,0,2,3,342.24
17836,-0.0292523113932437,-0.3690702464285427,-1.0603396492346435,1,47,1,110.21
17837,-0.0823294332611252,1.0000000000000002,0.5244770797891117,0,42,8,1541.23
17838,-0.3068743505407743,0.6309297535714574,0.8668445611077179,0,26,5,2720.8
17839,-0.0823294332611252,-0.3690702464285427,-0.4249573677475655,1,42,1,318.15
17841,-1.562712108492176,3.394920562153782,2.4944274455550413,-1,1,124,40519.84
17843,0.8613874239259875,-0.3690702464285427,-0.6874040984755553,1,303,1,205.48
17846,0.252124730073414,-0.3690702464285427,0.6913166407620714,1,85,1,2033.1
17848,0.22914346473365,1.0959032742893848,0.2013448247779342,0,81,9,901.2
17849,0.7031436292963993,0.4649735207179271,-0.0377050036649771,0,218,4,605.8
17850,0.960086287957098,2.23621726987935,1.278881934262555,-1,372,34,5391.21
17852,-0.6981606380623229,0.0,-1.03836310841484,0,11,2,114.34
17854,0.6243367805886427,0.0,-0.4381111375353003,0,185,2,311.26
17855,0.960086287957098,-0.3690702464285427,-0.6773023172260735,1,372,1,208.97
17856,-1.562712108492176,0.4649735207179271,0.4742994481422471,0,1,4,1418.03
17857,-1.1205877535282016,1.8927892607143728,2.2470632264118486,0,4,23,26879.04
17858,-1.0326148013968623,1.3347175194727927,1.25020626231666,0,5,12,5140.66
17859,0.8629720406633079,-0.3690702464285427,-0.9091455512781522,1,304,1,141.92000000000002
17860,0.9548839155897378,-0.3690702464285427,-0.6291076081123875,1,368,1,226.45
17861,-1.2282579451576368,1.0000000000000002,0.7102112728764151,0,3,8,2097.88
17862,0.8921312832236181,-0.3690702464285427,-0.401348421494603,1,323,1,330.9
17863,0.0784178802361909,0.7712437491614222,0.9570042355940552,0,59,6,3160.0
17864,-0.6595388019259375,0.2618595071429148,-0.0905615352523541,0,12,3,554.85
17865,-0.2402146898412107,1.7712437491614224,1.682093833231478,0,30,20,10526.32
17866,0.4974825056984513,-0.3690702464285427,-0.4036225609967622,1,142,1,329.65
17867,-0.2402146898412107,0.7712437491614222,0.3522374075643461,0,30,6,1157.87
17869,0.3620339761283047,0.6309297535714574,-0.2464309149091116,0,107,5,428.18
17870,-1.3670689647314018,1.3347175194727927,0.6396180354586037,0,2,12,1865.89
17871,0.6712678196976245,-0.3690702464285427,-0.8529001727833367,1,204,1,155.9
17873,0.2232229565545395,0.6309297535714574,0.6341275574175352,0,80,5,1848.96
17874,0.6243367805886427,0.7712437491614222,0.0348777398942036,0,185,6,683.46
17877,0.5837653847784572,-0.3690702464285427,-0.6002386824558049,1,170,1,237.61
17878,-0.0712366375332477,-0.3690702464285427,-0.3190683165784224,1,43,1,379.45
17879,0.5921571678236234,-0.3690702464285427,-0.7717308777357907,1,173,1,178.51999999999998
17880,0.9496248404995996,-0.3690702464285427,-0.2047390210112932,1,364,1,458.92
17881,0.8629720406633079,-0.3690702464285427,-0.94641401818699,1,304,1,133.35000000000002
17883,-1.2282579451576368,0.4649735207179271,0.0178022667800939,0,3,4,664.34
17884,-1.2282579451576368,0.4649735207179271,0.0450150292243704,0,3,4,695.0699999999999
17885,-0.6595388019259375,-0.3690702464285427,-0.8512123893245382,1,12,1,156.34
17886,-0.2248954551540181,0.2618595071429148,0.1796351295405238,0,31,3,869.28
17887,0.4514938797071159,-0.3690702464285427,-1.0541929813679976,1,129,1,111.35
17888,-0.405690800867787,1.0000000000000002,0.0628701399062878,0,21,8,716.0
17889,0.6897395628415309,0.0,-0.6995217283082883,0,212,2,201.37
17890,0.8906397353192314,0.0,-0.056785857526677,0,322,2,586.89
17891,0.5606464545696141,-0.3690702464285427,-0.6921513424099193,1,162,1,203.86
17892,0.0536680776831433,0.2618595071429148,-0.5840649250227138,0,56,3,244.1
17893,0.7183251401742233,-0.3690702464285427,-1.076821172195279,1,225,1,107.21
17894,0.1663908323675303,1.0000000000000002,0.3316540250542994,0,71,8,1118.96
17895,-0.0603931393375741,-0.3690702464285427,-1.14616028036288,1,44,1,95.45
17896,-0.3637064747277833,-0.3690702464285427,-0.5547414672850287,1,23,1,256.32
17897,0.5893760917508755,0.2618595071429148,-0.1048689084368089,0,172,3,541.81
17898,0.252124730073414,0.0,-0.8678340653988794,0,85,2,152.06
17899,0.5516830631444957,-0.3690702464285427,-0.8581082950840545,1,159,1,154.55
17900,0.6371363470810009,0.0,-1.0496503930229062,0,190,2,112.2
17901,-0.2560362830983483,-0.3690702464285427,-1.0594190542842588,1,29,1,110.38
17904,-0.405690800867787,-0.3690702464285427,-0.7632301481537812,1,21,1,181.07
17905,0.1663908323675303,0.4649735207179271,0.1288789801196156,0,71,4,798.99
17906,0.7631478001624079,-0.3690702464285427,-1.3066642685012746,1,247,1,72.9
17908,0.9613781638636149,-0.3690702464285427,-0.614500309164792,1,373,1,232.03
17911,-0.786133590193662,-0.3690702464285427,-0.3403833583239954,1,9,1,366.23
17912,0.8723719878624252,0.6309297535714574,-0.4404317143704317,0,310,5,310.06
17913,0.0703081874433432,0.0,-0.2745002427153672,0,58,2,408.65
17914,-1.2282579451576368,-0.3690702464285427,-0.4041513899542343,1,3,1,329.36
17917,-0.0497879791871749,0.2618595071429148,-0.39389509976445,0,45,3,335.03
17919,0.2686697348046577,-0.3690702464285427,0.4238301338229712,1,88,1,1304.04
17920,-1.1205877535282016,1.6309297535714573,1.116769426477713,0,4,17,4119.5
17921,0.1170397163725763,0.4649735207179271,0.1446719076090968,0,64,4,820.23
17923,0.8268485864253822,-0.3690702464285427,-0.6815366016229422,1,282,1,207.50000000000003
17924,-0.6981606380623229,0.8927892607143721,0.9181201131241672,0,11,7,2962.5
17925,0.960086287957098,-0.3690702464285427,-0.5841141062815259,1,372,1,244.08
17926,0.466116676415072,0.0,-0.2914495937882391,0,133,2,397.29
17928,-0.0497879791871749,0.0,-0.6671412326638932,0,45,2,212.54
17929,-0.6981606380623229,0.4649735207179271,0.161155091568104,0,11,4,843.0
17930,-0.1680633309670091,0.6309297535714574,0.5977076848507762,0,35,5,1740.48
17931,0.4697041677577397,0.0,-0.2749270521821133,0,134,2,408.36
17932,-0.2560362830983483,0.2618595071429148,0.4364117558560388,0,29,3,1331.57
17934,0.0093695247431415,0.0,0.0529115686046476,0,51,2,704.25
17935,0.483793208478914,0.0,-0.8930428570987715,0,138,2,145.79
17936,-1.0326148013968623,-0.3690702464285427,-0.3179920527867287,1,5,1,380.13
17937,-0.836971657636088,0.8927892607143721,1.1427795847785691,0,8,7,4301.22
17939,0.5516830631444957,-0.3690702464285427,-1.1235325400462974,1,159,1,99.14
17940,-0.0095550718951481,1.1826583386441385,1.102043293019486,0,49,10,4020.04
17941,0.4551913335303976,-0.3690702464285427,-0.4511835305900017,1,130,1,304.56
17942,-0.8938037818230972,-0.3690702464285427,-1.2702702477909675,1,7,1,77.50000000000001
17946,0.7351099755992296,0.0,-0.877679334416366,0,233,2,149.57999999999998
17947,-0.141975066077631,-0.3690702464285427,-0.7779400748384258,1,37,1,176.68
17948,0.5140654216740944,-0.3690702464285427,-0.3531045494100615,1,147,1,358.56000000000006
17949,-1.562712108492176,2.484979583771729,2.7158603457294417,-1,1,45,58510.48
17950,0.1730463222010854,0.2618595071429148,-0.174979257069117,0,72,3,482.2
17951,-0.1172252635245831,0.2618595071429148,0.2690957144627854,0,39,3,1008.54
17954,-1.0326148013968623,1.3347175194727927,0.7693124132032939,0,5,12,2314.13
17955,0.6569346263371555,0.4649735207179271,-0.0879109098738952,0,198,4,557.3
17956,0.7670234464033656,-0.3690702464285427,-2.3201952928882146,-1,249,1,12.75
17957,0.1316625130805325,-0.3690702464285427,-1.052425320030585,1,66,1,111.68
17958,0.40065581226469,-0.3690702464285427,-0.1430843917708159,1,116,1,508.4599999999999
17960,0.5865788934079535,-0.3690702464285427,-1.2995298197409877,1,171,1,73.78
17961,-0.405690800867787,2.3577627814323,0.4203100528134397,-1,21,39,1296.44
17962,0.4974825056984513,-0.3690702464285427,-1.104166570570872,1,142,1,102.41
17964,-0.2248954551540181,0.0,-0.1991433448193615,0,31,2,463.21
17965,-0.141975066077631,1.4649735207179273,0.8392961806896362,0,37,14,2599.19
17966,-0.141975066077631,0.6309297535714574,0.3205035609434917,0,37,5,1098.4299999999998
17967,0.9587909439231818,-0.3690702464285427,-1.0492778189702905,1,371,1,112.27
17968,0.9613781638636149,-0.3690702464285427,-0.5345201160246106,1,373,1,265.1
17969,0.5723443696223416,0.0,-0.6244882466719726,0,166,2,228.2
17970,0.6874688981200932,-0.3690702464285427,-0.0820133365389148,1,211,1,562.79
17972,0.751330506756602,-0.3690702464285427,-0.9382158227773684,1,241,1,135.19
17973,0.0093695247431415,-0.3690702464285427,-0.3903007728268653,1,51,1,337.04
17974,-0.3440092352296877,0.2618595071429148,0.0526893371361353,0,24,3,703.99
17975,-0.5593496184885577,1.4021735027328797,1.1677565279083584,0,15,13,4483.26
17976,0.960086287957098,-0.3690702464285427,-0.4181223942900269,1,372,1,321.79
17977,-0.2560362830983483,-0.3690702464285427,-0.4844733043188098,1,29,1,288.14
17978,0.9509449927946468,-0.3690702464285427,-0.4584062347907149,1,365,1,300.92
17979,-0.1680633309670091,0.4649735207179271,0.0765084813712022,0,35,4,732.4100000000001
17980,0.5694463707436582,0.2618595071429148,0.1381936690451355,0,165,3,811.45
17984,0.507500485535625,-0.3690702464285427,-0.8653976737639124,1,145,1,152.68
17985,-0.3842421425217144,-0.3690702464285427,-0.0128477117665827,1,22,1,631.35
17986,0.0536680776831433,-0.3690702464285427,-2.042432062127151,1,56,1,20.8
17987,0.6243367805886427,-0.3690702464285427,-0.7079188231913258,1,185,1,198.57
17988,-0.6981606380623229,0.8927892607143721,-0.700266730425177,-1,11,7,201.12
17990,0.7412567512445486,0.2618595071429148,-0.0133339880413853,0,236,3,630.84
17991,0.7183251401742233,0.0,-1.1594276153233412,0,225,2,93.35
17994,0.4208476856993334,0.4649735207179271,0.0272839052078033,0,121,4,674.89
17995,0.8251405656583424,-0.3690702464285427,-1.281115893034276,1,281,1,76.1
17997,0.1860880718656259,1.0000000000000002,0.6700143581717325,0,74,8,1962.46
17999,-0.141975066077631,0.0,-0.3175810475478499,0,37,2,380.39
18001,-0.6595388019259375,0.0,-0.2650412521534279,0,12,2,415.13
18004,0.9469736505173758,-0.3690702464285427,-0.8451903766448078,1,362,1,157.92
18005,-1.2282579451576368,0.0,-0.629054614906007,0,3,2,226.47
18006,-0.3637064747277833,-0.3690702464285427,-0.2236944931119004,1,23,1,444.68
18008,0.1596422557462171,1.0959032742893848,0.715446174128589,0,70,9,2116.19
18009,0.7392165141124223,-0.3690702464285427,-0.5760287533137713,1,235,1,247.39
18010,0.780348188744373,-0.3690702464285427,-0.7843510239560456,1,256,1,174.8
18011,0.9613781638636149,-0.3690702464285427,-1.1019559227294964,1,373,1,102.79
18013,0.5394668318384552,0.0,-0.7429844677036084,0,155,2,187.29
18014,-0.2723943026062298,-0.3690702464285427,-0.8290996806832875,1,28,1,162.22
18015,-1.1205877535282016,-0.3690702464285427,-1.0093409938000757,1,4,1,120.03
18016,-0.2100476571070129,0.6309297535714574,0.4991078869264475,0,32,5,1477.66
18017,0.22914346473365,0.2618595071429148,-0.1261244395535269,0,81,3,523.0
18018,0.3664811538104963,0.0,-0.9989243888240172,0,108,2,122.14
18019,0.0093695247431415,-0.3690702464285427,-1.6849610823292358,1,51,1,38.45
18022,-0.1680633309670091,-0.3690702464285427,-0.0308707502293441,1,35,1,612.72
18024,0.5300973070953137,0.0,-0.3029222175347323,0,152,2,389.78
18027,0.3200496499883007,-0.3690702464285427,-1.033315714496606,1,98,1,115.31
18030,-1.1205877535282016,0.0,-0.6180800502361663,0,4,2,230.65
18032,0.9082410313790464,-0.3690702464285427,-1.301790723866358,1,334,1,73.5
18033,0.1244065062275264,-0.3690702464285427,-1.156432788462043,1,65,1,93.82
18034,-0.405690800867787,0.0,-0.2599215035786082,0,21,2,418.68
18035,-0.1680633309670091,0.2618595071429148,0.0610939134043286,0,35,3,713.89
18036,-0.2100476571070129,0.2618595071429148,-0.2826915906482127,0,32,3,403.12
18037,0.5363638284573033,0.7712437491614222,-1.3306220487623923,-1,154,6,70.02
18040,-0.4516794268591226,0.0,-0.3553884931839582,0,19,2,357.2
18041,-0.6981606380623229,1.813588092215596,1.1135238220709287,0,11,21,4097.37
18042,0.0275798127937651,-0.3690702464285427,-0.8187394315737695,1,53,1,165.04999999999998
18043,-0.3440092352296877,0.2618595071429148,-0.1189329154044205,0,24,3,529.2900000000001
18044,-1.1205877535282016,1.1826583386441385,0.7075406198185951,0,4,10,2088.6
18045,-0.0497879791871749,-0.3690702464285427,-0.7723354841089599,1,45,1,178.34
18048,0.6689083266690788,0.0,-0.793018028604515,0,203,2,172.29000000000002
18050,0.9429693506660444,-0.3690702464285427,-1.2945535113233453,1,359,1,74.4
18053,0.1596422557462171,-0.3690702464285427,-0.4602054949660535,1,70,1,300.02
18055,-0.8938037818230972,1.1826583386441385,1.415339578762624,0,7,10,6761.34
18056,0.8369716576360883,-0.3690702464285427,-0.3446325552397581,1,288,1,363.65
18058,-0.786133590193662,-0.3690702464285427,-0.80047193924749,1,9,1,170.16
18059,-0.3637064747277833,0.2618595071429148,-0.4474475416670185,0,23,3,306.46
18061,-0.405690800867787,1.1826583386441385,0.7163621019003052,0,21,10,2119.41
18062,0.5921571678236234,0.2618595071429148,0.0666576098210824,0,173,3,720.52
18064,0.466116676415072,0.0,0.1400823478788205,0,133,2,814.0
18065,-1.0326148013968623,1.4649735207179273,0.7894596459426981,0,5,14,2392.83
18066,0.1924790972569085,-0.3690702464285427,-0.4252406985068904,1,75,1,318.0
18067,-0.1053106986008894,-0.3690702464285427,-0.2929040176265868,1,40,1,396.33
18068,0.8386383790268235,-0.3690702464285427,-1.108318846782609,1,289,1,101.7
18069,-0.3068743505407743,0.6309297535714574,0.6842052744302526,0,26,5,2009.24
18071,0.7822220371687278,0.0,-0.2125471113903381,0,257,2,453.0
18072,0.6243367805886427,-0.3690702464285427,-0.5759074458770601,1,185,1,247.44
18073,0.3923363757767996,1.3347175194727927,1.0775372567115795,0,114,12,3859.82
18074,0.9613781638636149,-0.3690702464285427,-0.1658192556404621,1,373,1,489.6
18075,-0.3637064747277833,1.1826583386441385,0.8422004239187486,0,23,10,2611.75
18077,-0.836971657636088,1.261859507142915,0.8358605867463599,0,8,11,2584.41
18078,0.7009353171450358,0.0,-0.3919254001404609,0,217,2,336.13
18079,-0.0497879791871749,0.4649735207179271,1.0377458007610396,0,45,4,3613.15
18080,-0.4764292294121705,0.0,0.3893627571446932,0,18,2,1231.5
18081,-0.1548429049949843,0.2618595071429148,-0.3789793831321602,0,36,3,343.45000000000005
18082,-0.3250846385913979,-0.3690702464285427,0.0325663086079449,1,25,1,680.84
18084,-0.5300973070953137,-0.3690702464285427,-1.1780453070672128,1,16,1,90.48
18085,0.9024449813519584,0.0,0.0405654961201448,0,330,2,689.95
18086,0.8130120723947015,-0.3690702464285427,-1.1104352069838248,1,274,1,101.34
18087,0.3200496499883007,0.0,1.1073675861367636,0,98,2,4055.7199999999993
18088,0.0942394734933288,-0.3690702464285427,-0.8151928985762542,1,61,1,166.03
18092,-1.3670689647314018,1.261859507142915,1.5922426750807537,0,2,11,9068.26
18093,0.2950432585630285,0.4649735207179271,0.7126871495977065,0,93,4,2106.52
18094,0.22914346473365,0.8927892607143721,0.9291630871869518,0,81,7,3017.3
18095,0.8754650456516969,0.0,-0.0638391853681246,0,312,2,580.05
18096,-0.6981606380623229,0.2618595071429148,0.1654670138114012,0,11,3,849.06
18097,-0.8938037818230972,0.7712437491614222,0.8537722231282188,0,7,6,2662.4
18099,0.4440128715150607,-0.3690702464285427,-0.8070216539626562,1,127,1,168.31
18101,-0.6981606380623229,0.0,-0.6399358977393159,0,11,2,222.4
18102,-1.8971662718267155,2.7418786468855934,3.6139575554191694,-1,0,60,259657.3
18104,-0.141975066077631,-0.3690702464285427,0.0945049660625698,1,37,1,754.64
18105,-0.141975066077631,-0.3690702464285427,-1.0428737455405117,1,37,1,113.48000000000002
18106,0.9009850245260403,-0.3690702464285427,-0.2553149930114498,1,329,1,421.9
18108,0.7765785182985138,-0.3690702464285427,-0.5213031535722341,1,254,1,271.0
18109,-1.562712108492176,2.0,1.5170813472338922,0,1,26,8004.92
18110,-0.4516794268591226,-0.3690702464285427,-0.7072246342710058,1,19,1,198.8
18112,-0.6595388019259375,0.0,-0.3630249990872538,0,12,2,352.69
18113,0.9548839155897378,-0.3690702464285427,-1.279398599010446,1,368,1,76.32000000000001
18114,0.8402993629831766,-0.3690702464285427,-0.6461730332342424,1,290,1,220.1
18116,0.1388110195737654,1.0000000000000002,0.4679290630982325,0,67,8,1403.11
18117,-0.3250846385913979,-0.3690702464285427,-0.4296970252018628,1,25,1,315.65
18118,-0.7401449642023266,2.0,1.3044707850640298,0,10,26,5625.08
18119,0.9535745108164436,-0.3690702464285427,-0.7644561756939163,1,367,1,180.7
18120,0.6942490850373886,-0.3690702464285427,-1.0552668199340889,1,214,1,111.15
18121,0.5205422352001655,0.0,0.0077178922573887,0,149,2,653.3
18122,-0.836971657636088,0.7712437491614222,0.6156352817969996,0,8,6,1793.06
18123,-0.3440092352296877,0.0,-0.0696864078402739,0,24,2,574.4399999999999
18125,-0.2560362830983483,0.4649735207179271,0.3384977911225349,0,29,4,1131.75
18126,0.0863935223647938,-0.3690702464285427,-0.7008633958889947,1,60,1,200.92
18127,-0.4516794268591226,0.2618595071429148,-0.3726611267751425,0,19,3,347.08
18129,0.755301849033873,-0.3690702464285427,-1.0477898216884076,1,243,1,112.55
18130,-0.5593496184885577,0.2618595071429148,0.298713181751449,0,15,3,1059.39
18133,0.6897395628415309,-0.3690702464285427,0.2212534966143478,1,212,1,931.5
18135,-0.2560362830983483,0.6309297535714574,0.0335113612394407,0,29,5,681.9100000000001
18136,0.1095587081805211,0.2618595071429148,0.1177320662984897,0,63,3,784.33
18138,0.848519585008634,-0.3690702464285427,-0.8655153372014601,1,295,1,152.65
18139,-0.5025174943015487,0.7712437491614222,1.5488569662744365,0,17,6,8438.34
18142,0.5456136074837743,0.0,0.2756153442177722,0,157,2,1019.52
18143,0.40065581226469,0.0,0.2640720053182925,0,116,2,1000.16
18144,-0.8938037818230972,1.3347175194727927,0.9029316732343624,0,7,12,2888.75
18145,-0.6595388019259375,0.4649735207179271,0.8972319227366188,0,12,4,2861.55
18146,0.4906864023238029,0.0,-0.8360445370569505,0,140,2,160.35000000000002
18147,-0.0497879791871749,0.0,-0.7689842091496794,0,45,2,179.33999999999995
18149,0.0,0.2618595071429148,-0.0314995776598778,0,50,3,612.0799999999999
18150,-0.2100476571070129,0.2618595071429148,-0.0779753821595906,0,32,3,566.58
18151,0.4697041677577397,0.0,0.0077639467208484,0,134,2,653.35
18154,-1.2282579451576368,0.0,-0.2885813529826012,0,3,2,399.19
18155,0.1924790972569085,0.2618595071429148,-0.3316016703352906,0,75,3,371.62
18156,-0.6595388019259375,0.0,0.0279523101203201,0,12,2,675.64
18158,-0.786133590193662,0.0,-0.2120163392417426,0,9,2,453.4
18159,0.8582024924755586,-0.3690702464285427,-0.1179562892999104,1,301,1,530.15
18160,0.0620598607283094,0.0,-0.0064861146511506,0,57,2,638.06
18161,-0.5593496184885577,0.6309297535714574,0.5540122004187985,0,15,5,1618.69
18164,-0.141975066077631,-0.3690702464285427,-0.2878889843972471,1,37,1,399.65
18165,0.6031238981391972,-0.3690702464285427,-0.4553399052946021,1,177,1,302.46000000000004
18167,-0.3637064747277833,0.2618595071429148,0.4600441890239602,0,23,3,1384.86
18168,0.6004054945386567,0.7712437491614222,0.3533649008275016,0,176,6,1160.04
18169,0.0863935223647938,-0.3690702464285427,-0.6957216791604366,1,60,1,202.65
18170,-0.1956431437607741,0.2618595071429148,0.2520023843114173,0,33,3,980.31
18171,0.0703081874433432,0.6309297535714574,0.3892698401003575,0,58,5,1231.31
18172,-0.5904904464328878,1.7712437491614224,1.4827546517181875,0,14,20,7561.68
18173,0.2577030044890838,0.4649735207179271,0.7127786536950166,0,86,4,2106.84
18174,-0.8938037818230972,-0.3690702464285427,-1.0949702896570312,1,7,1,104.0
18176,0.9416271652029824,-0.3690702464285427,-0.1823204475261448,1,358,1,476.35
18177,-0.2248954551540181,0.7712437491614222,0.4406033292209446,0,31,6,1340.87
18178,0.4477678738341883,0.4649735207179271,0.5435476400992876,0,128,4,1590.81
18179,-0.786133590193662,0.7712437491614222,0.6156722337710685,0,9,6,1793.17
18180,-1.1205877535282016,0.7712437491614222,0.6324278158818462,0,4,6,1843.75
18181,-0.3440092352296877,-0.3690702464285427,-0.3393666826838161,1,24,1,366.85
18183,0.7225764043522224,0.0,-0.012161871339551,0,227,2,632.07
18184,-0.5593496184885577,-0.3690702464285427,-1.5325630594344195,1,15,1,49.8
18185,0.7670234464033656,-0.3690702464285427,-0.4517952902341874,1,249,1,304.25
18188,-0.5593496184885577,0.2618595071429148,0.6817417977466221,0,15,3,2001.04
18189,0.2050126685039157,0.0,0.3159971146843654,0,77,2,1090.24
18190,0.6421625942262168,0.0,-0.4921932344002106,0,192,2,284.46000000000004
18191,0.7896454968649371,-0.3690702464285427,-0.6806700425437089,1,261,1,207.8
18192,0.1663908323675303,-0.3690702464285427,0.238123224196326,1,71,1,957.97
18193,0.5694463707436582,-0.3690702464285427,-0.5849015527247912,1,165,1,243.76
18194,0.2349922074091187,-0.3690702464285427,0.2480155430671224,1,82,1,973.84
18196,0.3052018519412955,0.0,0.0376625954090782,0,95,2,686.63
18198,-1.1205877535282016,1.6309297535714573,1.2827090847964144,0,4,17,5425.56
18200,0.3575454287574991,-0.3690702464285427,-0.8746052865070161,1,106,1,150.35
18202,0.6593532547739307,0.2618595071429148,0.4652964095256406,0,199,3,1396.99
18203,0.5456136074837743,-0.3690702464285427,-0.8357831222899905,1,157,1,160.42000000000002
18204,0.1663908323675303,0.2618595071429148,0.6739580631695081,0,71,3,1975.35
18205,-0.1548429049949843,0.0,-0.1326465903702984,0,36,2,517.36
18209,-0.2723943026062298,-0.3690702464285427,-0.9211563416367732,1,28,1,139.10000000000002
18210,-1.562712108492176,0.7712437491614222,0.8444177243341651,0,1,6,2621.38
18211,-0.3250846385913979,0.6309297535714574,-0.0434232507481577,0,25,5,600.07
18212,0.8965784609058102,-0.3690702464285427,-0.6572596716849832,1,326,1,216.07
18213,0.7412567512445486,-0.3690702464285427,-0.6133375843991151,1,236,1,232.48
18215,0.2740610239969653,-0.3690702464285427,-0.4615685073213952,1,89,1,299.34000000000003
18216,-0.2248954551540181,-0.3690702464285427,-0.1755408002146629,1,31,1,481.75
18217,-0.2560362830983483,0.0,-0.0220676201389751,0,29,2,621.75
18218,0.6874688981200932,0.0,-0.0028567333340764,0,211,2,641.92
18219,-1.3670689647314018,1.1826583386441385,0.7020849690575413,0,2,10,2069.77
18220,0.7204554542873731,-0.3690702464285427,-0.4497650608918232,1,226,1,305.28000000000003
18221,-0.3842421425217144,0.6309297535714574,0.2885219174656443,0,22,5,1041.61
18222,0.2898826172541031,-0.3690702464285427,-0.2259706448059374,1,92,1,443.0
18223,-1.1205877535282016,1.4649735207179273,1.3901507402534243,0,4,14,6484.54
18224,0.7933148328966054,-0.3690702464285427,-0.8412967858592679,1,263,1,158.95000000000002
18225,-1.2282579451576368,1.3347175194727927,1.2914636199324427,0,3,12,5504.96
18226,-0.0603931393375741,1.261859507142915,1.2603638074579349,0,44,11,5228.05
18227,0.7009353171450358,-0.3690702464285427,-1.1568778844521457,1,217,1,93.75
18228,0.0536680776831433,0.0,0.1143226928227793,0,56,2,779.9
18229,-0.6981606380623229,1.7712437491614224,1.459621374707035,0,11,20,7276.9
18230,-0.786133590193662,0.8927892607143721,0.8863223600416659,0,9,7,2810.2000000000003
18231,0.6421625942262168,0.6309297535714574,0.702666782465962,0,192,5,2071.77
18232,0.22914346473365,0.4649735207179271,-0.0505847878905268,0,81,4,592.97
18233,0.8951006179041536,-0.3690702464285427,-0.2300567061231825,1,325,1,440.0
18235,0.1663908323675303,0.2618595071429148,0.6167830937992957,0,71,3,1796.48
18236,-0.2560362830983483,0.7712437491614222,0.1885440979270649,0,29,6,882.24
18237,-1.3670689647314018,0.6309297535714574,0.256158241244024,0,2,5,987.1
18239,0.7031436292963993,0.6309297535714574,0.5323892646254046,0,218,5,1561.61
18240,-0.0394109047715109,-0.3690702464285427,-0.2543466760553783,1,46,1,422.58
18241,-0.786133590193662,1.6309297535714573,0.7030504718685923,0,9,17,2073.09
18242,0.1730463222010854,0.4649735207179271,0.7476755044907677,0,72,4,2232.49
18245,-0.8938037818230972,0.8927892607143721,0.8318024507242612,0,7,7,2567.06
18246,-0.3637064747277833,0.0,-0.0474171663814178,0,23,2,596.1
18248,0.4247866084944239,0.0,0.1326565881791721,0,122,2,804.02
18249,-0.5025174943015487,-0.3690702464285427,-1.1468480348950625,1,17,1,95.34
18250,0.8723719878624252,-0.3690702464285427,-0.3688810760037227,1,310,1,349.27
18251,0.263217525801292,-0.3690702464285427,1.1446678191102804,1,87,1,4314.72
18252,0.0,0.0,-0.1315894705488469,0,50,2,518.27
18255,0.2740610239969653,-0.3690702464285427,-1.099001687536229,1,89,1,103.3
18257,-0.1172252635245831,1.0000000000000002,0.7753992660606999,0,39,8,2337.63
18259,-0.3440092352296877,0.2618595071429148,0.7756491943421576,0,24,3,2338.6000000000004
18260,0.5893760917508755,0.7712437491614222,0.8460174881700037,0,172,6,2628.35
18261,-0.0712366375332477,0.0,-0.4135651923456575,0,43,2,324.24
18262,0.4906864023238029,-0.3690702464285427,-0.8780797142462623,1,140,1,149.48
18263,-0.3250846385913979,0.2618595071429148,0.3803271138864876,0,25,3,1213.16
18265,0.1730463222010854,0.0,0.1307744989041263,0,72,2,801.51
18268,0.4697041677577397,-0.3690702464285427,-1.9247656838117893,1,134,1,25.5
18269,0.9522615430325724,-0.3690702464285427,-0.8059902258783076,1,366,1,168.6
18270,-0.1294414948306238,0.0,-0.4949654033082412,0,38,2,283.15000000000003
18272,-1.3670689647314018,0.7712437491614222,0.9412768686762436,0,2,6,3078.58
18273,-1.3670689647314018,0.2618595071429148,-0.6917396074453437,0,2,3,204.0
18274,-0.2402146898412107,-0.3690702464285427,-0.7805235289870258,1,30,1,175.92
18276,-0.0712366375332477,-0.3690702464285427,-0.392408276080355,1,43,1,335.86
18277,0.0703081874433432,-0.3690702464285427,-1.0594190542842588,1,58,1,110.38
18278,0.1796112583395553,-0.3690702464285427,-0.7874444015036933,1,73,1,173.9
18280,0.8182473718134535,-0.3690702464285427,-0.764787963060279,1,277,1,180.6
18281,0.6111884094756851,-0.3690702464285427,-1.2453048951560286,1,180,1,80.82
18282,-0.8938037818230972,0.0,-0.7733108497247535,0,7,2,178.05
18283,-1.2282579451576368,1.578901923162566,0.6949883686306652,0,3,16,2045.53
18287,-0.0823294332611252,0.2618595071429148,0.6303103096211283,0,42,3,1837.28
