CustomerID,Recency_scaled,Frequency_scaled,Monetary_scaled,Cluster_k3,Cluster_k5,Recency,Frequency,Monetary
12346,0.8951006179041536,-0.3690702464285427,2.882792083157403,2,4,325,1,77183.6
12747,-1.3670689647314018,1.261859507142915,1.127857659702535,2,0,2,11,4196.01
12748,-1.8971662718267155,3.8671470234508067,2.3716783806357222,2,0,0,209,33053.19
12749,-1.2282579451576368,0.6309297535714574,1.1125686692529135,2,2,3,5,4090.88
12820,-1.2282579451576368,0.4649735207179271,0.22821917720546978,1,2,3,4,942.34
12821,0.6942490850373886,-0.3690702464285427,-1.163465443937925,0,3,214,1,92.72
12822,0.1596422557462171,0.0,0.2323831091633153,1,4,70,2,948.88
12823,0.18608807186562598,0.6309297535714574,0.6042544438445836,1,4,74,5,1759.5
12824,0.07841788023619099,-0.3690702464285427,-0.2917068924073881,0,1,59,1,397.12
12826,-1.3670689647314018,0.8927892607143721,0.4979083700815674,2,2,2,7,1474.72
12827,-1.0326148013968623,0.2618595071429148,-0.24367080008199934,1,1,5,3,430.15
12828,-1.3670689647314018,0.7712437491614222,0.27513679000415053,2,2,2,6,1018.71
12829,0.9111131551142568,0.0,-0.4744271759260466,0,3,336,2,293.0
12830,-0.141975066077631,0.7712437491614222,1.420071303882114,2,2,37,6,6814.64
12831,0.7914836528511833,-0.3690702464285427,-0.6600983616876003,0,3,262,1,215.05
12832,-0.2100476571070129,0.0,-0.31342355887007933,1,1,32,2,383.03
12833,0.507500485535625,-0.3690702464285427,-0.2617912978294663,0,3,145,1,417.38
12834,0.8268485864253822,-0.3690702464285427,-0.43595329767485436,0,3,282,1,312.38
12836,0.07841788023619099,0.4649735207179271,0.8418797026734075,1,4,59,4,2610.36
12837,0.5921571678236234,-0.3690702464285427,-0.9430588875936384,0,3,173,1,134.1
12838,-0.19564314376077413,0.0,0.02465658616441586,1,1,33,2,671.95
12839,-1.3670689647314018,1.4649735207179273,1.300854140289294,2,0,2,14,5591.42
12840,0.5008449957020699,0.4649735207179271,0.8681650583586795,1,4,143,4,2726.77
12841,-1.1205877535282016,1.9656472730442505,1.0977624114915288,2,0,4,25,3991.58
12842,0.1596422557462171,0.0,0.3316701689432918,1,4,70,2,1118.99
12843,0.1244065062275264,1.0000000000000002,0.5843331930564833,1,2,65,8,1702.26
12844,-0.2560362830983483,0.0,-0.410386314121829,1,1,29,2,325.96000000000004
12845,0.8005708397496115,0.4649735207179271,-0.3606440923816034,0,3,267,4,354.09
12847,-0.38424214252171446,-0.3690702464285427,0.1616119358088733,1,1,22,1,843.64
12849,-0.22489545515401813,0.0,0.27013955367861386,1,4,31,2,1010.29
12851,0.31020205588786276,-0.3690702464285427,-0.9533623304590805,0,3,96,1,131.81
12852,0.8468867057418573,-0.3690702464285427,-0.43755166948604923,0,3,294,1,311.55
12853,0.4697041677577397,0.7712437491614222,0.6683668353923231,1,4,134,6,1957.1
12854,0.21115944414923474,0.2618595071429148,0.4294427237927344,1,4,78,3,1316.25
12855,0.960086287957098,-0.3690702464285427,-1.6903320181291017,0,3,372,1,38.1
12856,-0.8938037818230972,0.7712437491614222,0.7307891206638911,2,2,7,6,2170.78
12857,0.6851874973553377,0.0,0.3248568405510637,1,4,210,2,1106.4
12863,0.018560571451014377,-0.3690702464285427,-0.12819831872546408,0,1,52,1,521.2
12864,0.483793208478914,-0.3690702464285427,-0.8876067210367256,0,3,138,1,147.12
12867,-0.30687435054077433,0.8927892607143721,1.1004373908237821,2,2,26,7,4009.34
12868,0.6243367805886427,0.7712437491614222,0.5496690293428564,1,4,185,6,1607.0600000000002
12871,0.24648121120320038,0.0,-0.3171861143490608,0,3,84,2,380.64
12872,0.8965784609058102,0.0,-0.04352352889816432,0,4,326,2,599.97
12873,0.8268485864253822,-0.3690702464285427,-0.3277643969163637,0,3,282,1,374.0
12875,0.5008449957020699,0.0,-0.37936444495007665,0,3,143,2,343.2300000000001
12877,-1.2282579451576368,1.3347175194727927,0.5223395673976446,2,2,3,12,1535.77
12878,0.7412567512445486,0.0,0.1696567812699998,0,4,236,2,854.99
12879,-0.06039313933757419,0.2618595071429148,-0.07096554113820937,1,4,44,3,573.22
12881,0.814763491242678,-0.3690702464285427,-0.46426349938475076,0,3,275,1,298.0
12882,-0.786133590193662,0.0,0.49311921959656624,1,2,9,2,1463.04
12883,-0.3440092352296877,0.4649735207179271,0.052244628216657624,1,2,24,4,703.47
12884,0.2686697348046577,-0.3690702464285427,-0.44239181544648765,0,3,88,1,309.05
12885,0.10955870818052117,0.2618595071429148,0.36119371678475304,1,4,63,3,1175.22
12886,0.1388110195737654,0.0,0.4572282543951322,1,4,67,2,1378.4
12888,0.6942490850373886,0.0,-0.3605931757454418,0,3,214,2,354.12
12890,-0.3440092352296877,-0.3690702464285427,-0.3234086506715564,0,1,24,1,376.72
12891,0.6243367805886427,0.2618595071429148,-0.4011668604943516,0,3,185,3,331.0
12893,-0.2402146898412107,-0.3690702464285427,-0.7783811970924513,0,1,30,1,176.55
12895,-0.08232943326112528,0.0,-0.3296961028513789,0,1,42,2,372.8
12897,0.6712678196976245,0.0,-0.6560669638084027,0,3,204,2,216.5
12901,-0.836971657636088,2.065044752110663,1.9937311641394284,2,0,8,28,17654.54
12902,0.7951390897495282,-0.3690702464285427,-0.9229658399509727,0,3,264,1,138.68
12904,-0.47642922941217053,0.0,-0.15793507660018358,1,1,18,2,496.06
12906,-0.6981606380623229,0.6309297535714574,0.909375039661217,2,2,11,5,2919.81
12908,0.6004054945386567,0.0,0.09079273421526617,0,4,176,2,750.0
12909,-0.11722526352458314,0.6309297535714574,0.7329747107575314,1,2,39,5,2178.67
12910,-0.36370647472778334,1.0000000000000002,0.9405836715718568,2,2,23,8,3075.04
12912,-1.3670689647314018,0.6309297535714574,0.5700250013732213,2,2,2,5,1662.3
12913,-1.1205877535282016,0.6309297535714574,0.8118973538175466,2,2,4,5,2483.63
12915,0.517314695655502,0.0,-0.34463255523975816,0,3,148,2,363.65
12916,0.483793208478914,0.4649735207179271,0.9145403312292235,1,4,138,4,2944.95
12917,0.44776787383418837,-0.3690702464285427,-0.04954056870393487,0,3,128,1,594.0
12919,-0.836971657636088,0.7712437491614222,0.43804678142715886,2,2,8,6,1335.19
12920,-0.5025174943015487,-0.3690702464285427,-0.8270354133928798,0,1,17,1,162.78
12921,-0.786133590193662,2.311073612817833,1.9561445066850947,2,0,9,37,16587.09
12922,0.5576771198890786,-0.3690702464285427,-0.2793304879880667,0,3,161,1,405.38
12923,0.11703971637257636,-0.3690702464285427,-0.79117753499615,0,3,64,1,172.82
12924,0.2686697348046577,0.4649735207179271,0.22267372201309985,1,4,88,4,933.7
12925,-1.1205877535282016,0.0,0.0441312152030664,1,1,4,2,694.05
12928,-0.16806333096700918,0.6309297535714574,0.7000237448980985,1,2,35,5,2062.7
12929,0.8739209951729948,-0.3690702464285427,-1.0202956724423935,0,3,311,1,117.85
12930,0.21115944414923474,0.0,-0.2640716543479374,0,4,78,2,415.8
12931,-0.405690800867787,1.5237190142858297,2.516852689129555,2,0,21,15,42055.96
12933,-0.3440092352296877,0.2618595071429148,-0.03598916120714107,1,1,24,3,607.53
12935,-1.3670689647314018,0.8927892607143721,0.7279853031069036,2,2,2,7,2160.7
12936,-0.5025174943015487,0.4649735207179271,0.30127108566896876,1,2,17,4,1063.9
12937,-0.5593496184885577,0.4649735207179271,0.5098575038737024,1,2,15,4,1504.27
12938,-0.3250846385913979,-0.3690702464285427,-1.0394090853101066,0,1,25,1,114.14
12939,0.11703971637257636,1.0000000000000002,1.7396794955095383,2,0,64,8,11581.8
12940,0.036433554096187475,0.0,0.20033526264844065,1,4,54,2,899.6899999999999
12942,0.45886066956206595,0.2618595071429148,0.02791668056541782,1,4,131,3,675.6
12944,-0.16806333096700918,0.0,-0.03898763373911751,1,1,35,2,604.51
12945,0.8369716576360883,-0.3690702464285427,-0.1994810018082447,0,3,288,1,462.95
12947,0.5008449957020699,0.7712437491614222,0.5485173110739868,1,4,143,6,1603.99
12948,-0.5300973070953137,0.8927892607143721,0.7006804865298015,2,2,16,7,2064.95
12949,-0.2402146898412107,1.0000000000000002,1.123709163228005,2,2,30,8,4167.22
12950,-1.3670689647314018,0.2618595071429148,0.6321827362163434,2,2,2,3,1843.0
12951,-0.836971657636088,0.7712437491614222,0.3013672913388137,1,2,8,6,1064.0700000000002
12952,-1.0326148013968623,0.4649735207179271,0.4613170612364671,1,2,5,4,1387.79
12953,-0.786133590193662,-0.3690702464285427,-0.4032581215384757,1,1,9,1,329.85
12955,-1.562712108492176,1.261859507142915,1.203488645182561,2,0,1,11,4757.16
12956,0.866125747072179,-0.3690702464285427,-1.0720502075466245,0,3,306,1,108.07
12957,-0.786133590193662,1.0000000000000002,1.1016684651334503,2,2,9,8,4017.54
12962,-0.8938037818230972,0.0,-0.5316054452550368,1,1,7,2,266.39000000000004
12963,-0.836971657636088,1.0000000000000002,0.636621173058882,2,2,8,8,1856.63
12965,0.27406102399696536,-0.3690702464285427,0.10648457187858869,0,4,89,1,769.8100000000001
12966,-0.786133590193662,-0.3690702464285427,-0.8366798739531787,0,1,9,1,160.18
12967,0.9416271652029823,0.0,0.5695175019867514,1,4,358,2,1660.9
12968,0.3838709768396838,-0.3690702464285427,-0.9348618877896782,0,3,112,1,135.95
12970,-0.8938037818230972,0.4649735207179271,-0.27919702607887914,1,1,7,4,405.47
12971,-1.2282579451576368,3.0650447521106625,1.7189352090916363,2,0,3,86,11189.91
12974,0.6545038133228402,-0.3690702464285427,-0.8971213771809514,0,3,197,1,144.8
12976,0.6874688981200932,-0.3690702464285427,0.08157386966429692,0,4,211,1,738.6
12977,0.5425500075866052,-0.3690702464285427,-1.6730112248962237,0,3,156,1,39.24
12980,0.5456136074837743,1.0959032742893848,1.4676827199792621,2,4,157,9,7374.900000000001
12981,-0.2560362830983483,0.0,-0.3306319848277445,1,1,29,2,372.22
12982,0.7533202636498529,-0.3690702464285427,-0.3017512239175811,0,3,242,1,390.54
12984,-0.47642922941217053,-0.3690702464285427,-1.1334845829948166,0,1,18,1,97.5
12985,-1.8971662718267155,0.0,0.3932038064094046,1,2,0,2,1239.38
12987,0.17961125833955535,0.0,-0.08640148434415415,1,4,73,2,558.7
12988,0.8436042756490602,-0.3690702464285427,-0.14621563465947748,0,3,292,1,505.82
12989,-1.2282579451576368,1.5237190142858297,1.4296745730221192,2,0,3,15,6924.11
12990,-0.22489545515401813,0.2618595071429148,-0.27325098792336616,1,1,31,3,409.5
12991,-0.36370647472778334,0.0,-0.1486703029841469,1,1,23,2,503.76
12993,-0.36370647472778334,0.4649735207179271,-0.2655773710079443,1,1,23,4,414.76
12994,-1.1205877535282016,0.2618595071429148,0.24837401959543837,1,2,4,3,974.42
12995,0.252124730073414,-0.3690702464285427,-0.6705944141280228,0,3,85,1,211.32
12997,-0.38424214252171446,0.4649735207179271,0.3871042435323565,1,2,22,4,1226.89
12999,0.6520606923420712,0.2618595071429148,-0.2087359442045743,0,4,196,3,455.88
13000,0.3575454287574991,0.2618595071429148,-0.1126466932756824,1,4,106,3,534.85
13001,-1.1205877535282016,1.4021735027328797,1.6381444226053257,2,0,4,13,9785.97
13002,0.8846270050181589,-0.3690702464285427,-1.0047770046105444,0,3,318,1,120.95
13003,0.3530147347855537,0.2618595071429148,-0.8798043848164805,0,3,105,3,149.05
13004,-0.6981606380623229,1.6801438592463753,1.3077644213177595,2,0,11,18,5655.91
13005,0.5921571678236234,0.0,-0.13691712834923267,0,4,173,2,513.7
13006,0.05366807768314334,-0.3690702464285427,-1.239805510301773,0,3,56,1,81.57
13008,0.8921312832236181,-0.3690702464285427,-0.6211579425319806,0,3,323,1,229.47
13011,0.960086287957098,-0.3690702464285427,-1.5237300962156837,0,3,372,1,50.55
13012,-0.786133590193662,1.0000000000000002,0.5643969204432973,2,2,9,8,1646.84
13013,-1.562712108492176,1.4021735027328797,1.210262472572489,2,0,1,13,4810.9400000000005
13014,-0.7401449642023266,1.1826583386441383,1.0127423676839746,2,2,10,10,3466.28
13015,0.02757981279376517,0.6309297535714574,0.9903174018217574,1,2,53,5,3339.64
13016,0.17961125833955535,0.2618595071429148,0.12198398538265562,1,4,73,3,789.89
13017,-0.8938037818230972,-0.3690702464285427,-0.6917396074453437,1,1,7,1,204.0
13018,-0.5300973070953137,2.065044752110663,1.4596876200375528,2,0,16,28,7277.7
13021,-1.1205877535282016,1.0959032742893848,0.8432674962345761,2,2,4,9,2616.38
13023,0.11703971637257636,0.0,0.04052188127511548,1,4,64,2,689.9000000000001
13026,-1.562712108492176,0.6309297535714574,0.2489545463714404,2,2,1,5,975.36
13027,0.3881222410176829,0.7712437491614222,1.4286197181635532,2,4,113,6,6912.0
13028,-0.38424214252171446,0.0,0.015060401873005676,1,1,22,2,661.3199999999999
13029,-0.2402146898412107,0.2618595071429148,0.39713639798312333,1,4,30,3,1247.5
13030,-0.6981606380623229,0.0,0.09274770633076018,1,1,11,2,752.44
13032,0.018560571451014377,0.0,0.27007399414892913,1,4,52,2,1010.18
13033,0.9402812358425671,-0.3690702464285427,-0.7326389364126665,0,3,357,1,190.55
13034,0.036433554096187475,0.0,-0.002060445106247548,1,4,54,2,642.77
13035,0.17961125833955535,0.0,0.21500362170489867,1,4,73,2,921.88
13037,0.483793208478914,0.2618595071429148,0.187745202057094,1,4,138,3,881.0699999999999
13038,0.22322295655453953,0.2618595071429148,0.2061752735644821,1,4,80,3,908.46
13040,-0.836971657636088,0.0,0.02915357410038877,1,1,8,2,676.99
13043,0.8112542731361055,-0.3690702464285427,-0.13374051067608467,0,3,273,1,516.42
13044,0.8419546488701645,-0.3690702464285427,-0.0844985342856149,0,3,291,1,560.47
13045,0.3248990914393916,-0.3690702464285427,-0.4497650608918232,0,3,99,1,305.28000000000003
13046,-0.2402146898412107,0.0,-0.014795175392199595,1,1,30,2,629.31
13047,-0.22489545515401813,1.1826583386441383,0.9716099742342781,2,2,31,10,3237.54
13048,-0.5904904464328878,0.4649735207179271,0.6244228542950621,1,2,14,4,1819.41
13049,0.11703971637257636,0.0,0.010823278884867093,1,4,64,2,656.6800000000001
13050,-0.5904904464328878,1.6309297535714573,1.3267410653671663,2,0,14,17,5836.86
13052,0.6897395628415309,-0.3690702464285427,-0.3708112905272988,0,3,212,1,348.15000000000003
13055,0.21115944414923474,0.2618595071429148,0.3809472769080877,1,4,78,3,1214.41
13058,-0.3440092352296877,0.2618595071429148,-0.5204174932574155,1,1,24,3,271.4
13059,0.7670234464033656,-0.3690702464285427,-0.7555662702553089,0,3,249,1,183.4
13060,0.7746825812311168,-0.3690702464285427,-0.445353738826438,0,3,253,1,307.53
13061,0.17304632220108546,-0.3690702464285427,-0.5730757999459275,0,3,72,1,248.61
13062,0.639656015275835,-0.3690702464285427,-0.37283429912807886,0,3,191,1,346.98
13064,-0.6595388019259375,0.4649735207179271,0.32441584458652817,1,2,12,4,1105.59
13065,0.9613781638636149,-0.3690702464285427,-0.6862959409097851,0,3,373,1,205.86
13066,-0.3440092352296877,0.0,-0.18936881134010303,1,1,24,2,470.8
13067,0.2349922074091187,-0.3690702464285427,-1.0325389496825792,0,3,82,1,115.46
13068,-0.7401449642023266,0.0,-0.37801780353974895,1,1,10,2,344.0
13069,-1.8971662718267155,1.9299470414358546,1.1607512821644346,2,0,0,24,4431.44
13070,0.6421625942262168,-0.3690702464285427,-0.6229125811058035,0,3,192,1,228.8
13072,0.7987670418999716,-0.3690702464285427,-0.7763479365670647,0,3,266,1,177.15
13075,0.4514938797071159,-0.3690702464285427,0.21351935986276213,0,4,129,1,919.61
13077,-1.562712108492176,0.4649735207179271,0.07289008641573128,1,2,1,4,728.02
13078,-1.2282579451576368,2.0,1.7917941092131946,2,0,3,26,12627.94
13079,-1.1205877535282016,0.6309297535714574,-0.6461730332342424,1,1,4,5,220.1
13080,0.6085151873315049,-0.3690702464285427,-1.441558955974275,0,3,179,1,58.08
13081,-0.6981606380623229,1.261859507142915,2.278905278580922,2,0,11,11,28337.38
13082,0.4402284178965773,1.0959032742893848,1.0378258397257332,2,4,126,9,3613.63
13083,-1.1205877535282016,0.0,-0.45278330969443736,1,1,4,2,303.75
13085,0.5456136074837743,0.0,-0.26366691099791123,0,3,157,2,416.08
13089,-1.3670689647314018,3.1734172518943025,2.718446370752595,2,0,2,97,58762.08
13090,-0.836971657636088,1.4649735207179273,1.5816882243071668,2,0,8,14,8910.82
13091,-0.2723943026062298,-0.3690702464285427,-0.37484674317838507,0,1,28,1,345.82
13092,0.1596422557462171,0.6309297535714574,-0.1804547224926173,1,4,70,5,477.83
13093,0.814763491242678,1.0000000000000002,1.5039573195071567,2,4,275,8,7832.47
13094,-0.405690800867787,1.3347175194727927,0.6591303086247986,2,2,21,12,1927.32
13095,0.1596422557462171,-0.3690702464285427,-1.2945535113233453,0,3,70,1,74.39999999999999
13097,-0.2100476571070129,1.1826583386441383,1.343675656875312,2,0,32,10,6003.22
13098,-1.562712108492176,2.065044752110663,2.290387370321561,2,0,1,28,28882.44
13099,0.3248990914393916,-0.3690702464285427,-0.681941422647656,0,3,99,1,207.36
13101,0.737167613527003,-0.3690702464285427,-1.1113192218136763,0,3,234,1,101.19
13102,-1.562712108492176,1.9299470414358546,1.3845068666906302,2,0,1,24,6424.09
13103,-0.11722526352458314,-0.3690702464285427,-0.5844584875121068,0,1,39,1,243.94
13104,-1.2282579451576368,0.7712437491614222,0.3205309696021399,2,2,3,6,1098.48
13106,0.46611667641507204,-0.3690702464285427,-1.2779971707541395,0,3,133,1,76.5
13107,-0.06039313933757419,0.4649735207179271,0.5207098154094126,1,4,44,4,1531.62
13108,0.960086287957098,-0.3690702464285427,-0.3675232938679479,0,3,372,1,350.06
13109,0.07841788023619099,0.0,0.11942572135274819,1,4,59,2,786.54
13110,-0.22489545515401813,0.8927892607143721,0.5035788631601101,1,2,31,7,1488.67
13113,-1.8971662718267155,1.9299470414358546,1.7732834795720411,2,0,0,24,12245.96
13115,-0.6981606380623229,0.4649735207179271,0.7642539091123132,1,2,11,4,2294.78
13116,0.483793208478914,-0.3690702464285427,-0.15180677316288205,0,3,138,1,501.14
13117,-0.405690800867787,1.0000000000000002,0.2548209679345028,1,2,21,8,984.91
13118,-0.45167942685912266,0.6309297535714574,0.3726590177711906,1,2,19,5,1197.81
13120,0.7453115260541195,-0.3690702464285427,-1.8186844724104123,0,3,238,1,30.6
13121,0.8041583310922792,-0.3690702464285427,-0.49373645756266715,0,3,269,1,283.73
13122,0.3001492888863435,0.0,0.21533658794825894,1,4,94,2,922.39
13124,0.27406102399696536,0.2618595071429148,1.06116152114092,1,4,89,3,3756.33
13126,-1.1205877535282016,1.0000000000000002,0.7107164437135922,2,2,4,8,2099.64
13127,0.20501266850391572,-0.3690702464285427,-0.5481029281307449,0,3,77,1,259.17
13130,0.3001492888863435,-0.3690702464285427,-1.384005021832162,0,3,94,1,64.0
13131,-0.36370647472778334,0.2618595071429148,0.30656777487982145,1,2,23,3,1073.3
13132,0.7896454968649371,-0.3690702464285427,-1.271807727542556,0,3,261,1,77.3
13133,0.8112542731361055,0.0,-1.0625657101561146,0,3,273,2,109.8
13134,0.252124730073414,0.4649735207179271,0.6158099439000794,1,4,85,4,1793.58
13135,0.6520606923420712,-0.3690702464285427,0.9446764580523603,1,4,196,1,3096.0
13136,0.05366807768314334,0.6309297535714574,0.8412446789369793,1,4,56,5,2607.61
13137,-0.7401449642023266,1.0000000000000002,1.0360993108793886,2,2,10,8,3603.29
13138,-0.38424214252171446,0.7712437491614222,0.24089471566145826,1,2,22,6,962.39
13139,-0.5300973070953137,0.8927892607143721,1.2412645609717012,2,2,16,7,5064.94
13140,0.3664811538104963,0.2618595071429148,-0.25450321012375254,0,4,108,3,422.47
13141,0.24648121120320038,0.6309297535714574,0.7884315528081629,1,4,84,5,2388.75
13142,-0.45167942685912266,-0.3690702464285427,-0.44621386145869407,0,1,19,1,307.09
13144,0.9053517091956431,-0.3690702464285427,-1.0563425752143898,0,3,332,1,110.95
13145,-0.11722526352458314,0.4649735207179271,-0.025201719317730544,1,4,39,4,618.52
13146,-0.30687435054077433,-0.3690702464285427,-0.6226241553930681,0,1,26,1,228.91
13147,-0.7401449642023266,0.4649735207179271,0.06017428196649595,1,2,10,4,712.8000000000001
13148,-0.2560362830983483,1.3347175194727927,1.0493253139454088,2,0,29,12,3683.26
13149,-0.5904904464328878,0.4649735207179271,0.5749903854589619,1,2,14,4,1676.06
13151,0.848519585008634,-0.3690702464285427,0.4021216605770769,0,4,295,1,1257.87
13153,-1.0326148013968623,-0.3690702464285427,-0.1699858838142539,1,1,5,1,486.22
13155,-0.19564314376077413,0.4649735207179271,0.24672821580584825,1,4,33,4,971.76
13157,-0.009555071895148155,0.4649735207179271,0.5979637297979203,1,4,49,4,1741.22
13158,0.3001492888863435,0.4649735207179271,0.3742907173948324,1,4,94,4,1201.06
13159,-0.836971657636088,0.4649735207179271,0.47908821365795046,1,2,8,4,1429.35
13160,-0.38424214252171446,-0.3690702464285427,-1.169410982149437,0,1,22,1,91.8
13161,0.8770041709211447,-0.3690702464285427,-1.0467292112329478,0,3,313,1,112.75
13162,0.42478660849442396,0.4649735207179271,0.5793695809424427,1,4,122,4,1688.29
13165,-0.039410904771510984,0.0,0.27677175749681104,1,4,46,2,1021.48
13166,0.8285505824152961,-0.3690702464285427,-0.26205065022640134,0,3,283,1,417.2
13167,-0.47642922941217053,0.4649735207179271,0.1230803287068171,1,2,18,4,791.3299999999999
13168,-0.15484290499498438,0.4649735207179271,0.42177152931524087,1,4,36,4,1299.59
13169,0.10955870818052117,0.0,0.06024182558819392,1,4,63,2,712.88
13170,-0.30687435054077433,-0.3690702464285427,-1.0679749737771091,0,1,26,1,108.81
13171,-0.405690800867787,0.2618595071429148,-0.19242962953046344,1,1,21,3,468.41
13173,-1.1205877535282016,0.0,-0.36139136433390945,1,1,4,2,353.65
13174,-0.5300973070953137,0.2618595071429148,0.8717008606039344,1,2,16,3,2742.82
13176,-0.039410904771510984,-0.3690702464285427,-0.17586548600284393,0,1,46,1,481.49
13177,0.11703971637257636,-0.3690702464285427,-0.4964519587308308,0,3,64,1,282.45
13178,-0.30687435054077433,1.261859507142915,1.3151302052869789,2,0,26,11,5725.47
13182,-0.04978797918717493,-0.3690702464285427,-1.0036413871916186,0,1,45,1,121.18
13183,-0.8938037818230972,1.0959032742893848,1.0926384821587682,2,0,7,9,3957.78
13184,-0.5904904464328878,1.1826583386441383,0.5724298047095321,2,2,14,10,1668.95
13185,0.8005708397496115,-0.3690702464285427,-1.3190233837953669,0,3,267,1,71.4
13186,-0.11722526352458314,0.2618595071429148,0.5378719831092061,1,4,39,3,1575.89
13187,0.9125428313093802,-0.3690702464285427,-0.6042682156205343,0,3,337,1,236.02
13188,-0.6981606380623229,-0.3690702464285427,-1.037006046688782,0,1,11,1,114.6
13189,-0.47642922941217053,0.0,-0.5446150788985208,1,1,18,2,260.68
13192,0.3052018519412955,0.0,0.20847704023462071,1,4,95,2,911.94
13193,0.09423947349332881,-0.3690702464285427,-1.0502896277327631,0,3,61,1,112.08
13194,0.47326518290830494,-0.3690702464285427,-1.4154072736444028,0,3,135,1,60.7
13196,-0.6981606380623229,0.4649735207179271,0.6172188238580997,1,2,11,4,1797.78
13198,-0.7401449642023266,0.7712437491614222,1.0013295639237305,2,2,10,6,3401.24
13199,-1.2282579451576368,2.3347175194727927,1.640059625582491,2,0,3,38,9817.12
13200,-0.45167942685912266,0.4649735207179271,0.18019581491030504,1,2,19,4,870.09
13203,-0.786133590193662,0.4649735207179271,0.1797597713742572,1,2,9,4,869.46
13207,-0.5593496184885577,0.0,-0.5691049294152555,1,1,15,2,250.26000000000005
13208,0.07030818744334325,0.7712437491614222,0.38255177505294125,1,4,58,6,1217.65
13209,-0.2402146898412107,1.0000000000000002,1.3323670312733487,2,2,30,8,5891.61
13210,0.29504325856302854,-0.3690702464285427,-0.3616803313696994,0,3,93,1,353.48
13211,-0.7401449642023266,0.2618595071429148,0.3188512593191313,1,2,10,3,1095.42
13212,-0.45167942685912266,0.2618595071429148,0.11964761285169734,1,2,19,3,786.83
13213,0.05366807768314334,0.6309297535714574,0.5163527034046979,1,4,56,5,1520.5800000000002
13216,0.8005708397496115,-0.3690702464285427,-0.39621325143391356,0,3,267,1,333.74
13217,0.42478660849442396,0.2618595071429148,-0.11362601198265906,0,4,122,3,533.98
13218,0.4440128715150607,-0.3690702464285427,-1.3967489786196063,0,3,127,1,62.63999999999999
13220,0.21115944414923474,0.4649735207179271,0.1439816567518968,1,4,78,4,819.29
13221,0.7493325106808756,0.0,0.16429602854011116,0,4,240,2,847.4100000000001
13223,0.6617598201758463,0.0,-0.825491839593307,0,3,200,2,163.20000000000002
13224,0.08639352236479389,0.0,0.7266595244958333,1,4,60,2,2155.95
13225,-1.2282579451576368,0.8927892607143721,1.3882240431904203,2,0,3,7,6463.84
13226,0.8112542731361055,-0.3690702464285427,-1.07127710094429,0,3,273,1,108.21
13227,0.6641544422759992,-0.3690702464285427,-0.551517884562739,0,3,201,1,257.7
13228,0.22914346473365005,-0.3690702464285427,-0.35404394887667656,0,3,81,1,358.0
13229,0.7183251401742233,-0.3690702464285427,-0.833807509796647,0,3,225,1,160.95
13230,-1.1205877535282016,1.4649735207179273,0.8745080836832858,2,0,4,14,2755.63
13232,-0.6595388019259375,0.8927892607143721,0.4349536591921484,2,2,12,7,1328.35
13233,0.18608807186562598,0.0,-0.0383807785277313,1,4,74,2,605.12
13235,0.6897395628415309,-0.3690702464285427,0.28239815327418505,0,4,212,1,1031.07
13236,-0.3440092352296877,0.0,0.08664552549481314,1,1,24,2,744.85
13238,-0.5025174943015487,0.4649735207179271,0.049895919006070905,1,2,17,4,700.73
13239,0.7896454968649371,-0.3690702464285427,-0.4037866306767579,0,3,261,1,329.56
13240,0.31020205588786276,0.4649735207179271,0.017176912702249268,1,4,96,4,663.65
13242,0.3838709768396838,0.2618595071429148,-0.5226340891203496,0,3,112,3,270.4
13243,0.6689083266690788,-0.3690702464285427,-0.058603159220164035,0,3,203,1,585.12
13244,0.28988261725410314,-0.3690702464285427,-1.0008853202294337,0,3,92,1,121.74
13245,0.0,-0.3690702464285427,-0.24318174398950154,0,1,50,1,430.5
13246,-0.47642922941217053,0.7712437491614222,0.6697257524007119,1,2,18,6,1961.52
13247,-0.5025174943015487,0.4649735207179271,-0.15183077856928515,1,1,17,4,501.12
13248,0.4325692830688266,0.0,-0.19594500327321965,0,4,124,2,465.68
13249,0.28988261725410314,0.2618595071429148,0.0589995015653237,1,4,92,3,711.4100000000001
13253,0.5425500075866052,0.0,0.28200677033461075,1,4,156,2,1030.4
13255,-0.786133590193662,0.0,-0.2880996210837213,1,1,9,2,399.51
13258,-0.6981606380623229,0.2618595071429148,0.02544419632043778,1,1,11,3,672.83
13259,0.09423947349332881,-0.3690702464285427,-0.49490177565497595,0,1,61,1,283.18
13260,0.09423947349332881,-0.3690702464285427,-0.08756556488817424,0,1,61,1,557.62
13261,0.8023679195283855,0.0,0.22934257827946372,0,4,268,2,944.1
13262,0.7933148328966054,-0.3690702464285427,-0.7027467623854707,0,3,263,1,200.29
13263,-1.562712108492176,2.2618595071429146,1.4727300557282392,2,0,1,35,7436.93
13265,0.02757981279376517,0.6309297535714574,0.7087104869631382,1,4,53,5,2092.6600000000003
13266,-0.6981606380623229,1.3347175194727927,1.073533957004176,2,0,11,12,3834.26
13267,-1.3670689647314018,1.7268330278608421,1.1728729224864334,2,0,2,19,4521.49
13268,-0.5025174943015487,1.261859507142915,0.9598100016911909,2,2,17,11,3174.75
13269,-1.562712108492176,1.5237190142858297,1.2735008075076066,2,0,1,15,5343.28
13270,0.9522615430325725,-0.3690702464285427,-0.05360595839024119,0,3,366,1,590.0
13271,-0.141975066077631,-0.3690702464285427,-0.6701120450663173,0,1,37,1,211.49
13272,-0.22489545515401813,0.0,-0.5091076502967772,0,1,31,2,276.56
13273,0.3881222410176829,-0.3690702464285427,-0.9216727870289376,0,3,113,1,138.98
13276,0.10955870818052117,0.0,-0.05265830564704847,1,4,63,2,590.9300000000001
13277,-0.5593496184885577,0.4649735207179271,-0.5498893013866984,1,1,15,4,258.4
13278,-0.10531069860088949,-0.3690702464285427,-0.1038482805180494,0,1,40,1,542.73
13279,0.21115944414923474,-0.3690702464285427,-0.9269920253385637,0,3,78,1,137.75
13280,0.42478660849442396,0.2618595071429148,0.1284795595292211,1,4,122,3,798.46
13282,-0.47642922941217053,0.2618595071429148,0.3387052590748843,1,2,18,3,1132.14
13283,0.07841788023619099,0.0,-1.1574506341517623,0,3,59,2,93.66
13284,0.9024449813519584,-0.3690702464285427,-0.7000580369873397,0,3,330,1,201.19
13285,-0.36370647472778334,0.4649735207179271,0.8642526781922619,1,2,23,4,2709.12
13291,0.5394668318384552,-0.3690702464285427,-0.3488453441710759,0,3,155,1,361.11
13292,-0.1294414948306238,0.0,-0.06499162945558667,1,1,38,2,578.94
13294,0.634603452220883,0.0,0.18271590912423014,0,4,189,2,873.74
13295,0.9429693506660444,-0.3690702464285427,-0.7000282295373087,0,3,359,1,201.2
13296,0.48030932790813896,-0.3690702464285427,-1.1986865344160833,0,3,137,1,87.4
13297,-0.8938037818230972,0.4649735207179271,0.7079010425923028,1,2,7,4,2089.85
13298,-1.562712108492176,-0.3690702464285427,-0.35069565284380105,1,1,1,1,360.0
13299,0.8023679195283855,-0.3690702464285427,-0.9067046485160705,0,3,268,1,142.5
13300,0.5809353745377399,-0.3690702464285427,-0.33116511877790117,0,3,169,1,371.89
13301,0.3438236880776809,0.4649735207179271,-0.025620184301536137,1,4,103,4,618.09
13302,0.5394668318384552,-0.3690702464285427,-1.386327536212154,0,3,155,1,63.75
13304,0.9321258524703706,-0.3690702464285427,-0.4594051605601796,0,3,351,1,300.42
13305,-1.1205877535282016,1.1826583386441383,0.6816876083250517,2,2,4,10,2000.86
13307,0.4168763434220624,-0.3690702464285427,-2.22885742172905,0,3,120,1,15.0
13308,-0.38424214252171446,0.2618595071429148,0.4603267989464695,1,2,22,3,1385.51
13309,-0.8938037818230972,0.6309297535714574,0.49054081558687973,1,2,7,5,1456.79
13310,-0.2723943026062298,0.2618595071429148,0.33864674970357717,1,4,28,3,1132.03
13311,-1.1205877535282016,0.0,-0.04492917771047393,1,1,4,2,598.57
13313,-0.38424214252171446,0.6309297535714574,0.5299583436637424,1,2,22,5,1555.3200000000002
13314,-1.562712108492176,0.2618595071429148,0.1112586240939002,1,2,1,3,775.94
13316,-0.141975066077631,0.4649735207179271,1.3159148342674554,2,2,37,4,5732.93
13317,0.1316625130805325,0.7712437491614222,0.7586890924546827,1,4,66,6,2273.6800000000003
13318,-1.562712108492176,0.2618595071429148,-0.0039451329409879235,1,2,1,3,640.76
13319,-1.0326148013968623,2.0,1.7000982087371437,2,0,5,26,10845.55
13320,0.21115944414923474,0.4649735207179271,0.520937853070411,1,4,78,4,1532.2
13321,0.17304632220108546,0.0,-0.07714769825412078,1,4,72,2,567.36
13322,-0.5025174943015487,-0.3690702464285427,-0.705176913802432,0,1,17,1,199.48
13323,-1.2282579451576368,0.6309297535714574,0.1204274104723349,1,2,3,5,787.85
13324,-0.15484290499498438,1.1826583386441383,1.4466512113337775,2,0,36,10,7121.95
13325,0.22914346473365005,-0.3690702464285427,0.02764939174333661,0,4,81,1,675.3
13327,-0.1294414948306238,1.0000000000000002,1.0401788982256506,2,2,38,8,3627.77
13328,0.881592307198259,-0.3690702464285427,0.42587712820760715,0,4,316,1,1308.48
13329,-0.22489545515401813,0.0,0.12130538573118083,1,4,31,2,789.0
13330,0.28988261725410314,0.2618595071429148,0.34336242278243045,1,4,92,3,1140.9299999999998
13332,-0.5904904464328878,-0.3690702464285427,-0.3660829237216628,1,1,14,1,350.9
13334,0.2349922074091187,0.2618595071429148,1.018974601267373,1,4,82,3,3502.32
13336,0.20501266850391572,-0.3690702464285427,0.12595634748382095,0,4,77,1,795.12
13338,0.5456136074837743,-0.3690702464285427,-0.1689970943946843,0,3,157,1,487.02
13339,0.6617598201758463,-0.3690702464285427,0.1732579690836623,0,4,200,1,860.12
13340,-0.04978797918717493,0.8927892607143721,1.6940070249163544,2,0,45,7,10736.48
13341,0.7878003115843977,-0.3690702464285427,0.11118880480521792,0,3,260,1,775.85
13343,0.6031238981391972,-0.3690702464285427,-0.36176534804837207,0,3,177,1,353.43
13344,0.1388110195737654,0.2618595071429148,0.81866566476824,1,4,67,3,2511.69
13345,0.8352991590366093,-0.3690702464285427,-0.3033542104009074,0,3,287,1,389.5
13347,0.1596422557462171,-0.3690702464285427,-0.3826474415934986,0,3,70,1,341.36
13348,0.11703971637257636,-0.3690702464285427,-0.6100424906718777,0,3,64,1,233.76
13349,-0.7401449642023266,-0.3690702464285427,-0.576198624754989,1,1,10,1,247.32
13350,-0.5300973070953137,0.0,0.2512710778120036,1,1,16,2,979.12
13351,0.1316625130805325,-0.3690702464285427,-0.3278608353093653,0,1,66,1,373.94
13352,0.08639352236479389,-0.3690702464285427,-0.2904063903527318,0,1,60,1,397.98
13354,0.16639083236753036,-0.3690702464285427,0.08557794098717797,0,4,71,1,743.53
13355,0.42478660849442396,-0.3690702464285427,0.027114458214925502,0,4,122,1,674.7
13356,0.22322295655453953,-0.3690702464285427,0.10525574638205773,0,4,80,1,768.24
13357,0.7822220371687278,-0.3690702464285427,-0.034139941924514375,0,3,257,1,609.4
13358,0.8023679195283855,-0.3690702464285427,-0.2313838146664091,0,3,268,1,439.03
13359,0.10955870818052117,-0.3690702464285427,-0.2306583313914854,0,1,63,1,439.56
13362,-0.786133590193662,0.4649735207179271,0.9436519654113553,2,2,9,4,3090.74
13363,-0.5025174943015487,0.0,0.25944300449523994,1,1,17,2,992.5
13364,0.16639083236753036,-0.3690702464285427,-0.9392345193214127,0,3,71,1,134.95999999999998
13365,-0.19564314376077413,0.0,0.7457511531414603,1,4,33,2,2225.37
13366,0.0,-0.3690702464285427,-1.4614707485833545,0,3,50,1,56.16
13368,0.780348188744373,0.0,-0.020472877013853825,0,4,256,2,623.4
13369,0.9509449927946468,-0.3690702464285427,-0.4438904442087345,0,3,365,1,308.28000000000003
13370,0.9587909439231818,-0.3690702464285427,0.09468838410188024,0,3,371,1,754.87
13372,0.27406102399696536,-0.3690702464285427,-0.32035284996467556,0,3,89,1,378.64
13373,0.08639352236479389,0.2618595071429148,0.985355546461013,1,4,60,3,3312.25
13375,0.2686697348046577,-0.3690702464285427,0.11335718088039798,0,4,88,1,778.65
13376,0.3248990914393916,0.2618595071429148,0.2757570651156922,1,4,99,3,1019.76
13379,-0.30687435054077433,0.2618595071429148,-0.07165866454069915,1,1,26,3,572.56
13381,-0.22489545515401813,0.7712437491614222,1.0420925017281113,2,2,31,6,3639.31
13382,0.8234264773092309,-0.3690702464285427,-0.638346285408926,0,3,280,1,222.99
13384,-0.2402146898412107,0.8927892607143721,1.12149428499332,2,2,30,7,4151.93
13385,0.9009850245260405,-0.3690702464285427,-0.11296170268349517,0,3,329,1,534.57
13388,0.45886066956206595,0.0,0.02925134945612639,0,4,131,2,677.0999999999999
13389,-0.6981606380623229,0.2618595071429148,0.12810250484056937,1,2,11,3,797.96
13390,0.18608807186562598,-0.3690702464285427,-0.10235374196635089,0,1,74,1,544.08
13391,0.6689083266690788,-0.3690702464285427,-1.4242633115555106,0,3,203,1,59.8
13394,-1.562712108492176,1.0000000000000002,0.8206603870473745,2,2,1,8,2520.02
13395,0.6243367805886427,-0.3690702464285427,-0.4449827013751156,0,3,185,1,307.72
13396,-0.2560362830983483,0.0,0.44957301074768125,1,4,29,2,1360.99
13397,0.17304632220108546,0.6309297535714574,0.5256093135083996,1,4,72,5,1544.13
13398,0.6421625942262168,-0.3690702464285427,-0.20681306078713763,0,3,192,1,457.34
13402,0.4440128715150607,0.0,-0.02257108159350295,0,4,127,2,621.23
13403,-0.5025174943015487,-0.3690702464285427,-1.2897765372864254,0,1,17,1,75.0
13404,-1.562712108492176,0.0,-0.5637794759614482,1,1,1,2,252.49
13405,0.18608807186562598,0.2618595071429148,-0.0717732116538433,1,4,74,3,572.451
13408,-1.562712108492176,2.7712437491614224,2.274200843856678,2,0,1,62,28117.04
13410,-0.3440092352296877,0.6309297535714574,0.265815262668915,1,2,24,5,1003.06
13411,0.3620339761283047,-0.3690702464285427,-0.6642973457121245,0,3,107,1,213.55
13414,0.46611667641507204,0.2618595071429148,0.4624919711352248,1,4,133,3,1390.5
13416,-0.07123663753324773,0.0,0.0599209259468845,1,4,43,2,712.5
13417,-1.1205877535282016,0.0,-0.003879397898574087,1,1,4,2,640.8299999999999
13418,-0.6981606380623229,1.6801438592463753,1.356016399587005,2,0,11,18,6127.43
13419,0.10955870818052117,-0.3690702464285427,-0.6435618545566253,0,3,63,1,221.06
13420,0.5205422352001655,0.0,-0.8379150901903297,0,3,149,2,159.85
13421,-0.10531069860088949,0.0,0.6291387245232806,1,4,40,2,1833.71
13422,0.11703971637257636,-0.3690702464285427,0.8455474100324146,1,4,64,1,2626.3
13425,0.3664811538104963,0.2618595071429148,0.556062717593834,1,4,108,3,1624.21
13426,-1.8971662718267155,1.1826583386441383,1.0424251866014795,2,0,0,10,3641.32
13427,-0.45167942685912266,0.2618595071429148,-0.06119999525590246,1,1,19,3,582.6
13428,-0.7401449642023266,-0.3690702464285427,-0.6983019149254898,0,1,10,1,201.78
13429,-0.7401449642023266,0.4649735207179271,0.2680560445208755,1,2,10,4,1006.8
13430,-0.47642922941217053,0.0,0.03133640630600648,1,1,18,2,679.45
13431,0.1388110195737654,0.0,0.4074742528811105,1,4,67,2,1269.1
13434,0.18608807186562598,0.0,-0.11333317526799302,0,4,74,2,534.24
13435,-1.0326148013968623,0.8927892607143721,1.069692115728403,2,2,5,7,3809.89
13436,-1.562712108492176,-0.3690702464285427,-0.713013817133549,1,1,1,1,196.89
13437,-0.5904904464328878,0.8927892607143721,1.0025364874219245,2,2,14,7,3408.06
13439,0.7784670348496002,-0.3690702464285427,-0.4937787933125988,0,3,255,1,283.71
13441,0.2846661841473646,-0.3690702464285427,-0.4670110931775293,0,3,91,1,296.64
13447,-0.36370647472778334,0.2618595071429148,0.3371075104390563,1,2,23,3,1129.14
13448,-0.5300973070953137,0.7712437491614222,1.02451778674743,2,2,16,6,3534.69
13449,-0.36370647472778334,-0.3690702464285427,-0.47672752885521613,0,1,23,1,291.88
13450,-0.30687435054077433,0.7712437491614222,0.6944550978146907,1,2,26,6,2043.72
13451,-0.30687435054077433,0.6309297535714574,0.9049118403313893,1,2,26,5,2898.26
13452,0.7859480430416554,0.0,-0.05360595839024119,0,4,259,2,590.0
13453,0.5694463707436582,0.0,-0.35575876933252876,0,3,165,2,356.98
13455,-0.3440092352296877,0.0,0.2981160996944654,1,4,24,2,1058.34
13456,-0.5025174943015487,0.7712437491614222,0.6067210929800231,1,2,17,6,1766.72
13458,-0.8938037818230972,1.4649735207179273,1.629498304009748,2,0,7,14,9646.57
13460,-0.2560362830983483,0.0,-0.7554355486983972,0,1,29,2,183.44
13461,-0.1294414948306238,0.2618595071429148,0.48564667750391943,1,4,38,3,1445.0
13462,0.7727791651026745,-0.3690702464285427,-0.8700431749021411,0,3,252,1,151.5
13464,0.07030818744334325,-0.3690702464285427,0.027096618917738423,0,4,58,1,674.68
13466,0.6217356133035294,-0.3690702464285427,-0.4446314027918074,0,3,184,1,307.9
13467,-0.7401449642023266,0.0,0.3057874677559233,1,2,10,2,1071.91
13468,-1.562712108492176,2.311073612817833,1.312968778010634,2,0,1,37,5704.97
13470,0.3248990914393916,0.0,-0.8189209378952067,0,3,99,2,165.0
13471,-1.562712108492176,0.4649735207179271,0.8162984089728959,2,2,1,4,2501.84
13473,0.08639352236479389,0.0,-0.2542613109690796,0,1,60,2,422.64
13474,0.7412567512445486,-0.3690702464285427,-0.6280750801216866,0,3,236,1,226.84
13475,0.639656015275835,0.4649735207179271,0.48011124877657185,1,4,191,4,1431.78
13476,0.6058270725080276,0.0,0.39276148166865416,1,4,178,2,1238.47
13477,-0.141975066077631,0.7712437491614222,0.48962644563623847,1,2,37,6,1454.58
13479,0.6617598201758463,0.0,-0.458346351861978,0,3,200,2,300.95
13481,-0.04978797918717493,0.6309297535714574,0.6194862319207061,1,2,45,5,1804.56
13482,0.7330435254907093,-0.3690702464285427,-0.7515270282830907,0,3,232,1,184.64
13483,0.1244065062275264,-0.3690702464285427,-0.9158454932270959,0,3,65,1,140.34
13484,0.751330506756602,-0.3690702464285427,-0.433228525404113,0,3,241,1,313.8
13485,0.7351099755992296,-0.3690702464285427,-0.2109032369112448,0,3,233,1,454.24
13486,0.21115944414923474,0.2618595071429148,0.33350774345797307,1,4,78,3,1122.41
13487,0.062059860728309484,0.2618595071429148,-0.06868178185000633,1,4,57,3,575.4
13488,-0.5025174943015487,1.4021735027328797,1.5855636916046651,2,0,17,13,8968.31
13489,0.3530147347855537,0.4649735207179271,-0.21718465967904063,1,4,105,4,449.52
13491,0.00936952474314159,1.1826583386441383,0.38164605575930105,1,2,51,10,1215.82
13494,0.8739209951729948,-0.3690702464285427,-0.4285371063733179,0,3,311,1,316.26000000000005
13495,-0.8938037818230972,0.6309297535714574,0.6947939709427258,2,2,7,5,2044.87
13496,-0.7401449642023266,0.0,0.007745525357770659,1,1,10,2,653.3299999999999
13497,0.8268485864253822,0.0,-0.3709839321027494,0,3,282,2,348.05
13499,-0.5025174943015487,0.6309297535714574,0.3528819476842186,1,2,17,5,1159.11
13500,-0.36370647472778334,0.2618595071429148,0.35684833371667946,1,2,23,3,1166.77
13502,-0.5300973070953137,0.2618595071429148,-0.4764806420889683,1,1,16,3,292.0
13503,0.16639083236753036,-0.3690702464285427,-0.6550978945401418,0,3,71,1,216.85
13504,0.11703971637257636,-0.3690702464285427,-0.46845049084575435,0,3,64,1,295.93
13506,0.881592307198259,0.0,-0.20526342001399114,0,3,316,2,458.52
13507,-1.2282579451576368,0.4649735207179271,0.8108120983336832,2,2,3,4,2479.16
13508,0.755301849033873,-0.3690702464285427,-1.0562349132391526,0,3,243,1,110.97
13509,-0.836971657636088,0.8927892607143721,0.25163991469084424,1,2,8,7,979.72
13510,-1.562712108492176,0.4649735207179271,0.6151311650205508,2,2,1,4,1791.56
13512,0.7878003115843977,-0.3690702464285427,-0.5668304827610253,0,3,260,1,251.21
13513,0.4402284178965773,-0.3690702464285427,-0.6885142973429541,0,3,126,1,205.1
13514,0.17961125833955535,-0.3690702464285427,-0.8672830509086671,0,3,73,1,152.20000000000002
13515,0.17304632220108546,0.4649735207179271,0.19457323820928657,1,4,72,4,891.12
13516,-0.405690800867787,0.2618595071429148,0.4620196812152667,1,2,21,3,1389.41
13517,0.07841788023619099,0.2618595071429148,0.7189176209094275,1,4,59,3,2128.42
13518,0.252124730073414,-0.3690702464285427,-0.01685448311125525,0,4,85,1,627.16
13519,0.21115944414923474,-0.3690702464285427,-0.9959461984807755,0,3,78,1,122.75
13521,-1.562712108492176,0.2618595071429148,0.3056863468664037,1,2,1,3,1071.73
13522,-0.2402146898412107,-0.3690702464285427,-0.9812720767330058,0,1,30,1,125.8
13523,-0.19564314376077413,0.6309297535714574,1.093718430691317,2,2,33,5,3964.88
13524,-0.10531069860088949,0.6309297535714574,0.03198263914351757,1,4,40,5,680.1800000000001
13525,-0.5904904464328878,0.0,-0.015302165589404872,1,1,14,2,628.78
13527,-0.19564314376077413,0.8927892607143721,0.7503329877971128,2,2,33,7,2242.36
13529,0.21115944414923474,0.0,-0.4449046173255441,0,3,78,2,307.76
13531,0.6736158309628445,0.0,-0.17298688588022354,0,3,205,2,483.8
13532,-0.19564314376077413,-0.3690702464285427,-0.6734682417913067,0,1,33,1,210.31
13533,0.6164908294601078,0.2618595071429148,-0.5255502194798379,0,3,182,3,269.09
13534,-1.3670689647314018,1.9656472730442505,1.3301609262910408,2,0,2,25,5870.08
13536,-1.562712108492176,0.8927892607143721,1.0089253284807422,2,2,1,7,3444.3900000000003
13538,-0.07123663753324773,0.8927892607143721,0.41302426596052927,1,2,43,7,1280.85
13539,0.252124730073414,0.2618595071429148,-0.012857242825352527,1,4,85,3,631.34
13544,-0.11722526352458314,0.0,-0.510194325676413,0,1,39,2,276.06
13546,-0.6595388019259375,0.2618595071429148,-0.022706700796545326,1,1,12,3,621.09
13548,0.31020205588786276,0.0,0.030192736323507396,1,4,96,2,678.16
13549,-0.3250846385913979,0.8927892607143721,0.2125955736959079,1,2,25,7,918.2
13551,0.8861372264790353,-0.3690702464285427,-1.169410982149437,0,3,319,1,91.8
13552,0.1316625130805325,1.3347175194727927,1.0585476880607865,2,2,66,12,3740.07
13555,0.17961125833955535,0.4649735207179271,1.1137458364108956,1,4,73,4,4098.88
13557,-0.2723943026062298,0.0,-0.05969411605747929,1,1,28,2,584.06
13558,-1.0326148013968623,0.4649735207179271,-0.04901407654498874,1,2,5,4,594.52
13560,-0.8938037818230972,-0.3690702464285427,-0.7960514549851759,0,1,7,1,171.42000000000002
13561,0.6964881394628443,-0.3690702464285427,-0.909398623604263,0,3,215,1,141.86
13562,0.22914346473365005,0.2618595071429148,0.6177379367766874,1,4,81,3,1799.33
13563,0.24648121120320038,0.0,0.11249076639642232,1,4,84,2,777.53
13564,0.504184215692284,0.2618595071429148,0.5922111690461013,1,4,144,3,1724.67
13565,-0.45167942685912266,0.0,-0.5936820230366593,1,1,19,2,240.22
13566,-0.10531069860088949,0.0,0.1709579373289486,1,4,40,2,856.8399999999999
13568,0.5921571678236234,-0.3690702464285427,-0.74375316641326,0,3,173,1,187.05
13569,-0.5025174943015487,0.0,-0.38749035265137916,1,1,17,2,338.62
13570,0.755301849033873,-0.3690702464285427,-0.5955087042511544,0,3,243,1,239.49
13571,-0.6595388019259375,1.3347175194727927,0.7076386761552331,2,2,12,12,2088.94
13572,0.6736158309628445,-0.3690702464285427,0.45977884988927264,0,4,205,1,1384.25
13573,0.0,0.0,-0.48009112969474643,0,1,50,2,290.25
13575,-0.36370647472778334,0.6309297535714574,0.07622901599310497,1,2,23,5,732.0699999999999
13576,-0.7401449642023266,1.6801438592463753,1.4114052771481789,2,0,10,18,6717.34
13577,-0.3250846385913979,0.4649735207179271,0.5791233578247742,1,2,25,4,1687.6
13579,-0.5904904464328878,0.0,-0.1941911917808857,1,1,14,2,467.04
13581,0.8708179917918428,-0.3690702464285427,-1.0195354977747313,0,3,309,1,118.0
13583,0.5394668318384552,-0.3690702464285427,0.11519418646625068,0,4,155,1,781.03
13584,0.866125747072179,-0.3690702464285427,-0.9071247891645088,0,3,306,1,142.4
13587,0.10955870818052117,-0.3690702464285427,0.05983645026719231,0,4,63,1,712.4
13588,-0.5593496184885577,1.0959032742893848,0.8107610650845867,2,2,15,9,2478.95
13589,-0.5904904464328878,0.0,-0.31875156884506317,1,1,14,2,379.65
13590,-0.6981606380623229,0.7712437491614222,0.675958274490546,2,2,11,6,1981.92
13591,0.11703971637257636,0.2618595071429148,0.33066842919151734,1,4,64,3,1117.13
13592,-0.16806333096700918,0.4649735207179271,-0.5746472938192407,1,1,35,4,247.96
13593,0.3664811538104963,0.6309297535714574,0.684996255763563,1,4,108,5,2011.88
13594,0.018560571451014377,-0.3690702464285427,-0.2919340118572906,0,1,52,1,396.97
13596,-1.0326148013968623,0.0,0.01759388750900595,1,1,5,2,664.11
13598,-0.029252311393243784,-0.3690702464285427,-0.8372035959339267,0,1,47,1,160.04
13599,-1.562712108492176,1.8135880922155958,1.251290718687962,2,0,1,21,5149.92
13600,0.8754650456516969,-0.3690702464285427,-0.6477561200859908,0,3,312,1,219.52
13601,-0.04978797918717493,0.0,0.04349788497770699,1,4,45,2,693.3199999999999
13602,0.11703971637257636,-0.3690702464285427,-0.24543469520680153,0,1,64,1,428.89
13603,-0.30687435054077433,-0.3690702464285427,-0.8213219584282059,0,1,26,1,164.34
13606,-0.2560362830983483,0.2618595071429148,-0.5086952268422519,1,1,29,3,276.74999999999994
13607,-0.10531069860088949,-0.3690702464285427,0.02783650636479845,1,1,40,1,675.51
13610,-0.6595388019259375,0.8927892607143721,0.3116125120676041,1,2,12,7,1082.33
13611,0.27406102399696536,0.2618595071429148,0.35043006279438804,1,4,89,3,1154.4
13614,-0.3440092352296877,0.4649735207179271,0.5415186093172079,1,2,24,4,1585.46
13615,0.8846270050181589,-0.3690702464285427,-0.2613448968196762,0,3,318,1,417.69
13617,-0.10531069860088949,0.2618595071429148,-0.10224318269838395,1,4,40,3,544.1800000000001
13618,0.5921571678236234,-0.3690702464285427,-0.7757054981220004,0,3,173,1,177.34
13621,0.40065581226469005,-0.3690702464285427,-0.6634552052829149,0,3,116,1,213.85
13623,-0.2402146898412107,0.6309297535714574,0.07265856176408367,1,2,30,5,727.74
13626,0.7727791651026745,-0.3690702464285427,-0.5526138364087182,0,3,252,1,257.23
13627,0.07841788023619099,0.6309297535714574,0.5613278209488374,1,4,59,5,1638.47
13629,-0.36370647472778334,1.261859507142915,1.5008634074841187,2,0,23,11,7792.36
13630,-1.0326148013968623,0.8927892607143721,0.6909254056535052,2,2,5,7,2031.78
13631,0.3248990914393916,1.261859507142915,0.939677789681286,2,2,99,11,3070.42
13632,-0.3440092352296877,0.6309297535714574,0.7162256543350585,1,2,24,5,2118.93
13634,-0.19564314376077413,0.6309297535714574,0.5268678887835693,1,2,33,5,1547.36
13635,0.1388110195737654,-0.3690702464285427,0.30529293759914367,1,4,67,1,1071.03
13636,-0.15484290499498438,0.6309297535714574,0.23253536812895298,1,4,36,5,949.12
13637,0.018560571451014377,0.2618595071429148,0.13286617843169146,1,4,52,3,804.3
13638,-0.5593496184885577,-0.3690702464285427,-0.9964821627097623,0,1,15,1,122.64
13639,0.18608807186562598,-0.3690702464285427,0.2837222959085501,1,4,74,1,1033.34
13642,0.6964881394628443,-0.3690702464285427,-0.4361456481490808,0,3,215,1,312.28
13643,-0.22489545515401813,0.2618595071429148,-0.1302330353341992,1,1,31,3,519.44
13644,-0.5300973070953137,0.4649735207179271,0.8450792607098727,1,2,16,4,2624.26
13645,0.4168763434220624,-0.3690702464285427,-0.5647074446279798,0,3,120,1,252.1
13647,-0.786133590193662,0.4649735207179271,0.5648648942498067,1,2,9,4,1648.12
13649,0.780348188744373,0.0,-0.3734928082352394,0,3,256,2,346.6
13650,-0.5300973070953137,0.7712437491614222,0.6300020458484958,1,2,16,6,1836.34
13651,-0.16806333096700918,0.0,-1.1540222720438165,0,1,35,2,94.2
13652,-0.04978797918717493,0.2618595071429148,0.3186643355409719,1,4,45,3,1095.08
13654,-0.07123663753324773,0.7712437491614222,0.8638544764016073,1,2,43,6,2707.33
13655,0.3923363757767996,0.0,0.22220283631418222,1,4,114,2,932.97
13656,0.5665308611915009,0.0,-0.31875156884506317,0,3,164,2,379.65
13657,-0.7401449642023266,0.0,-0.3148219344204216,1,1,10,2,382.14
13658,-0.786133590193662,0.6309297535714574,0.8484925271662446,2,2,9,5,2639.17
13659,0.6736158309628445,0.0,0.5329251431442618,1,4,205,2,1563.0
13662,0.252124730073414,0.2618595071429148,0.18787500932698187,1,4,85,3,881.26
13663,0.6085151873315049,-0.3690702464285427,-0.7360466575201664,0,3,179,1,189.47
13666,0.08639352236479389,0.2618595071429148,-1.2177332475792033,0,3,60,3,84.65
13667,0.5205422352001655,-0.3690702464285427,-0.4621507309326075,0,3,149,1,299.05
13668,-1.3670689647314018,1.8135880922155958,1.3736925077172255,2,0,2,21,6309.83
13669,0.0,0.0,-0.6504130243534,0,1,50,2,218.55
13670,0.1924790972569085,-0.3690702464285427,-0.36814165069624455,0,3,75,1,349.7
13672,0.8582024924755586,0.0,-0.7458721572260087,0,3,301,2,186.39
13673,-0.47642922941217053,0.0,-0.3065419986007019,1,1,18,2,387.44
13675,0.5269332605914481,0.0,-0.1692441397071188,0,4,151,2,486.8200000000001
13678,0.5269332605914481,-0.3690702464285427,-0.6130279029317666,0,3,151,1,232.6
13680,-1.562712108492176,0.4649735207179271,1.0551631274083297,2,2,1,4,3719.12
13681,-0.5025174943015487,0.4649735207179271,0.15022381430660328,1,2,17,4,827.83
13682,0.6294974218975681,-0.3690702464285427,-1.4272444803829825,0,3,187,1,59.5
13684,0.8319366690329908,-0.3690702464285427,-1.3736174900675586,0,3,285,1,65.13
13685,-1.3670689647314018,0.8927892607143721,0.9492208239706861,2,2,2,7,3119.44
13686,0.6164908294601078,-0.3690702464285427,-1.3140492834643929,0,3,182,1,72.0
13689,0.10955870818052117,-0.3690702464285427,0.20719495594640203,1,4,63,1,910.0
13690,0.07841788023619099,-0.3690702464285427,-0.7931571621506466,0,3,59,1,172.25
13692,-0.3440092352296877,0.2618595071429148,0.5034372432765303,1,2,24,3,1488.3200000000002
13694,-1.2282579451576368,2.5789019231625665,2.779618515921503,2,0,3,50,65039.62
13695,-0.22489545515401813,1.5237190142858297,0.8168495960491469,2,2,31,15,2504.13
13697,-0.1294414948306238,-0.3690702464285427,-0.8708341090521083,0,1,38,1,151.29999999999998
13699,0.5394668318384552,-0.3690702464285427,-0.4433061196930242,0,3,155,1,308.58000000000004
13700,-0.30687435054077433,1.1826583386441383,0.7520151102306695,2,2,26,10,2248.63
13703,0.8846270050181589,-0.3690702464285427,-1.1213697683386186,0,3,318,1,99.5
13704,-1.0326148013968623,1.0959032742893848,0.7677301508233408,2,2,5,9,2308.06
13705,-0.8938037818230972,0.2618595071429148,0.05938007688103466,1,2,7,3,711.86
13706,0.859797586036773,-0.3690702464285427,-0.40154820178824185,0,3,302,1,330.79
13707,0.8005708397496115,0.0,0.13444325092223247,0,4,267,2,806.41
13708,0.8077193462428445,-0.3690702464285427,-0.49035919667741984,0,3,271,1,285.33
13709,-1.2282579451576368,1.4021735027328797,1.373484279169446,2,0,3,13,6307.65
13710,-0.22489545515401813,-0.3690702464285427,-0.7651863491510947,0,1,31,1,180.48
13711,0.7031436292963993,0.0,-0.5648027017383057,0,3,218,2,252.06
13712,0.7611982404886077,-0.3690702464285427,-0.6228076830573658,0,3,246,1,228.84
13715,0.8251405656583424,0.6309297535714574,0.3088579440778042,1,4,281,5,1077.39
13716,0.8041583310922792,-0.3690702464285427,-0.9246942372805825,0,3,269,1,138.28
13717,-0.2100476571070129,0.7712437491614222,0.48565084548214743,1,2,32,6,1445.01
13718,0.7611982404886077,0.0,-0.4472711469527625,0,3,246,2,306.55
13719,-0.5593496184885577,0.6309297535714574,0.2885623803475648,1,2,15,5,1041.68
13720,0.40065581226469005,0.4649735207179271,0.1295641609110863,1,4,116,4,799.9
13721,-0.15484290499498438,-0.3690702464285427,-0.12481466421525796,0,1,36,1,524.14
13722,0.45886066956206595,0.2618595071429148,0.7850577975209689,1,4,131,3,2375.41
13723,0.7009353171450358,-0.3690702464285427,-0.7040656287979864,0,3,217,1,199.85
13725,-0.009555071895148155,1.0000000000000002,0.6755447721937458,1,2,49,8,1980.56
13726,-0.1294414948306238,0.0,0.3101252706745262,1,4,38,2,1079.66
13727,-0.2723943026062298,0.0,-0.3966815573996237,1,1,28,2,333.48
13728,-0.15484290499498438,0.7712437491614222,0.27361589393137425,1,2,36,6,1016.14
13730,0.47326518290830494,0.0,0.09287567994537786,0,4,135,2,752.5999999999999
13731,0.7053418807652665,0.0,-0.03296611334606485,0,4,219,2,610.59
13732,-0.2723943026062298,-0.3690702464285427,-0.1630492686140144,1,1,28,1,491.86
13735,-0.3440092352296877,0.4649735207179271,0.9018440850475901,1,2,24,4,2883.54
13736,-1.0326148013968623,0.0,0.07435984545636042,1,1,5,2,729.8
13737,0.6617598201758463,-0.3690702464285427,-0.3857537429965204,0,3,200,1,339.6
13739,-0.47642922941217053,-0.3690702464285427,-0.6549595831830742,0,1,18,1,216.9
13740,0.7493325106808756,-0.3690702464285427,-0.36633988033854886,0,3,240,1,350.75
13741,0.16639083236753036,0.2618595071429148,0.021495812356164917,1,4,71,3,668.4300000000001
13742,-0.5300973070953137,1.3347175194727927,0.9469820041330225,2,0,16,12,3107.87
13743,-1.3670689647314018,0.8927892607143721,0.44093111457743045,2,2,2,7,1341.6
13744,0.3052018519412955,0.0,0.3106047080202614,1,4,95,2,1080.52
13745,0.5606464545696141,-0.3690702464285427,-0.46016545299442263,0,3,162,1,300.04
13747,0.9613781638636149,-0.3690702464285427,-1.2543591710653625,0,3,373,1,79.6
13748,0.3052018519412955,0.6309297535714574,0.23198324627086703,1,4,95,5,948.25
13750,0.02757981279376517,0.6309297535714574,0.5645505144060997,1,4,53,5,1647.26
13751,0.8369716576360883,-0.3690702464285427,-0.46780132266744234,0,3,288,1,296.25
13752,0.4325692830688266,0.7712437491614222,0.3612756947477499,1,4,124,6,1175.38
13753,0.8352991590366093,-0.3690702464285427,0.08373758518271014,0,3,287,1,741.26
13754,0.5269332605914481,0.0,-0.49613310232495733,0,3,151,2,282.6
13755,-1.2282579451576368,1.0959032742893848,0.7131273856726131,2,2,3,9,2108.06
13756,-1.3670689647314018,1.4649735207179273,1.2559064606719104,2,0,2,14,5189.52
13758,-0.6981606380623229,0.8927892607143721,0.9628010807891781,2,2,11,7,3190.55
13759,-0.19564314376077413,0.0,0.013319847087959113,1,1,33,2,659.4100000000001
13760,0.036433554096187475,0.0,-0.48729387294347204,0,1,54,2,286.79
13761,0.0,0.0,0.30507926497823573,1,4,50,2,1070.65
13762,0.7031436292963993,-0.3690702464285427,-0.44693809772985454,0,3,218,1,306.72
13763,0.10955870818052117,-0.3690702464285427,0.5888103663554947,1,4,63,1,1714.96
13764,0.1596422557462171,0.2618595071429148,0.5158930568252179,1,4,70,3,1519.42
13767,-1.3670689647314018,2.311073612817833,1.9787246574287707,2,0,2,37,17220.36
13769,-1.3670689647314018,1.1826583386441383,0.8833801982082675,2,0,2,10,2796.51
13771,0.11703971637257636,0.4649735207179271,0.847414092498134,1,4,64,4,2634.45
13772,-0.19564314376077413,0.2618595071429148,0.33362575843082176,1,4,33,3,1122.63
13774,0.22914346473365005,-0.3690702464285427,-0.3762733978768782,0,3,81,1,345.0
13777,-1.8971662718267155,2.2098316767340234,2.226494672106009,2,0,0,33,25977.16
13778,0.3438236880776809,-0.3690702464285427,-0.7711268772819204,0,3,103,1,178.7
13780,-0.8938037818230972,0.0,-0.35067895801309723,1,1,7,2,360.01000000000005
13781,0.7689496579947311,-0.3690702464285427,-0.971652946393768,0,3,250,1,127.84
13782,-0.6595388019259375,0.7712437491614222,0.206440292030937,1,2,12,6,908.86
13784,-0.786133590193662,1.261859507142915,0.8068209172859616,2,2,9,11,2462.79
13786,0.9535745108164436,-0.3690702464285427,-0.6187308350265097,0,3,367,1,230.4
13787,0.1924790972569085,0.0,-0.4424112542936172,0,3,75,2,309.04
13790,-1.1205877535282016,-0.3690702464285427,-0.3696903241028377,1,1,4,1,348.8
13791,0.4440128715150607,0.0,0.5145358480049637,1,4,127,2,1516.0
13792,0.1316625130805325,0.0,-0.7171087873843224,0,3,66,2,195.55
13798,-1.562712108492176,2.69597450568212,2.4421607554629876,2,0,1,57,37153.85
13799,0.40065581226469005,0.0,0.03961397617395199,0,4,116,2,688.8599999999999
13800,0.8708179917918428,-0.3690702464285427,-0.08681081191363244,0,3,309,1,558.32
13801,0.1316625130805325,-0.3690702464285427,-0.41252836678878363,0,3,66,1,324.8
13802,0.483793208478914,0.2618595071429148,1.1831698363937582,1,4,138,3,4599.42
13803,0.7784670348496002,-0.3690702464285427,-0.5080012562159433,0,3,255,1,277.07
13804,-0.2402146898412107,0.8927892607143721,0.8367876616406038,2,2,30,7,2588.39
13805,0.018560571451014377,0.0,0.2167773197752017,1,4,52,2,924.6
13806,0.10955870818052117,-0.3690702464285427,-0.554600952405252,0,3,63,1,256.38
13807,0.9535745108164436,-0.3690702464285427,-1.047524494043454,0,3,367,1,112.6
13808,-1.0326148013968623,0.6309297535714574,0.6001874322348686,2,2,5,5,1747.66
13819,0.8582024924755586,0.2618595071429148,0.34305623062529683,1,4,301,3,1140.35
13821,0.504184215692284,0.0,-0.30934131499305434,0,3,144,2,385.64
13822,-1.0326148013968623,0.0,-0.01222851602988809,1,1,5,2,632.0
13823,-0.47642922941217053,0.0,0.23792836445829646,1,1,18,2,957.66
13824,-0.2100476571070129,0.6309297535714574,0.5831572779192318,1,2,32,5,1698.94
13826,0.6004054945386567,-0.3690702464285427,-0.7359517379616146,0,3,176,1,189.5
13827,0.062059860728309484,0.2618595071429148,-0.27281069198089775,1,4,57,3,409.8
13828,-0.38424214252171446,-0.3690702464285427,-0.6758115696525169,0,1,22,1,209.49
13831,-0.5300973070953137,0.7712437491614222,0.7384193314156592,2,2,16,6,2198.45
13832,-0.45167942685912266,-0.3690702464285427,-1.504741578357152,0,1,19,1,52.2
13833,0.5516830631444957,-0.3690702464285427,-0.3121380334026283,0,3,159,1,383.85
13835,-0.3250846385913979,0.4649735207179271,0.1551050501918684,1,2,25,4,834.5699999999999
13837,0.6874688981200932,0.0,-0.5311548177445842,0,3,211,2,266.59000000000003
13838,-1.0326148013968623,0.4649735207179271,0.027221482910798973,1,2,5,4,674.8199999999999
13841,0.7727791651026745,-0.3690702464285427,-1.215275427598262,0,3,252,1,85.0
13842,0.07030818744334325,1.0959032742893848,0.9985561788414197,2,2,58,9,3385.62
13844,-0.6981606380623229,-0.3690702464285427,-0.34799710320965765,1,1,11,1,361.62
13845,0.11703971637257636,-0.3690702464285427,-0.43480048222050455,0,1,64,1,312.98
13846,-0.3440092352296877,0.2618595071429148,0.1767055602940187,1,4,24,3,865.06
13848,0.28988261725410314,0.2618595071429148,0.4007460618124546,1,4,92,3,1255.0
13849,0.00936952474314159,0.0,0.5231939157804679,1,4,51,2,1537.9499999999998
13850,0.4514938797071159,-0.3690702464285427,0.5453132087388536,1,4,129,1,1595.48
13851,0.3052018519412955,0.2618595071429148,0.8512915494844769,1,4,95,3,2651.46
13853,0.062059860728309484,-0.3690702464285427,0.31594188216425406,1,4,57,1,1090.14
13854,-0.836971657636088,1.9656472730442505,1.524904717750343,2,0,8,25,8109.52
13856,0.5780886679748406,0.2618595071429148,-0.30489957467266016,0,4,168,3,388.5
13858,0.062059860728309484,-0.3690702464285427,-0.6569820870560078,0,1,57,1,216.17
13859,0.8965784609058102,-0.3690702464285427,-0.700147468183613,0,3,326,1,201.16
13860,-1.562712108492176,0.6309297535714574,0.39636353037922023,2,2,1,5,1245.9
13862,-0.47642922941217053,1.0000000000000002,0.7414014917594972,2,2,18,8,2209.36
13863,0.7631478001624079,-0.3690702464285427,-0.448781972989483,0,3,247,1,305.78
13865,0.07030818744334325,0.4649735207179271,-0.1513028803714583,1,4,58,4,501.56
13866,0.18608807186562598,-0.3690702464285427,-0.8935357557038578,0,3,74,1,145.67000000000002
13867,-0.22489545515401813,0.2618595071429148,0.2670325495773984,1,4,31,3,1005.09
13868,-0.8938037818230972,0.0,0.9631767549278446,1,2,7,2,3192.54
13869,0.4286936368278683,0.4649735207179271,0.942268281322892,1,4,123,4,3083.65
13870,-1.3670689647314018,1.0000000000000002,0.8778461020359252,2,2,2,8,2770.94
13871,-0.38424214252171446,1.4021735027328797,1.3825488381683555,2,0,22,13,6403.25
13873,0.4128720435707305,0.2618595071429148,-0.30319989168651246,0,4,119,3,389.6
13874,0.9416271652029823,-0.3690702464285427,-0.1063808358167993,0,3,358,1,540.45
13875,0.02757981279376517,0.6309297535714574,0.6135252654405889,1,4,53,5,1786.79
13876,0.10955870818052117,-0.3690702464285427,-0.996189759500771,0,3,63,1,122.7
13877,0.25770300448908384,-0.3690702464285427,-1.0233969653695045,0,3,86,1,117.24
13878,0.036433554096187475,-0.3690702464285427,0.40864518662841426,1,4,54,1,1271.57
13880,-0.405690800867787,1.4021735027328797,0.9682938741667602,2,0,21,13,3219.77
13881,-1.2282579451576368,1.7712437491614224,1.976591684858518,2,0,3,20,17159.52
13882,-1.3670689647314018,0.6309297535714574,0.3692913119564645,2,2,2,5,1191.13
13883,-0.7401449642023266,0.6309297535714574,0.8564995848942073,2,2,10,5,2674.48
13884,-0.8938037818230972,0.6309297535714574,0.12023637692425955,1,2,7,5,787.6
13885,0.634603452220883,0.0,-0.14505137989466954,0,3,189,2,506.8
13886,0.16639083236753036,-0.3690702464285427,-0.585394229720899,0,3,71,1,243.56
13887,0.6712678196976245,-0.3690702464285427,-0.36839948673687284,0,3,204,1,349.55
13888,0.4128720435707305,0.0,-0.047851349612011033,0,4,119,2,595.6700000000001
13889,0.28988261725410314,-0.3690702464285427,-0.2624831523876083,0,3,92,1,416.9
13890,-1.562712108492176,1.1826583386441383,0.6453755949873091,2,2,1,10,1883.81
13892,-0.30687435054077433,0.4649735207179271,-0.011305666873352545,1,4,26,4,632.9699999999999
13893,0.8517688589900415,-0.3690702464285427,0.14531005315395223,0,4,297,1,821.1
13894,-0.36370647472778334,0.2618595071429148,-0.08006023387170073,1,1,23,3,564.62
13895,-0.2723943026062298,0.4649735207179271,0.8378759687134351,1,2,28,4,2593.07
13897,0.0,-0.3690702464285427,-0.4383041780339805,0,1,50,1,311.16
13898,0.8951006179041536,-0.3690702464285427,-0.8527849463733165,0,3,325,1,155.93
13899,-0.5300973070953137,0.0,-0.30486862852309216,1,1,16,2,388.52
13900,0.6191203474819041,0.2618595071429148,0.08348582237177614,1,4,183,3,740.95
13901,0.17304632220108546,0.6309297535714574,0.8984203219550283,1,4,72,5,2867.2000000000003
13904,-0.141975066077631,0.0,-0.39819703762713504,0,1,37,2,332.64
13908,0.21722889980995616,0.4649735207179271,0.7835697818790799,1,4,79,4,2369.55
13911,0.062059860728309484,1.0959032742893848,0.8350441397688907,2,2,57,9,2580.91
13914,-0.6981606380623229,0.0,-0.017536081980346323,1,1,11,2,626.45
13917,-0.009555071895148155,0.0,-0.5190031382855882,0,1,49,2,272.04
13918,-0.009555071895148155,0.0,0.3801682495071092,1,4,49,2,1212.84
13922,0.9321258524703706,-0.3690702464285427,-0.7931571621506466,0,3,351,1,172.25
13923,0.02757981279376517,-0.3690702464285427,-0.36568913622919713,0,1,53,1,351.13
13924,-1.562712108492176,0.7712437491614222,0.6308248243787022,2,2,1,6,1838.85
13925,0.28988261725410314,0.4649735207179271,0.03027259771483919,1,4,92,4,678.25
13926,-0.36370647472778334,-0.3690702464285427,-0.6360367072650104,0,1,23,1,223.85
13927,0.18608807186562598,-0.3690702464285427,-0.36936305039897915,0,3,74,1,348.99
13928,-0.7401449642023266,0.4649735207179271,-0.19738021516456233,1,1,10,4,464.5700000000001
13929,0.5809353745377399,0.0,0.16090510832448554,0,4,169,2,842.65
13930,0.062059860728309484,0.0,-0.38976613983183406,0,1,57,2,337.34
13931,0.3052018519412955,0.0,0.39230423367930417,1,4,95,2,1237.5300000000002
13932,0.8468867057418573,-0.3690702464285427,-0.44560773823256455,0,3,294,1,307.4
13933,0.370887717430727,0.0,-0.03474253986328048,0,4,109,2,608.79
13934,0.7933148328966054,-0.3690702464285427,0.21514727676345655,0,4,263,1,922.1
13936,0.6085151873315049,-0.3690702464285427,-0.32363207671147465,0,3,179,1,376.58
13937,0.5809353745377399,-0.3690702464285427,-0.8416737037801064,0,3,169,1,158.85
13938,-0.16806333096700918,-0.3690702464285427,-1.316862898215538,0,1,35,1,71.66
13939,-0.36370647472778334,0.2618595071429148,-0.07588713559621026,1,1,23,3,568.55
13940,-0.5025174943015487,0.4649735207179271,0.15839238279837659,1,2,17,4,839.14
13941,-0.405690800867787,0.6309297535714574,1.2469505641379466,2,2,21,5,5112.96
13946,0.21722889980995616,0.2618595071429148,-0.08331893014165102,1,4,79,3,561.57
13947,0.1244065062275264,-0.3690702464285427,-1.1772552369486817,0,3,65,1,90.6
13948,0.9443078130023744,-0.3690702464285427,-1.1065608725587122,0,3,360,1,102.0
13949,-1.3670689647314018,0.7712437491614222,0.7980811912873433,2,2,2,6,2427.32
13950,-0.6981606380623229,0.4649735207179271,0.0868151942621642,1,2,11,4,745.06
13951,0.6004054945386567,0.2618595071429148,0.02689142903879598,0,4,176,3,674.45
13952,0.7009353171450358,0.0,0.97412284511522,1,4,217,2,3251.071
13953,-0.8938037818230972,0.8927892607143721,1.0212686101879396,2,2,7,7,3515.68
13954,-1.562712108492176,0.0,-0.23016604787525605,1,1,1,2,439.92
13955,0.5363638284573033,0.0,-0.4159417986963807,0,3,154,2,322.96
13956,-1.0326148013968623,0.6309297535714574,0.27546768283693623,1,2,5,5,1019.27
13959,0.21722889980995616,0.2618595071429148,-0.049500052974312564,1,4,79,3,594.04
13960,-0.405690800867787,0.0,-0.6191998355795096,0,1,21,2,230.22
13962,-0.405690800867787,0.0,-0.8026237191155027,0,1,21,2,169.55
13963,0.8692589747236188,0.4649735207179271,0.017983407601299354,0,4,308,4,664.54
13967,0.507500485535625,-0.3690702464285427,-1.2461894722264335,0,3,145,1,80.7
13969,-0.8938037818230972,1.6801438592463753,1.5893055578329849,2,0,7,18,9024.17
13971,-0.47642922941217053,1.0000000000000002,0.8750828157338569,2,2,18,8,2758.26
13972,0.1596422557462171,0.0,-0.7335835944991327,0,3,70,2,190.25
13973,0.8352991590366093,-0.3690702464285427,-0.5354267604013456,0,3,287,1,264.7
13974,-0.009555071895148155,-0.3690702464285427,-0.2672758109369607,0,1,49,1,413.59
13975,-0.22489545515401813,0.7712437491614222,0.8064416373297755,1,2,31,6,2461.24
13976,0.6759524716689128,-0.3690702464285427,-0.3540775259532486,0,3,206,1,357.98
13978,-0.5904904464328878,0.0,-0.7133184530760326,1,1,14,2,196.79
13979,0.17961125833955535,-0.3690702464285427,0.18004358158396494,1,4,73,1,869.87
13980,0.08639352236479389,-0.3690702464285427,-0.7031960517751946,0,3,60,1,200.14
13982,-0.11722526352458314,0.4649735207179271,0.6415261767833864,1,4,39,4,1871.81
13983,-0.2560362830983483,1.3347175194727927,0.8402781595949222,2,2,29,12,2603.43
13984,-0.30687435054077433,0.6309297535714574,0.21410827112300354,1,2,26,5,920.51
13985,-1.1205877535282016,1.5237190142858297,1.441397625761062,2,0,4,15,7060.13
13986,-0.5025174943015487,-0.3690702464285427,-0.4206108107349322,0,1,17,1,320.46
13988,-0.45167942685912266,0.7712437491614222,1.120917865316976,2,2,19,6,4147.96
13989,0.1244065062275264,0.0,0.4060394868009427,1,4,65,2,1266.08
13990,0.6919995920920387,-0.3690702464285427,-0.4380339386449969,0,3,213,1,311.3
13991,-0.6595388019259375,0.7712437491614222,0.16816932291586845,1,2,12,6,852.88
13992,-0.2402146898412107,-0.3690702464285427,-1.2756686743518664,0,1,30,1,76.8
13993,-0.08232943326112528,1.0959032742893848,1.0127562733341213,2,2,42,9,3466.36
13994,-1.2282579451576368,0.7712437491614222,0.7588109602206169,2,2,3,6,2274.14
13995,-0.5593496184885577,0.6309297535714574,0.4638720546738334,1,2,15,5,1393.69
13999,-0.7401449642023266,1.3347175194727927,1.084056700001305,2,0,10,12,3901.81
14000,0.6874688981200932,-0.3690702464285427,-0.00875379387908873,0,3,211,1,635.66
14001,-0.04978797918717493,0.2618595071429148,0.6942664249942803,1,4,45,3,2043.08
14002,0.4697041677577397,0.0,-0.11843304852360151,0,4,134,2,529.73
14004,-0.07123663753324773,0.8927892607143721,1.1809675035301488,2,2,43,7,4582.64
14005,-0.786133590193662,0.6309297535714574,0.899998423475425,2,2,9,5,2874.7200000000003
14006,0.396514024062849,0.2618595071429148,0.24076958372031074,1,4,115,3,962.19
14009,0.6569346263371555,0.0,0.0454824065883449,0,4,198,2,695.61
14012,0.8182473718134535,-0.3690702464285427,-0.40517389193251097,0,3,277,1,328.8
14013,0.3752544021003293,0.2618595071429148,-0.18653956664133406,0,4,110,3,473.02
14014,0.20501266850391572,-0.3690702464285427,-0.14697718009327562,0,3,77,1,505.18
14015,0.018560571451014377,-0.3690702464285427,0.21203143367107852,1,4,52,1,917.34
14019,-0.039410904771510984,0.2618595071429148,0.47581803427955316,1,4,46,3,1421.61
14020,-0.5300973070953137,0.0,-0.0020323600280355947,1,1,16,2,642.8
14021,0.5394668318384552,0.2618595071429148,-0.012323735515949945,0,4,155,3,631.9
14022,0.7183251401742233,-0.3690702464285427,-0.23005670612318252,0,3,225,1,440.0
14023,-0.8938037818230972,0.0,-0.05968381477923193,1,1,7,2,584.0699999999999
14024,0.4208476856993334,0.0,-0.40718744250505035,0,3,121,2,327.7
14027,0.08639352236479389,-0.3690702464285427,-1.0902818377491301,0,3,60,1,104.82
14029,0.10955870818052117,0.0,-0.19339335057078372,0,4,63,2,467.66
14030,-0.47642922941217053,1.0000000000000002,0.7808406878637771,2,2,18,8,2358.84
14031,-0.8938037818230972,1.7268330278608421,1.9810474598589183,2,0,7,19,17286.86
14032,-1.3670689647314018,1.261859507142915,0.9207763851981028,2,0,2,11,2975.59
14034,-0.38424214252171446,0.2618595071429148,0.0036419820222012406,1,1,22,3,648.89
14035,-0.2723943026062298,0.6309297535714574,0.47852754465296526,1,2,28,5,1428.02
14036,0.8302465959816574,-0.3690702464285427,-0.017344004300200007,0,3,284,1,626.65
14037,0.6004054945386567,0.0,-0.8872812935256996,0,3,176,2,147.2
14038,0.21115944414923474,0.2618595071429148,0.5319146722782382,1,4,78,3,1560.38
14039,-0.19564314376077413,-0.3690702464285427,-0.8672830509086676,0,1,33,1,152.2
14040,-0.10531069860088949,1.3347175194727927,1.0288709034379944,2,2,40,12,3560.32
14041,0.7987670418999716,-0.3690702464285427,-0.9113000608816285,0,3,266,1,141.41
14044,-0.30687435054077433,0.4649735207179271,0.0013470018152331657,1,4,26,4,646.42
14045,0.370887717430727,0.4649735207179271,0.5691003075643358,1,4,109,4,1659.75
14046,0.8302465959816574,-0.3690702464285427,-0.8564058842214791,0,3,284,1,154.99
14047,-0.836971657636088,0.6309297535714574,0.4259369580918148,1,2,8,5,1308.61
14048,0.8645514704298531,-0.3690702464285427,-0.2726199969197348,0,3,305,1,409.93
14049,-0.5300973070953137,0.4649735207179271,1.2994839125010054,2,2,16,4,5578.719999999999
14050,-0.22489545515401813,0.0,0.08786446299354327,1,1,31,2,746.36
14051,-1.8971662718267155,1.8927892607143728,1.9195706457155923,2,0,0,23,15610.39
14052,-0.45167942685912266,-0.3690702464285427,-0.6320028076685823,0,1,19,1,225.36
14053,0.4325692830688266,0.0,-0.5456062536438788,0,3,124,2,260.25
14054,0.1244065062275264,-0.3690702464285427,-1.1651397676058644,0,3,65,1,92.46
14055,0.3575454287574991,-0.3690702464285427,0.07091928607868647,0,4,106,1,725.6400000000001
14056,-1.562712108492176,1.8927892607143728,1.5281056460765061,2,0,1,23,8152.71
14057,-0.36370647472778334,1.6309297535714573,1.36424347080724,2,0,23,17,6211.66
14059,0.7987670418999716,-0.3690702464285427,-0.7549129458165066,0,3,266,1,183.6
14060,-1.1205877535282016,1.7268330278608421,1.357292530684407,2,0,4,19,6140.42
14062,-0.786133590193662,1.3347175194727927,1.6785643456050523,2,0,9,12,10464.85
14064,-0.2560362830983483,0.6309297535714574,0.43766326487095497,1,2,29,5,1334.34
14066,0.7987670418999716,-0.3690702464285427,-0.8659077146474659,0,3,266,1,152.55
14067,0.10955870818052117,0.0,-0.32664042106097896,0,1,63,2,374.7
14068,0.887642735852813,-0.3690702464285427,-0.5328238251897339,0,3,320,1,265.85
14071,-1.2282579451576368,1.0000000000000002,0.4825418754016114,2,2,3,8,1437.57
14073,-0.2100476571070129,-0.3690702464285427,-0.8718638776623745,0,1,32,1,151.04
14075,-1.1205877535282016,0.2618595071429148,0.22816806373267087,1,2,4,3,942.26
14076,0.4514938797071159,-0.3690702464285427,-1.0161517082435745,0,3,129,1,118.67
14077,-0.10531069860088949,0.6309297535714574,-0.15387474077096555,1,4,40,5,499.42
14078,0.3344541633345393,0.7712437491614222,0.29299105649243445,1,4,101,6,1049.37
14079,0.4325692830688266,-0.3690702464285427,-0.32599908901240426,0,3,124,1,375.1
14080,-0.2100476571070129,-0.3690702464285427,-1.5845728330346283,0,1,32,1,45.6
14081,0.859797586036773,0.0,0.2148338033875441,0,4,302,2,921.62
14082,0.9496248404995995,-0.3690702464285427,-0.7593366918879773,0,3,364,1,182.25
14083,-1.1205877535282016,1.0959032742893848,0.26571921426363976,2,2,4,9,1002.9
14085,-1.3670689647314018,1.6801438592463753,1.159369574580479,2,0,2,18,4421.29
14087,-1.3670689647314018,-0.3690702464285427,-0.7297511833908983,1,1,2,1,191.47
14088,-0.7401449642023266,1.4021735027328797,2.6270283907074403,2,0,10,13,50491.81
14089,0.05366807768314334,-0.3690702464285427,-0.8420508575694969,0,3,56,1,158.75
14090,0.8936182346710904,-0.3690702464285427,-1.279398599010446,0,3,324,1,76.32000000000001
14092,-0.8938037818230972,1.4649735207179273,1.110507511804556,2,0,7,14,4076.91
14093,-0.6595388019259375,-0.3690702464285427,-0.23850688738181272,1,1,12,1,433.86
14096,-1.1205877535282016,1.6309297535714573,2.780777275276067,2,0,4,17,65164.79
14098,-0.15484290499498438,-0.3690702464285427,-0.886671590149698,0,1,36,1,147.35
14099,-0.5300973070953137,1.261859507142915,0.9462642875795697,2,2,16,11,3104.17
14100,0.48030932790813896,-0.3690702464285427,-0.7282500045068862,0,3,137,1,191.95
14101,0.17961125833955535,0.7712437491614222,1.3410168094179098,2,2,73,6,5976.79
14102,-1.0326148013968623,0.6309297535714574,0.32457376911622654,1,2,5,5,1105.88
14104,0.5363638284573033,0.0,-0.6568710889921041,0,3,154,2,216.21
14105,0.7473262069052701,-0.3690702464285427,0.40611083068584397,0,4,239,1,1266.23
14107,0.00936952474314159,0.8927892607143721,0.8629414014096197,1,2,51,7,2703.23
14108,-0.2402146898412107,0.0,-0.04559297950245026,1,1,30,2,597.91
14109,0.17304632220108546,-0.3690702464285427,-0.8996067074483484,0,3,72,1,144.2
14110,-1.2282579451576368,1.3347175194727927,1.31065962766596,2,0,3,12,5683.150000000001
14111,-0.5904904464328878,0.4649735207179271,0.043089771956046824,1,2,14,4,692.85
14112,-0.38424214252171446,0.8927892607143721,0.9084127085554954,2,2,22,7,2915.15
14113,-1.2282579451576368,0.4649735207179271,0.6313389002723694,2,2,3,4,1840.42
14114,0.8112542731361055,0.0,-0.307955583484093,0,3,273,2,386.53
14116,-0.45167942685912266,0.6309297535714574,0.45912152385253363,1,2,19,5,1382.74
14117,0.5008449957020699,-0.3690702464285427,-1.181215985502033,0,3,143,1,90.0
14121,-1.2282579451576368,0.4649735207179271,0.8798452758206528,2,2,3,4,2780.15
14124,0.24648121120320038,-0.3690702464285427,-0.2586304204147519,0,3,84,1,419.58
14125,-0.7401449642023266,0.2618595071429148,0.8668069166096292,1,2,10,3,2720.63
14126,-0.8938037818230972,0.2618595071429148,0.05451603926048365,1,2,7,3,706.1300000000001
14127,0.42478660849442396,0.2618595071429148,0.05755959988708388,1,4,122,3,709.71
14128,0.08639352236479389,0.0,-0.00701447714473407,1,4,60,2,637.5
14129,-1.562712108492176,0.6309297535714574,0.33428514398197007,2,2,1,5,1123.86
14130,0.8861372264790353,-0.3690702464285427,-0.17659041600884906,0,3,319,1,480.91
14132,-1.3670689647314018,1.261859507142915,1.0332062455355486,2,0,2,11,3586.03
14133,0.4514938797071159,0.2618595071429148,-0.03786394135993189,1,4,129,3,605.64
14135,-1.562712108492176,1.5237190142858297,1.1949610526927323,2,0,1,15,4690.31
14138,-1.562712108492176,0.0,0.2430740962142985,1,2,1,2,965.88
14139,-0.039410904771510984,-0.3690702464285427,-0.26404273509283804,0,1,46,1,415.82
14140,-1.2282579451576368,0.0,0.2235435699185228,1,2,3,2,935.05
14141,-1.3670689647314018,0.4649735207179271,0.2105792983072625,1,2,2,4,915.13
14142,0.9613781638636149,-0.3690702464285427,-0.4370505185959028,0,3,373,1,311.81
14143,0.46611667641507204,-0.3690702464285427,-1.0307819803326224,0,3,133,1,115.8
14145,-0.039410904771510984,0.4649735207179271,1.0588907364627993,1,2,46,4,3742.2
14146,-0.836971657636088,0.6309297535714574,1.12713779264904,2,2,8,5,4191.0
14147,0.21115944414923474,0.0,-0.17348436154674976,0,4,78,2,483.4
14148,0.7351099755992296,-0.3690702464285427,-0.8479271248498618,0,3,233,1,157.2
14149,0.7075301628054642,-0.3690702464285427,-0.2210767301978104,0,3,220,1,446.62
14150,-0.16806333096700918,0.0,0.01261673328290256,1,1,35,2,658.6400000000001
14152,0.1924790972569085,0.0,-0.022512968418665163,1,4,75,2,621.29
14154,0.7473262069052701,0.0,0.4427329921348665,1,4,239,2,1345.62
14155,0.7987670418999716,-0.3690702464285427,-1.015748940382438,0,3,266,1,118.75
14157,-0.45167942685912266,0.0,-0.25106881729309916,1,1,19,2,424.89
14158,-0.10531069860088949,-0.3690702464285427,-0.14403153648431266,0,1,40,1,507.66
14159,-0.45167942685912266,1.261859507142915,1.187208352331221,2,0,19,11,4630.35
14161,0.6964881394628443,0.2618595071429148,0.32005936692781584,1,4,215,3,1097.62
14162,0.5921571678236234,0.0,-0.4819356511559339,0,3,173,2,289.36
14163,0.263217525801292,0.4649735207179271,0.8026775256844235,1,4,87,4,2445.91
14164,0.1596422557462171,0.0,0.558859762204554,1,4,70,2,1631.77
14165,0.814763491242678,-0.3690702464285427,-1.0073027717752543,0,3,275,1,120.44
14167,-0.11722526352458314,0.4649735207179271,-0.08222717454991377,1,4,39,4,562.59
14171,0.32004964998830077,-0.3690702464285427,-0.34440120833241855,0,3,98,1,363.79
14173,-0.7401449642023266,0.4649735207179271,-0.2154213863542304,1,1,10,4,450.84
14174,-0.19564314376077413,-0.3690702464285427,-0.9414550351917864,0,1,33,1,134.46
14175,0.07841788023619099,0.2618595071429148,0.9687671186131616,1,4,59,3,3222.3
14176,0.8517688589900415,0.4649735207179271,-0.06711539856569397,0,4,297,4,576.9000000000001
14177,0.25770300448908384,0.4649735207179271,-0.09643427283833074,1,4,86,4,549.46
14178,-0.836971657636088,0.8927892607143721,0.5471150241727105,2,2,8,7,1600.26
14179,-0.10531069860088949,0.0,0.05061693462728121,1,4,40,2,701.57
14180,-0.7401449642023266,1.9656472730442505,1.2023932658617362,2,0,10,25,4748.52
14184,0.1316625130805325,-0.3690702464285427,-0.2126931557156641,0,1,66,1,452.89
14185,0.9039005340781973,-0.3690702464285427,-0.710703602375722,0,3,331,1,197.65
14188,-0.2402146898412107,0.7712437491614222,0.6975831609080031,1,2,30,6,2054.36
14189,-1.3670689647314018,1.5237190142858297,1.1902885254482178,2,0,2,15,4654.08
14191,-1.562712108492176,1.4021735027328797,1.194247623119497,2,0,1,13,4684.76
14193,0.1388110195737654,0.0,0.168529187333529,1,4,67,2,853.39
14194,-1.1205877535282016,1.8135880922155958,1.7274703584273448,2,0,4,21,11349.52
14195,0.6641544422759992,0.0,0.27115779030806986,0,4,201,2,1012.0
14196,0.3575454287574991,-0.3690702464285427,-0.39301689293139935,0,3,106,1,335.52
14198,-0.47642922941217053,0.4649735207179271,0.05047108440189283,1,2,18,4,701.4000000000001
14199,0.7031436292963993,-0.3690702464285427,-0.7490646782329172,0,3,218,1,185.4
14201,0.08639352236479389,0.8927892607143721,0.0887347761206306,1,4,60,7,747.44
14204,-1.3670689647314018,-0.3690702464285427,-0.8735708272399687,1,1,2,1,150.61
14205,-0.5300973070953137,0.0,-0.19462916643021583,1,1,16,2,466.7000000000001
14206,0.7473262069052701,-0.3690702464285427,-0.40634459374196663,0,3,239,1,328.16
14208,0.3001492888863435,-0.3690702464285427,-0.8690954220100297,0,3,94,1,151.74
14209,-0.7401449642023266,0.7712437491614222,0.7031492614082948,2,2,10,6,2073.4300000000003
14210,0.3530147347855537,0.7712437491614222,0.6523791150093454,1,4,105,6,1905.84
14211,0.02757981279376517,1.0959032742893848,0.7499943863573257,2,2,53,9,2241.1
14212,0.27406102399696536,-0.3690702464285427,0.3049836500642572,1,4,89,1,1070.48
14214,-0.2402146898412107,0.6309297535714574,0.266607078503832,1,2,30,5,1004.38
14215,-0.6981606380623229,0.7712437491614222,0.6145122053571697,2,2,11,6,1789.72
14216,-1.2282579451576368,0.4649735207179271,0.6309722158070147,2,2,3,4,1839.3
14217,-1.562712108492176,1.6309297535714573,0.6829267250692701,2,0,1,17,2004.98
14218,-0.08232943326112528,-0.3690702464285427,-0.8028711367743419,0,1,42,1,169.48000000000002
14219,-1.1205877535282016,-0.3690702464285427,-1.1816134957302131,0,1,4,1,89.94
14220,0.7631478001624079,0.0,-0.0118477884519851,0,4,247,2,632.4000000000001
14221,-0.08232943326112528,1.0959032742893848,1.0068945068791049,2,2,42,9,3432.8
14222,0.6031238981391972,-0.3690702464285427,0.03462233031529432,0,3,177,1,683.17
14223,0.28988261725410314,0.2618595071429148,0.25861134118532264,1,4,92,3,991.13
14224,0.3752544021003293,0.4649735207179271,0.2698057217870752,1,4,110,4,1009.73
14226,-0.2723943026062298,0.6309297535714574,0.7428802567209543,1,2,28,5,2214.79
14227,-0.30687435054077433,1.1826583386441383,0.9923562139292056,2,2,26,10,3350.96
14229,0.00936952474314159,0.2618595071429148,0.5268056063296136,1,4,51,3,1547.1999999999998
14231,0.6191203474819041,0.2618595071429148,0.21749964801053057,1,4,183,3,925.71
14232,-0.08232943326112528,0.6309297535714574,0.6957359207378718,1,2,42,5,2048.07
14233,-0.009555071895148155,0.4649735207179271,0.492987472898601,1,4,49,4,1462.72
14234,-0.38424214252171446,0.4649735207179271,0.09409007592121012,1,2,22,4,754.12
14235,0.1924790972569085,0.6309297535714574,0.9541106338944954,1,4,75,5,3144.86
14236,0.22322295655453953,0.0,-0.1642733565638031,0,4,80,2,490.86
14237,0.9613781638636149,-0.3690702464285427,-0.8336214651167387,0,3,373,1,161.0
14238,0.8965784609058102,-0.3690702464285427,-0.8887063379830429,0,3,326,1,146.85
14239,-0.07123663753324773,1.261859507142915,0.7864358829854501,2,2,43,11,2380.85
14240,-0.2402146898412107,0.0,0.1940460611670436,1,4,30,2,890.34
14241,0.6191203474819041,-0.3690702464285427,-0.6638761284073073,0,3,183,1,213.7
14242,0.737167613527003,0.0,-0.5005054759505382,0,3,234,2,280.54999999999995
14243,-0.836971657636088,1.1826583386441383,0.8368761017969254,2,2,8,10,2588.77
14245,0.7053418807652665,0.0,0.5812077196689623,1,4,219,2,1693.45
14246,0.3752544021003293,0.2618595071429148,0.49763876234920784,1,4,110,3,1474.06
14247,0.8199799243494166,-0.3690702464285427,-0.9312639794390851,0,3,278,1,136.76999999999998
14248,0.8846270050181589,-0.3690702464285427,-0.45510162442600915,0,3,318,1,302.58
14250,-0.8938037818230972,0.2618595071429148,0.651813086983176,1,2,7,3,1904.05
14251,-1.562712108492176,0.6309297535714574,0.9010412263261398,2,2,1,5,2879.7
14256,0.7878003115843977,0.0,0.245053054201365,0,4,260,2,969.06
14257,0.11703971637257636,0.6309297535714574,0.9453999542820484,1,4,64,5,3099.7200000000003
14258,-0.786133590193662,1.0959032742893848,1.793797054984711,2,0,9,9,12669.98
14259,0.49409641908075663,-0.3690702464285427,-1.0094904029821268,0,3,141,1,120.0
14261,0.0,0.0,0.35513242534235284,1,4,50,2,1163.45
14262,-0.836971657636088,1.0000000000000002,0.8436933365234555,2,2,8,8,2618.23
14264,0.5363638284573033,0.0,-0.3957992838817535,0,3,154,2,333.97
14267,0.5606464545696141,0.2618595071429148,0.514631190507131,1,4,162,3,1516.24
14270,0.9039005340781973,-0.3690702464285427,-0.16208399391220366,0,3,331,1,492.65
14271,0.7183251401742233,-0.3690702464285427,-1.0490118355881646,0,3,225,1,112.32
14272,0.17961125833955535,0.0,-0.2328511361963863,0,4,73,2,437.96
14273,0.00936952474314159,0.4649735207179271,-0.08503548216313357,1,4,51,4,559.97
14276,0.32004964998830077,0.2618595071429148,0.3320736256906141,1,4,98,3,1119.74
14280,0.6520606923420712,-0.3690702464285427,-0.9433266117717776,0,3,196,1,134.04
14282,-1.2282579451576368,1.5237190142858297,1.0522919859044857,2,0,3,15,3701.44
14284,-0.2402146898412107,0.0,-0.04827573773440909,1,1,30,2,595.25
14285,-0.405690800867787,0.4649735207179271,0.6536956808972687,1,2,21,4,1910.01
14286,-0.36370647472778334,0.2618595071429148,1.1870001034651387,1,2,23,3,4628.75
14287,-0.836971657636088,0.2618595071429148,-0.778109699036944,1,1,8,3,176.63
14288,0.6919995920920387,-0.3690702464285427,-0.24865378197414703,0,3,213,1,426.6
14289,-0.836971657636088,0.7712437491614222,0.20802796024416453,1,2,8,6,911.26
14290,-0.6981606380623229,0.6309297535714574,0.7694477682423679,2,2,11,5,2314.65
14291,-1.562712108492176,1.261859507142915,1.081183733876015,2,0,1,11,3883.25
14292,-0.8938037818230972,1.0959032742893848,1.2178534169824484,2,0,7,9,4871.93
14293,-1.2282579451576368,0.4649735207179271,0.2913765461986628,1,2,3,4,1046.56
14295,-0.10531069860088949,-0.3690702464285427,-0.8145798021820491,0,1,40,1,166.20000000000002
14297,-0.5025174943015487,0.4649735207179271,0.4244255855608677,1,2,17,4,1305.33
14298,-0.836971657636088,2.464973520717927,2.6392631663783015,2,0,8,44,51527.3
14299,-0.836971657636088,1.0959032742893848,1.0938308774321353,2,0,8,9,3965.62
14300,-0.47642922941217053,-0.3690702464285427,-1.6164406118169392,0,1,18,1,43.2
14301,0.40476235077788275,-0.3690702464285427,-0.004527670793156194,0,4,117,1,640.14
14304,0.7118771774576228,-0.3690702464285427,-0.3127647764574473,0,3,222,1,383.45
14305,0.16639083236753036,0.2618595071429148,0.6373766474001805,1,4,71,3,1858.96
14306,0.00936952474314159,0.0,0.7089004480178264,1,4,51,2,2093.32
14307,0.2686697348046577,0.7712437491614222,0.9248385318368225,1,4,88,6,2995.7200000000003
14309,-0.836971657636088,1.0959032742893848,0.7792269859372539,2,2,8,9,2352.53
14311,0.7533202636498529,-0.3690702464285427,-0.4400443305444086,0,3,242,1,310.26
14312,-0.039410904771510984,0.7712437491614222,0.551364460615131,1,2,46,6,1611.59
14314,0.3575454287574991,-0.3690702464285427,-1.0094904029821268,0,3,106,1,120.0
14315,-0.06039313933757419,0.7712437491614222,0.8112906285210992,1,2,44,6,2481.13
14317,0.11703971637257636,-0.3690702464285427,-0.14294244835617562,0,1,64,1,508.58
14320,0.6759524716689128,0.0,-0.1805050716278593,0,3,206,2,477.79
14321,-0.7401449642023266,0.6309297535714574,0.5203675970583557,1,2,10,5,1530.75
14323,0.3923363757767996,0.0,-0.03844044211593784,0,4,114,2,605.06
14326,0.7533202636498529,-0.3690702464285427,-0.7540972849317213,0,3,242,1,183.85
14327,0.5635976280681896,-0.3690702464285427,-0.43735886982484756,0,3,163,1,311.65
14329,-0.5025174943015487,0.8927892607143721,1.2304973995470776,2,2,17,7,4975.24
14331,0.4325692830688266,0.0,-0.19985784252593772,0,4,124,2,462.66
14332,-0.38424214252171446,0.2618595071429148,0.15915948095680896,1,4,22,3,840.21
14333,0.1388110195737654,-0.3690702464285427,-0.2649398778869613,0,1,67,1,415.2
14334,-0.5300973070953137,1.0000000000000002,0.8283072249851421,2,2,16,8,2552.21
14336,-0.5300973070953137,0.4649735207179271,0.5526040067003731,1,2,16,4,1614.91
14338,0.5576771198890786,0.0,-0.05542391115005212,0,4,161,2,588.22
14339,0.7533202636498529,-0.3690702464285427,-0.44147889613045155,0,3,242,1,309.52
14340,0.7031436292963993,-0.3690702464285427,-0.9403881665212053,0,3,218,1,134.7
14341,-0.04978797918717493,1.0000000000000002,0.729733657144584,2,2,45,8,2166.98
14342,-0.405690800867787,0.4649735207179271,0.021612840752040945,1,2,21,4,668.56
14344,0.4440128715150607,1.0000000000000002,0.19376877027842693,1,4,127,8,889.9300000000001
14345,-0.1294414948306238,-0.3690702464285427,-1.0670426509642983,0,1,38,1,108.98
14346,0.4168763434220624,0.0,0.2768306987245753,1,4,120,2,1021.58
14348,0.7878003115843977,-0.3690702464285427,-0.2731482234292147,0,3,260,1,409.57
14349,-0.7401449642023266,-0.3690702464285427,-0.9457414961877552,0,1,10,1,133.5
14350,0.8130120723947015,-0.3690702464285427,-0.4954322114637818,0,3,274,1,282.93
14351,0.5665308611915009,-0.3690702464285427,-1.518491796101247,0,3,164,1,51.0
14352,0.5456136074837743,0.4649735207179271,0.3097347492225309,1,4,157,4,1078.96
14353,0.6964881394628443,-0.3690702464285427,-1.1772552369486817,0,3,215,1,90.6
14354,-1.0326148013968623,0.0,-0.8239522089948891,1,1,5,2,163.62
14355,0.9509449927946468,-0.3690702464285427,-0.7857238986630702,0,3,365,1,174.4
14356,0.21722889980995616,0.0,0.05032519887248978,1,4,79,2,701.23
14357,-0.07123663753324773,-0.3690702464285427,-0.6326421553973268,0,1,43,1,225.12
14359,-0.45167942685912266,0.2618595071429148,0.20863545919659415,1,2,19,3,912.18
14360,-0.22489545515401813,0.4649735207179271,0.7159697318586258,1,2,31,4,2118.03
14362,-0.38424214252171446,-0.3690702464285427,-0.8700431749021411,0,1,22,1,151.5
14364,0.3664811538104963,1.0000000000000002,1.0548763038028146,2,4,108,8,3717.35
14367,-0.836971657636088,1.578901923162566,1.6027539342858665,2,0,8,16,9227.82
14368,0.8861372264790353,-0.3690702464285427,-0.8563672488975274,0,3,319,1,155.0
14371,0.848519585008634,-0.3690702464285427,-1.1154024746819935,0,3,295,1,100.5
14373,0.9416271652029823,-0.3690702464285427,-1.2776084627524182,0,3,358,1,76.55
14375,0.6243367805886427,-0.3690702464285427,-0.6054390348512723,0,3,185,1,235.56
14377,0.639656015275835,0.0,-0.026633488459286196,0,4,191,2,617.05
14379,-0.06039313933757419,0.0,-0.3708976051333578,0,1,44,2,348.1
14381,0.018560571451014377,-0.3690702464285427,-0.6956329022370281,0,1,52,1,202.68
14382,-0.30687435054077433,-0.3690702464285427,-0.028156646247994695,1,1,26,1,615.49
14383,-0.1294414948306238,0.2618595071429148,0.39722811021168297,1,4,38,3,1247.69
14385,-0.786133590193662,0.2618595071429148,-0.6973219040031744,1,1,9,3,202.11
14386,0.8501469570836147,-0.3690702464285427,-0.9071247891645088,0,3,296,1,142.4
14387,-0.2100476571070129,0.2618595071429148,0.5932336063247959,1,4,32,3,1727.6
14388,-0.7401449642023266,1.0000000000000002,0.9669956897099626,2,2,10,8,3212.84
14389,0.1244065062275264,0.0,0.28959038187096847,1,4,65,2,1043.46
14390,-0.7401449642023266,1.0959032742893848,1.1887964840396885,2,0,10,9,4642.57
14393,0.7031436292963993,-0.3690702464285427,-1.3484496240655435,0,3,218,1,67.95
14395,-1.3670689647314018,1.0959032742893848,1.015106925617969,2,0,2,9,3479.91
14396,0.1244065062275264,0.0,-0.1678003590986524,0,4,65,2,487.99
14397,-1.3670689647314018,1.7268330278608421,0.8424794740337612,2,0,2,19,2612.96
14400,0.5205422352001655,-0.3690702464285427,-0.06941415623931005,0,3,149,1,574.7
14401,-1.1205877535282016,1.4021735027328797,1.1067373357563155,2,0,4,13,4051.48
14403,0.4551913335303976,0.4649735207179271,0.4983533674376262,1,4,130,4,1475.81
14404,-0.19564314376077413,0.7712437491614222,0.4874445660171621,1,2,33,6,1449.32
14406,0.4128720435707305,-0.3690702464285427,-0.8496439247516796,0,3,119,1,156.75
14407,0.3620339761283047,0.7712437491614222,0.7271566843179313,1,4,107,6,2157.73
14408,-0.7401449642023266,0.8927892607143721,0.8392590935364947,2,2,10,7,2599.03
14409,0.16639083236753036,0.7712437491614222,0.6990738528976896,1,4,71,6,2059.4500000000003
14410,0.28988261725410314,1.0959032742893848,0.32151137941237734,1,4,92,9,1100.27
14411,0.8723719878624252,-0.3690702464285427,0.30076150551535574,0,4,310,1,1063.0
14412,-0.08232943326112528,0.0,0.1066565640214448,1,4,42,2,770.03
14413,0.9469736505173758,-0.3690702464285427,-1.0042829949633962,0,3,362,1,121.05
14414,0.2846661841473646,0.8927892607143721,0.5069315860292948,1,4,91,7,1496.98
14415,-1.562712108492176,1.4021735027328797,1.328669568423371,2,0,1,13,5855.57
14416,-0.38424214252171446,0.0,-0.16505807960849936,1,1,22,2,490.22
14418,-1.2282579451576368,0.2618595071429148,0.6622259422710113,1,2,3,3,1937.25
14419,-0.7401449642023266,0.7712437491614222,0.2943780309920153,1,2,10,6,1051.79
14420,0.3248990914393916,-0.3690702464285427,-0.30641788580459295,0,3,99,1,387.52
14421,0.062059860728309484,0.0,0.13942383409128592,1,4,57,2,813.11
14422,-1.8971662718267155,0.7712437491614222,1.1374919296259072,2,0,0,6,4263.64
14423,0.7031436292963993,-0.3690702464285427,-0.5342936678777505,0,3,218,1,265.2
14424,-0.5025174943015487,-0.3690702464285427,-0.4175811689192217,0,1,17,1,322.08
14426,-0.36370647472778334,1.1826583386441383,1.1675427914634589,2,0,23,10,4481.67
14427,0.0,0.0,-0.34514513963557414,0,1,50,2,363.34
14428,-0.8938037818230972,0.6309297535714574,0.3857135764832874,1,2,7,5,1224.06
14431,0.859797586036773,-0.3690702464285427,-0.18993114303987832,0,3,302,1,470.36
14432,-0.786133590193662,0.7712437491614222,0.7519802813078895,2,2,9,6,2248.5
14434,-0.405690800867787,0.7712437491614222,0.4547765048856503,1,2,21,6,1372.8
14436,0.32004964998830077,-0.3690702464285427,-1.1874739698348646,0,3,98,1,89.06
14437,0.9509449927946468,-0.3690702464285427,-1.3933492669273388,0,3,365,1,63.0
14438,0.866125747072179,-0.3690702464285427,-0.9529540488114622,0,3,306,1,131.9
14440,-0.836971657636088,0.6309297535714574,0.7805443566295824,2,2,8,5,2357.6800000000003
14441,-1.8971662718267155,0.4649735207179271,0.5880828872852544,2,2,0,4,1712.89
14443,0.02757981279376517,0.4649735207179271,0.47522038857391086,1,4,53,4,1420.2
14446,-1.8971662718267155,0.4649735207179271,0.27017531041649806,2,2,0,4,1010.35
14447,-0.47642922941217053,0.6309297535714574,0.3550185477960474,1,2,18,5,1163.23
14448,-0.786133590193662,0.0,-0.3255986027621859,1,1,9,2,375.35
14449,-0.47642922941217053,0.4649735207179271,0.19096843350415602,1,2,18,4,885.8000000000001
14450,0.6111884094756851,0.2618595071429148,-0.17367102083769903,0,4,180,3,483.25
14451,0.08639352236479389,0.0,-0.0010034765479960126,1,4,60,2,643.9
14452,-0.7401449642023266,0.0,-0.5483809759165896,1,1,10,2,259.05
14453,0.6371363470810009,-0.3690702464285427,-1.0098391685149812,0,3,190,1,119.93
14456,-1.0326148013968623,1.0959032742893848,0.9291590935896786,2,2,5,9,3017.28
14457,0.8723719878624252,-0.3690702464285427,-1.0420319971693581,0,3,310,1,113.64
14459,0.5394668318384552,-0.3690702464285427,0.6305201011553353,1,4,155,1,1837.92
14460,0.3752544021003293,0.2618595071429148,-0.23784200100508743,0,4,110,3,434.34
14461,0.517314695655502,0.2618595071429148,0.7116968733237472,1,4,148,3,2103.06
14462,0.1316625130805325,1.261859507142915,0.6755478136873923,2,2,66,11,1980.57
14463,0.32004964998830077,0.2618595071429148,-0.1185579763818438,1,4,98,3,529.62
14465,0.7611982404886077,0.2618595071429148,0.28668667404814846,1,4,246,3,1038.44
14466,-0.2560362830983483,0.8927892607143721,0.7583498524051832,2,2,29,7,2272.4
14467,-0.5025174943015487,0.4649735207179271,-0.04725568964358121,1,2,17,4,596.26
14470,-0.6981606380623229,0.0,-0.20177166786710418,1,1,11,2,461.19
14472,0.3438236880776809,1.0000000000000002,0.6353350144732502,1,4,103,8,1852.67
14473,0.18608807186562598,0.0,-0.6085553118413312,0,3,74,2,234.34000000000003
14474,-0.039410904771510984,-0.3690702464285427,-0.09840829950374222,0,1,46,1,547.66
14475,0.16639083236753036,0.2618595071429148,0.21759069102307865,1,4,71,3,925.85
14476,0.7822220371687278,-0.3690702464285427,-0.7249791536176744,0,3,257,1,193.0
14477,-0.45167942685912266,0.4649735207179271,0.4263923909363676,1,2,19,4,1309.6
14479,0.7746825812311168,0.0,-0.42855610344935563,0,3,253,2,316.25
14480,-0.6981606380623229,-0.3690702464285427,-0.5037249907420374,1,1,11,1,279.05
14481,0.5665308611915009,0.0,-0.007949681317336086,0,4,164,2,636.51
14482,-0.47642922941217053,0.7712437491614222,0.6882600371143989,2,2,18,6,2022.81
14483,0.8251405656583424,-0.3690702464285427,-0.9298220802280666,0,3,281,1,137.1
14484,0.0,-0.3690702464285427,-0.41787971591518497,0,1,50,1,321.92
14485,-0.1294414948306238,-0.3690702464285427,-0.82696182016539,0,1,38,1,162.8
14487,-0.30687435054077433,0.7712437491614222,0.3561821904858326,1,2,26,6,1165.48
14488,0.1388110195737654,-0.3690702464285427,0.301486112438561,1,4,67,1,1064.28
14489,0.6782778514122204,-0.3690702464285427,-0.19892267133326563,0,3,207,1,463.38
14491,0.5976716891358311,0.0,-0.3834048908635324,0,3,175,2,340.93
14493,-0.8938037818230972,0.6309297535714574,0.7870403337487573,2,2,7,5,2383.24
14494,-0.3250846385913979,-0.3690702464285427,-0.919180723830842,0,1,25,1,139.56
14495,0.0,0.0,-0.9908540231666125,0,1,50,2,123.8
14496,0.8739209951729948,0.0,-0.10820910136742427,0,3,311,2,538.8100000000001
14497,0.8708179917918428,-0.3690702464285427,-0.18355904608534648,0,3,309,1,475.37
14498,-0.08232943326112528,0.6309297535714574,0.6684345463028032,1,2,42,5,1957.32
14499,-0.30687435054077433,0.2618595071429148,0.13595664408362354,1,4,26,3,808.44
14500,0.2686697348046577,0.2618595071429148,-0.35597767585087087,0,4,88,3,356.85
14501,0.6191203474819041,0.0,-0.5668304827610253,0,3,183,2,251.21
14502,-0.45167942685912266,1.261859507142915,0.7987038336800862,2,2,19,11,2429.83
14503,-1.2282579451576368,0.7712437491614222,1.0259768565708782,2,2,3,6,3543.26
14504,-0.029252311393243784,0.4649735207179271,0.025828677260394766,1,4,47,4,673.26
14505,-0.5025174943015487,1.0000000000000002,1.3290666649812375,2,0,17,8,5859.43
14506,-0.5025174943015487,0.6309297535714574,0.6694585153448671,1,2,17,5,1960.65
14507,-0.36370647472778334,0.7712437491614222,0.4526142063158546,1,2,23,6,1367.88
14508,-0.38424214252171446,0.0,-0.5278754047106029,1,1,22,2,268.05
14511,-0.6981606380623229,0.6309297535714574,0.4287835088974839,1,2,11,5,1314.81
14512,0.6294974218975681,0.0,-0.5118934613444455,0,3,187,2,275.28
14513,0.32970027894145965,0.2618595071429148,-0.20911861820426156,0,4,100,3,455.59
14514,0.09423947349332881,0.2618595071429148,0.2580461267677993,1,4,61,3,990.2
14515,-0.5025174943015487,0.7712437491614222,0.7041536704559724,2,2,17,6,2076.89
14517,-0.19564314376077413,0.0,-0.40216612353033976,1,1,33,2,330.45
14518,0.11703971637257636,-0.3690702464285427,-0.7858269904446787,0,3,64,1,174.37
14520,-1.562712108492176,0.0,-0.5221901172875454,1,1,1,2,270.6
14522,-0.3440092352296877,0.4649735207179271,0.24844816053977814,1,2,24,4,974.54
14523,0.3664811538104963,-0.3690702464285427,-0.5915122256955272,0,3,108,1,241.09
14524,-0.22489545515401813,1.0959032742893848,0.6324539518316669,2,2,31,9,1843.83
14525,-0.45167942685912266,1.0959032742893848,1.130707122307762,2,2,19,9,4215.9
14527,-1.3670689647314018,2.664033009875795,1.5537496602511045,2,0,2,55,8507.13
14528,-0.141975066077631,-0.3690702464285427,-0.3436911975754241,0,1,37,1,364.22
14529,0.08639352236479389,0.2618595071429148,-0.06533467335740398,1,4,60,3,578.61
14530,-0.3250846385913979,0.7712437491614222,0.8973498156513613,2,2,25,6,2862.11
14532,0.7412567512445486,0.4649735207179271,0.22212539522414934,1,4,236,4,932.85
14533,-0.3440092352296877,0.8927892607143721,0.6660910231036374,2,2,24,7,1949.72
14534,-1.3670689647314018,1.6801438592463753,1.15609119742152,2,0,2,18,4397.3
14535,0.08639352236479389,0.2618595071429148,0.895817516442842,1,4,60,3,2854.84
14536,0.7859480430416554,-0.3690702464285427,-0.7976965767535983,0,3,259,1,170.95
14537,0.062059860728309484,-0.3690702464285427,-0.35815422204741815,0,1,57,1,355.56
14538,0.11703971637257636,0.0,-0.30528653567200625,0,1,64,2,388.25
14539,-0.5593496184885577,0.0,-0.10969586358367674,1,1,15,2,537.48
14540,-0.786133590193662,0.2618595071429148,0.23477673131546598,1,2,9,3,952.66
14541,0.07030818744334325,1.0000000000000002,0.4891169413669567,1,2,58,8,1453.35
14542,0.6243367805886427,-0.3690702464285427,-1.099290679023798,0,3,185,1,103.25
14543,-0.2723943026062298,1.578901923162566,1.0355037309215347,2,0,28,16,3599.73
14544,-0.3440092352296877,0.0,0.6827223861129996,1,2,24,2,2004.3
14546,-1.0326148013968623,0.6309297535714574,0.833412601507172,2,2,5,5,2573.93
14547,-1.2282579451576368,1.0000000000000002,1.0952165036297032,2,0,3,8,3974.75
14548,0.5237483291410191,0.0,0.0072571539612882865,0,4,150,2,652.8
14549,0.8739209951729948,-0.3690702464285427,-0.48218478312053326,0,3,311,1,289.24
14550,-0.7401449642023266,0.0,0.09667846587022476,1,1,10,2,757.3700000000001
14551,-0.47642922941217053,0.0,-0.7463869758880549,0,1,18,2,186.23
14552,0.5269332605914481,-0.3690702464285427,-0.8217595371520092,0,3,151,1,164.22
14553,-0.45167942685912266,0.6309297535714574,0.1726627663497704,1,2,19,5,859.27
14554,-0.7401449642023266,0.4649735207179271,0.7602265283280878,1,2,10,4,2279.49
14555,0.062059860728309484,0.0,-0.43564566454840115,0,1,57,2,312.54
14557,0.252124730073414,-0.3690702464285427,0.12083220144953045,0,4,85,1,788.38
14560,-0.8938037818230972,1.854049830200271,0.749098594312651,2,0,7,22,2237.77
14561,0.1924790972569085,0.2618595071429148,0.3107384364485558,1,4,75,3,1080.76
14562,-1.2282579451576368,1.6801438592463753,1.234304073138766,2,0,3,18,5006.77
14565,0.3052018519412955,0.4649735207179271,0.945283320070362,1,4,95,4,3099.12
14567,0.05366807768314334,0.0,0.5202141257313558,1,4,56,2,1530.36
14569,-1.562712108492176,-0.3690702464285427,-0.6266219507121399,1,1,1,1,227.39
14570,0.8234264773092309,0.0,-0.6517596378523602,0,3,280,2,218.06
14572,-1.2282579451576368,0.8927892607143721,0.8851076923236796,2,2,3,7,2804.54
14573,0.6085151873315049,1.0959032742893848,0.5618238953137473,1,4,179,9,1639.82
14576,0.960086287957098,-0.3690702464285427,-1.7334568371719736,0,3,372,1,35.400000000000006
14577,-0.6595388019259375,0.4649735207179271,0.17297094467783938,1,2,12,4,859.71
14578,-1.2282579451576368,-0.3690702464285427,-0.8058836270980085,1,1,3,1,168.63
14581,-0.5300973070953137,-0.3690702464285427,-0.923311123108957,0,1,16,1,138.6
14582,-0.10531069860088949,-0.3690702464285427,-1.039566138532045,0,1,40,1,114.11
14583,-1.0326148013968623,0.6309297535714574,0.256072842174006,1,2,5,5,986.96
14584,0.5809353745377399,0.4649735207179271,0.2835591227437379,1,4,169,4,1033.06
14585,0.0,-0.3690702464285427,-0.8484988482784528,0,1,50,1,157.05
14586,0.8165085758314399,-0.3690702464285427,-0.6008704745925941,0,3,276,1,237.36
14587,-0.47642922941217053,1.0959032742893848,0.5395513334649106,2,2,18,9,1580.29
14589,0.9587909439231818,-0.3690702464285427,-1.6654207359936875,0,3,371,1,39.75
14591,-0.5593496184885577,0.4649735207179271,0.43125185568464536,1,2,15,4,1320.21
14592,-0.16806333096700918,0.2618595071429148,-0.08722041767331429,1,4,35,3,557.9399999999999
14593,-0.405690800867787,0.2618595071429148,-0.026535981302338522,1,1,21,3,617.15
14594,-0.8938037818230972,0.0,-0.3451616818765286,1,1,7,2,363.33
14595,-0.45167942685912266,0.7712437491614222,0.5977492130432503,1,2,19,6,1740.6
14597,-0.6981606380623229,0.0,0.1775261641803458,1,1,11,2,866.24
14598,-0.06039313933757419,-0.3690702464285427,-0.6410970758048226,0,1,44,1,221.97
14600,0.8645514704298531,-0.3690702464285427,-0.297471846902469,0,3,305,1,393.33
14601,-0.7401449642023266,-0.3690702464285427,-0.6631467150552194,0,1,10,1,213.96
14603,0.8130120723947015,-0.3690702464285427,0.013858042118627631,0,3,274,1,660.0
14606,-1.562712108492176,3.135485128951194,1.7648683929514897,2,0,1,93,12076.15
14607,-0.5593496184885577,1.4649735207179273,1.9422670548194878,2,0,15,14,16209.5
14608,-1.1205877535282016,0.4649735207179271,0.6129721422678154,2,2,4,4,1785.15
14609,0.17304632220108546,0.4649735207179271,-0.041931079324999954,1,4,72,4,601.56
14616,0.7533202636498529,0.2618595071429148,-0.2782932290713926,0,3,242,3,406.08
14618,-0.786133590193662,0.2618595071429148,-0.09209229893442002,1,1,9,3,553.44
14619,0.7592407718289634,-0.3690702464285427,-0.29577771249065515,0,3,245,1,394.44
14620,0.6736158309628445,0.0,-0.2684544641029836,0,3,205,2,412.78
14621,-1.562712108492176,0.6309297535714574,0.6140543045280906,2,2,1,5,1788.36
14622,0.6217356133035294,-0.3690702464285427,-0.4203858698008287,0,3,184,1,320.58000000000004
14623,-0.2100476571070129,0.6309297535714574,0.19157978612034096,1,2,32,5,886.7
14624,0.062059860728309484,0.0,-0.6306995748820096,0,1,57,2,225.85
14625,0.6520606923420712,0.0,0.2002951126427114,0,4,196,2,899.63
14626,-0.36370647472778334,0.4649735207179271,0.8822502411721941,1,2,23,4,2791.27
14628,0.2846661841473646,0.0,0.02466554206393081,1,4,91,2,671.96
14629,-1.1205877535282016,0.0,0.2364176371973836,1,2,4,2,955.26
14631,0.0,0.2618595071429148,0.2681636797913198,1,4,50,3,1006.98
14632,0.7914836528511833,-0.3690702464285427,-1.0372146266305686,0,3,262,1,114.56
14633,0.7987670418999716,-0.3690702464285427,-0.3764476114163997,0,3,266,1,344.90000000000003
14636,-0.15484290499498438,0.0,-0.033695788322263685,1,1,36,2,609.85
14638,0.0,-0.3690702464285427,-0.2251567463219798,0,1,50,1,443.6
14639,0.018560571451014377,0.7712437491614222,0.9225757439563513,1,2,52,6,2984.49
14640,-0.3440092352296877,0.7712437491614222,0.7129330353634779,1,2,24,6,2107.38
14641,-0.405690800867787,-0.3690702464285427,-1.0589863192193372,0,1,21,1,110.46
14642,0.07030818744334325,-0.3690702464285427,-1.1419880938095277,0,3,58,1,96.12
14643,0.5837653847784572,0.0,0.04392307047190744,0,4,170,2,693.81
14644,0.1388110195737654,0.0,0.1523506350370244,1,4,67,2,830.76
14645,0.5425500075866052,0.0,-0.04641872269484114,0,4,156,2,597.09
14647,0.6641544422759992,-0.3690702464285427,-0.6042173619955812,0,3,201,1,236.04
14649,-1.1205877535282016,0.4649735207179271,0.4677058200835314,1,2,4,4,1402.59
14651,0.1388110195737654,0.0,0.008132255790917359,1,4,67,2,653.75
14652,0.20501266850391572,-0.3690702464285427,-1.039199744656464,0,3,77,1,114.18
14653,-1.562712108492176,0.8927892607143721,0.6589208653630337,2,2,1,7,1926.65
14655,-0.836971657636088,0.4649735207179271,0.6606629667633324,1,2,8,4,1932.23
14656,0.5809353745377399,0.0,-0.47843793685765634,0,3,169,2,291.05
14657,-0.5025174943015487,0.4649735207179271,0.1648711601565718,1,2,17,4,848.22
14658,-1.0326148013968623,0.0,-0.5766113691265989,1,1,5,2,247.15
14659,-0.836971657636088,1.0959032742893848,0.8230248929361581,2,2,8,9,2529.93
14660,0.25770300448908384,0.0,-0.4894968110916112,0,3,86,2,285.74
14661,-0.30687435054077433,-0.3690702464285427,-1.0727136605839298,0,1,26,1,107.95
14662,-0.2723943026062298,0.4649735207179271,0.08382689509973558,1,4,28,4,741.37
14664,-0.45167942685912266,0.0,-0.008204989057823442,1,1,19,2,636.24
14665,0.08639352236479389,0.6309297535714574,0.6297920738749744,1,4,60,5,1835.7
14666,-0.3440092352296877,-0.3690702464285427,-0.7180293961210273,0,1,24,1,195.25
14667,-0.7401449642023266,1.9656472730442505,1.5992972215464178,2,0,10,25,9175.04
14669,0.751330506756602,0.2618595071429148,0.40277719984246696,1,4,241,3,1259.24
14670,0.8234264773092309,0.0,-0.29819062067374125,0,3,280,2,392.86
14672,0.737167613527003,0.0,0.10314446498658304,0,4,234,2,765.55
14673,-1.2282579451576368,0.6309297535714574,0.5962940210225518,2,2,3,5,1736.4
14675,-0.5300973070953137,-0.3690702464285427,-0.047154788647919665,1,1,16,1,596.36
14676,-0.22489545515401813,0.7712437491614222,0.8273693670251974,1,2,31,6,2548.24
14680,-0.3250846385913979,1.578901923162566,2.2877036262560644,2,0,25,16,28754.11
14681,0.16639083236753036,0.2618595071429148,-0.15444106150560935,1,4,71,3,498.95
14682,0.6294974218975681,0.0,-1.5070116064109336,0,3,187,2,52.0
14684,-0.3250846385913979,0.6309297535714574,0.3745162972567336,1,2,25,5,1201.51
14687,0.3575454287574991,-0.3690702464285427,-0.015685082299625175,0,4,106,1,628.38
14688,-0.8938037818230972,1.8135880922155958,1.2995249566862501,2,0,7,21,5579.1
14689,0.6805920782122185,-0.3690702464285427,-1.0464643499956474,0,3,208,1,112.8
14690,-0.06039313933757419,0.0,-0.3590168898116226,0,1,44,2,355.05
14691,-0.2402146898412107,0.6309297535714574,0.7149164628923944,1,2,30,5,2114.33
14692,0.48030932790813896,0.4649735207179271,-0.05202736395059354,1,4,137,4,591.5500000000001
14693,0.7951390897495282,-0.3690702464285427,-0.7909002122093509,0,3,264,1,172.9
14696,-1.1205877535282016,0.8927892607143721,0.7047508772158718,2,2,4,7,2078.9500000000003
14697,0.7031436292963993,0.0,-0.7387740611052795,0,3,218,2,188.61
14698,-1.562712108492176,0.6309297535714574,0.3823638141338698,2,2,1,5,1217.27
14699,0.6942490850373886,-0.3690702464285427,-1.06622120919099,0,3,214,1,109.13
14700,-0.2100476571070129,0.2618595071429148,0.7375006669910624,1,2,32,3,2195.1
14701,-0.7401449642023266,1.0959032742893848,0.8221097772545184,2,2,10,9,2526.09
14702,-1.562712108492176,1.6309297535714573,0.9742560794333066,2,0,1,17,3251.79
14703,-0.5904904464328878,-0.3690702464285427,-0.4249196003747134,1,1,14,1,318.17
14704,-0.6981606380623229,1.0959032742893848,0.5057153039389235,2,2,11,9,1493.96
14705,0.6569346263371555,-0.3690702464285427,-0.7701215530525256,0,3,198,1,179.0
14708,-1.3670689647314018,0.2618595071429148,0.3356284853663609,1,2,2,3,1126.37
14709,-0.5593496184885577,1.4021735027328797,1.223897016740804,2,0,15,13,4921.04
14710,-0.5904904464328878,0.4649735207179271,-0.04401513315452915,1,2,14,4,599.48
14711,-0.7401449642023266,1.261859507142915,0.8925969232862789,2,2,10,11,2839.62
14712,-0.2560362830983483,0.2618595071429148,0.21185421097044801,1,4,29,3,917.07
14713,-0.786133590193662,1.261859507142915,0.8537269641085018,2,2,9,11,2662.2
14714,-0.3440092352296877,-0.3690702464285427,-0.8366424826490272,0,1,24,1,160.19
14715,-0.3440092352296877,0.4649735207179271,0.17831789126068756,1,2,24,4,867.38
14716,-0.07123663753324773,0.0,-0.4453928086913406,0,1,43,2,307.51
14719,-1.562712108492176,0.6309297535714574,0.5401418100035981,2,2,1,5,1581.84
14720,-1.0326148013968623,0.2618595071429148,0.01732198014044223,1,2,5,3,663.8100000000001
14722,0.5140654216740944,-0.3690702464285427,-0.765385640991691,0,3,147,1,180.42
14723,-0.7401449642023266,0.7712437491614222,0.33348091865009866,1,2,10,6,1122.36
14725,-0.3440092352296877,-0.3690702464285427,0.009814405352747349,1,1,24,1,655.58
14727,0.8130120723947015,-0.3690702464285427,-0.5266893336672042,0,3,274,1,268.58
14729,0.9613781638636149,-0.3690702464285427,-0.43382231984929487,0,3,373,1,313.49
14730,-1.562712108492176,1.0000000000000002,0.6497595452380928,2,2,1,8,1897.57
14731,-0.029252311393243784,0.2618595071429148,-0.31816602402964855,1,1,47,3,380.02
14732,-0.836971657636088,1.0000000000000002,0.8627764550413686,2,2,8,8,2702.49
14733,-0.5300973070953137,1.3347175194727927,1.6256968597390506,2,0,16,12,9585.91
14735,-1.2282579451576368,2.1826583386441385,1.349913875679087,2,0,3,32,6065.6900000000005
14737,-1.2282579451576368,0.2618595071429148,0.3557014905428756,1,2,3,3,1164.55
14738,-0.08232943326112528,0.8927892607143721,0.428618592449673,1,2,42,7,1314.45
14739,-1.1205877535282016,0.8927892607143721,1.0841292754177194,2,2,4,7,3902.28
14740,0.6545038133228402,0.2618595071429148,0.4869831202936184,1,4,197,3,1448.21
14741,-0.6981606380623229,0.7712437491614222,0.46673891060888895,1,2,11,6,1400.34
14744,-0.5300973070953137,0.8927892607143721,0.32135265029044696,1,2,16,7,1099.98
14745,0.3838709768396838,0.6309297535714574,0.3838411882119305,1,4,112,5,1220.26
14747,0.7670234464033656,-0.3690702464285427,-0.4062713582189677,0,3,249,1,328.2
14748,-0.2560362830983483,0.6309297535714574,0.4733303056462357,1,2,29,5,1415.75
14752,-0.07123663753324773,-0.3690702464285427,-0.3031381752627446,0,1,43,1,389.64
14753,0.263217525801292,-0.3690702464285427,-0.08162861920954069,0,3,87,1,563.15
14754,-0.06039313933757419,0.0,-0.006495545634959509,1,4,44,2,638.05
14755,-0.786133590193662,1.261859507142915,1.234726358301356,2,0,9,11,5010.28
14756,-0.5593496184885577,-0.3690702464285427,0.08186715824895942,1,1,15,1,738.96
14757,0.1924790972569085,-0.3690702464285427,-0.25731349894047856,0,3,75,1,420.5
14758,0.504184215692284,0.4649735207179271,0.5017108542139691,1,4,144,4,1484.06
14759,-1.1205877535282016,0.2618595071429148,0.5567150416094303,1,2,4,3,1625.97
14760,0.8517688589900415,-0.3690702464285427,-1.1865378014117638,0,3,297,1,89.2
14761,0.07030818744334325,0.0,-0.5557259898057998,0,1,58,2,255.9
14762,0.7933148328966054,-0.3690702464285427,-0.45920524290956644,0,3,263,1,300.52
14764,-0.039410904771510984,-0.3690702464285427,-0.5053412205542183,0,1,46,1,278.3
14765,-0.2560362830983483,0.2618595071429148,-0.5599400582898098,1,1,29,3,254.11
14766,-0.836971657636088,0.7712437491614222,0.8094034534213642,2,2,8,6,2473.37
14768,-0.5025174943015487,0.0,-0.7262230998503563,0,1,17,2,192.6
14769,-1.3670689647314018,1.0000000000000002,1.675801355873648,2,0,2,8,10416.98
14770,0.7330435254907093,0.0,0.18455959361820273,0,4,232,2,876.42
14772,0.3838709768396838,-0.3690702464285427,-0.9204684354576231,0,3,112,1,139.26
14775,0.07030818744334325,0.2618595071429148,0.27109829164216664,1,4,58,3,1011.9
14776,0.00936952474314159,1.261859507142915,0.8250147570689038,2,2,51,11,2538.3
14778,0.4440128715150607,0.0,0.07523339549774583,0,4,127,2,730.86
14779,0.8234264773092309,0.2618595071429148,-0.308546854403606,0,3,280,3,386.15
14780,0.036433554096187475,0.0,-0.2196511951364123,0,1,54,2,447.68
14782,0.8861372264790353,-0.3690702464285427,-0.703315918867033,0,3,319,1,200.1
14784,-0.30687435054077433,0.0,-0.48062939522689113,1,1,26,2,289.99
14785,-0.7401449642023266,0.0,-1.271038497398851,0,1,10,2,77.4
14788,-0.8938037818230972,0.0,0.03132754898857761,1,1,7,2,679.44
14789,-0.2723943026062298,-0.3690702464285427,-0.7107339425169744,0,1,28,1,197.64
14790,-0.5300973070953137,0.4649735207179271,0.0868151942621642,1,2,16,4,745.06
14792,0.10955870818052117,-0.3690702464285427,-2.7101114111941187,0,3,63,1,6.2
14793,-0.405690800867787,-0.3690702464285427,-0.6224144779007934,0,1,21,1,228.99
14794,-1.3670689647314018,0.8927892607143721,0.431114990196696,2,2,2,7,1319.91
14795,0.5723443696223416,-0.3690702464285427,-0.9549982285069609,0,3,166,1,131.45000000000002
14796,-1.562712108492176,1.6309297535714573,1.5148617523378194,2,0,1,17,7975.49
14798,0.018560571451014377,0.2618595071429148,-0.7879960013461347,0,1,52,3,173.74
14799,0.00936952474314159,-0.3690702464285427,-0.8460252875639904,0,1,51,1,157.7
14800,-0.029252311393243784,1.3347175194727927,1.1470469482988475,2,0,47,12,4331.79
14801,0.09423947349332881,-0.3690702464285427,-0.7364581484405445,0,3,61,1,189.34
14803,0.5606464545696141,0.2618595071429148,0.16297327510814033,1,4,162,3,845.55
14804,-0.836971657636088,-0.3690702464285427,-0.36203748203838976,1,1,8,1,353.27
14805,-0.5593496184885577,0.4649735207179271,-0.09979397532732064,1,1,15,4,546.4000000000001
14806,0.1924790972569085,-0.3690702464285427,-0.7237687730416863,0,3,75,1,193.39
14808,-0.11722526352458314,1.0000000000000002,0.8663572152441689,2,2,39,8,2718.6000000000004
14810,-0.10531069860088949,1.261859507142915,0.7065967331256611,2,2,40,11,2085.33
14813,0.9561897766380689,0.0,-0.864613837347305,0,3,369,2,152.88
14815,-0.15484290499498438,0.0,0.11324121543686091,1,4,36,2,778.5
14816,0.6545038133228402,-0.3690702464285427,-0.5194226786121074,0,3,197,1,271.85
14817,0.6617598201758463,0.0,0.32699734185810925,1,4,200,2,1110.34
14818,0.17961125833955535,0.2618595071429148,0.011848763369136001,1,4,73,3,657.8
14819,0.11703971637257636,0.0,-0.5189369217647719,0,1,64,2,272.07
14820,-0.405690800867787,0.4649735207179271,-0.1444700948245997,1,1,21,4,507.29
14821,0.9522615430325725,-0.3690702464285427,-1.5445453971631393,0,3,366,1,48.8
14823,0.6111884094756851,0.2618595071429148,-0.41879493713555155,0,3,180,3,321.43
14824,-0.7401449642023266,0.4649735207179271,0.336344423649498,1,2,10,4,1127.71
14825,-1.2282579451576368,1.3347175194727927,0.744569717738261,2,0,3,12,2221.01
14828,0.6520606923420712,0.2618595071429148,0.7221186758299531,1,4,196,3,2139.76
14829,-0.2560362830983483,0.4649735207179271,0.04715851932235682,1,4,29,4,697.55
14830,0.02757981279376517,-0.3690702464285427,-0.7379164532836369,0,1,53,1,188.88
14834,-0.5025174943015487,0.7712437491614222,0.5906830070392365,1,2,17,6,1720.3
14836,-0.7401449642023266,0.2618595071429148,-1.1039334885856493,0,1,10,3,102.45
14837,0.27406102399696536,0.4649735207179271,0.5653690217819871,1,4,89,4,1649.5
14840,0.8005708397496115,-0.3690702464285427,-1.3947634836163862,0,3,267,1,62.85
14841,0.02757981279376517,0.7712437491614222,0.9823484686077738,1,2,53,6,3295.76
14842,-0.07123663753324773,0.4649735207179271,0.8894208851102186,1,2,43,4,2824.69
14844,0.10955870818052117,0.4649735207179271,0.9626613231175721,1,4,63,4,3189.81
14847,0.517314695655502,-0.3690702464285427,-0.44171185048590383,0,3,148,1,309.4
14849,-0.405690800867787,1.9656472730442505,1.5114557912448736,2,0,21,25,7930.54
14850,0.8739209951729948,-0.3690702464285427,-0.41077353557741986,0,3,311,1,325.75
14851,-0.36370647472778334,0.0,-0.13967517917592448,1,1,23,2,511.35
14852,0.07030818744334325,0.7712437491614222,0.8919749470494925,1,2,58,6,2836.69
14853,-0.3440092352296877,0.0,-0.18301526593287593,1,1,24,2,475.8
14854,0.21115944414923474,0.8927892607143721,0.8710877134484614,1,4,78,7,2740.03
14855,0.4128720435707305,0.0,0.0006297721579243285,0,4,119,2,645.6500000000001
14856,-0.15484290499498438,0.2618595071429148,0.4175584455368036,1,4,36,3,1290.53
14857,0.07841788023619099,0.0,0.36011672113141635,1,4,59,2,1173.12
14859,-0.6595388019259375,0.4649735207179271,0.44635625718202937,1,2,12,4,1353.74
14860,-0.45167942685912266,-0.3690702464285427,-0.7999088074748908,0,1,19,1,170.32
14861,0.018560571451014377,-0.3690702464285427,-0.9813196095013395,0,3,52,1,125.79
14862,-0.3250846385913979,0.0,0.15986835744822256,1,1,25,2,841.2
14863,-0.2560362830983483,-0.3690702464285427,-0.5307720490940716,0,1,29,1,266.76
14865,-0.8938037818230972,0.0,-1.504741578357152,0,1,7,2,52.2
14866,-0.7401449642023266,1.3347175194727927,1.8705086975332206,2,0,10,12,14389.9
14867,0.6243367805886427,0.2618595071429148,0.05804277390067404,0,4,185,3,710.28
14868,-1.2282579451576368,1.0000000000000002,0.9163053426752062,2,2,3,8,2953.59
14869,-0.836971657636088,0.0,0.06743394643718092,1,1,8,2,721.45
14870,0.7896454968649371,-0.3690702464285427,-0.40801311058791073,0,3,261,1,327.25
14871,-1.2282579451576368,0.4649735207179271,-0.15163876208473695,1,2,3,4,501.28
14873,0.6851874973553377,-0.3690702464285427,-0.12995516915326175,0,3,210,1,519.68
14875,0.3620339761283047,0.0,0.4940570821355468,1,4,107,2,1465.32
14878,-0.6595388019259375,1.0959032742893848,0.498467625663377,2,2,12,9,1476.09
14880,0.20501266850391572,0.2618595071429148,0.041123487553955014,1,4,77,3,690.59
14881,-0.45167942685912266,-0.3690702464285427,-0.5569001412306954,0,1,19,1,255.4
14882,-0.30687435054077433,0.0,-0.05391197095623536,1,1,26,2,589.7
14883,-0.47642922941217053,0.7712437491614222,0.10002288735592038,1,2,18,6,761.59
14885,0.45886066956206595,-0.3690702464285427,0.10296360281266231,0,4,131,1,765.3199999999999
14886,0.7727791651026745,-0.3690702464285427,-0.3427348317301647,0,3,252,1,364.8
14887,0.21722889980995616,-0.3690702464285427,0.6383609090006134,1,4,79,1,1862.0
14888,0.6782778514122204,-0.3690702464285427,-0.33552864903982776,0,3,207,1,369.2
14889,0.9111131551142568,-0.3690702464285427,-0.935081968761916,0,3,336,1,135.9
14890,0.7746825812311168,-0.3690702464285427,-0.9819854621811944,0,3,253,1,125.65
14891,0.517314695655502,0.0,-0.09107135794019824,0,4,148,2,554.38
14893,-0.786133590193662,0.0,0.3924599315185706,1,2,9,2,1237.85
14894,0.252124730073414,-0.3690702464285427,0.009970432544168484,0,4,85,1,655.75
14895,-0.8938037818230972,1.7712437491614224,1.7161714818914784,2,0,7,20,11138.71
14896,0.6712678196976245,0.0,-0.19196759022914486,0,3,204,2,468.77
14897,-0.8938037818230972,0.4649735207179271,0.4519534228418972,1,2,7,4,1366.38
14898,-0.36370647472778334,0.7712437491614222,0.4075738944860498,1,2,23,6,1269.31
14901,-0.6981606380623229,1.0959032742893848,0.4756824503530449,2,2,11,9,1421.29
14902,-0.3250846385913979,-0.3690702464285427,-0.3981609104438016,0,1,25,1,332.66
14903,-0.405690800867787,0.6309297535714574,0.8831259269889383,2,2,21,5,2795.33
14904,-1.3670689647314018,0.0,0.27910143581067054,1,2,2,2,1025.44
14905,0.5456136074837743,0.0,-0.027511763488738267,0,4,157,2,616.1500000000001
14907,-1.2282579451576368,0.8927892607143721,1.0187646826828813,2,2,3,7,3501.1
14908,0.18608807186562598,-0.3690702464285427,-0.5064211200292654,0,3,74,1,277.8
14910,-1.3670689647314018,0.4649735207179271,-0.23782815700238175,1,2,2,4,434.35
14913,-0.16806333096700918,0.4649735207179271,0.38736923632039966,1,4,35,4,1227.43
14915,0.2846661841473646,0.0,-0.44545141823797063,0,3,91,2,307.48
14916,0.1596422557462171,0.4649735207179271,0.4074173074240013,1,4,70,4,1268.98
14918,0.396514024062849,0.0,0.5508260324805785,1,4,115,2,1610.15
14920,0.6897395628415309,0.0,0.2504403686122928,0,4,212,2,977.77
14921,-0.2402146898412107,0.0,0.4293603613518704,1,4,30,2,1316.07
14923,0.0,-0.3690702464285427,0.09007003402581226,1,4,50,1,749.1
14924,0.7592407718289634,-0.3690702464285427,-0.4404510900993485,0,3,245,1,310.05
14929,-0.2100476571070129,-0.3690702464285427,-0.635956300122502,0,1,32,1,223.88
14944,-0.2560362830983483,1.3347175194727927,1.3332500767781565,2,0,29,12,5900.250000000001
14946,-0.5904904464328878,-0.3690702464285427,-1.1130320026555336,0,1,14,1,100.9
14947,0.17304632220108546,0.0,-0.47891276552293766,0,3,72,2,290.82
14948,-0.36370647472778334,0.7712437491614222,0.32244102060749685,1,2,23,6,1101.9699999999998
14950,-0.45167942685912266,-0.3690702464285427,-0.3322813796767593,1,1,19,1,371.2
14951,0.21722889980995616,-0.3690702464285427,-0.43728176722637624,0,3,79,1,311.69
14952,0.07841788023619099,1.261859507142915,1.524158928452673,2,0,59,11,8099.490000000001
14953,-0.3250846385913979,-0.3690702464285427,-0.48964396032763385,0,1,25,1,285.67
14954,-0.6595388019259375,-0.3690702464285427,-0.4706466101306474,1,1,12,1,294.85
14957,0.7746825812311168,-0.3690702464285427,-1.4373908764172372,0,3,253,1,58.49
14958,0.5140654216740944,0.2618595071429148,-0.17307391448496545,0,4,147,3,483.73
14959,0.11703971637257636,0.4649735207179271,0.04531800032213675,1,4,64,4,695.42
14960,-0.836971657636088,0.0,-0.642992164128624,1,1,8,2,221.27
14961,-0.7401449642023266,1.0959032742893848,1.4400774703126167,2,0,10,9,7044.68
14962,0.8059421237443439,-0.3690702464285427,-0.9770094062155306,0,3,270,1,126.7
14963,-0.786133590193662,0.6309297535714574,0.49693558102840185,1,2,9,5,1472.34
14964,0.7631478001624079,-0.3690702464285427,-0.685277068942437,0,3,247,1,206.21
14965,0.31020205588786276,0.0,-0.04742726011417066,0,4,96,2,596.0899999999999
14966,-0.5904904464328878,-0.3690702464285427,-0.7568095412004849,0,1,14,1,183.02
14967,-0.009555071895148155,-0.3690702464285427,-0.1983778241642226,0,1,49,1,463.8
14968,-0.2402146898412107,-0.3690702464285427,-0.8856973458708296,0,1,30,1,147.59
14970,0.14585516457359943,0.4649735207179271,0.5440207298696106,1,4,68,4,1592.06
14971,-0.16806333096700918,0.2618595071429148,0.3202568269085414,1,4,35,3,1097.98
14972,0.44776787383418837,-0.3690702464285427,-1.036120386373963,0,3,128,1,114.77
14973,0.3620339761283047,0.2618595071429148,0.428618592449673,1,4,107,3,1314.45
14974,-0.141975066077631,-0.3690702464285427,-1.1816134957302131,0,1,37,1,89.94
14975,0.062059860728309484,-0.3690702464285427,-0.5018126711111542,0,1,57,1,279.94
14976,0.062059860728309484,0.8927892607143721,0.12272271361755857,1,4,57,7,790.86
14978,0.17304632220108546,0.6309297535714574,0.6572677755817136,1,4,72,5,1921.37
14981,0.7611982404886077,-0.3690702464285427,-1.1058591161404672,0,3,246,1,102.12
14984,-0.45167942685912266,0.0,-0.6965508949858912,0,1,19,2,202.37
14985,0.6569346263371555,0.0,-0.47646007275616414,0,3,198,2,292.01
14987,-0.5593496184885577,0.0,-0.4095757987978219,1,1,15,2,326.4
14988,0.6874688981200932,-0.3690702464285427,-0.39477458813628524,0,3,211,1,334.54
14995,-0.1294414948306238,0.0,-0.6146296393804719,0,1,38,2,231.98
14997,-0.039410904771510984,0.2618595071429148,-0.10001421714807153,1,4,46,3,546.1999999999999
14998,0.5837653847784572,0.0,-0.26541793450055046,0,3,170,2,414.87
15000,-0.029252311393243784,-0.3690702464285427,-0.16469011346007803,0,1,47,1,490.52
15002,0.396514024062849,0.4649735207179271,0.562536058320864,1,4,115,4,1641.76
15004,0.5140654216740944,-0.3690702464285427,0.3840928206435515,0,4,147,1,1220.77
15005,-0.5593496184885577,2.065044752110663,1.3723099760970545,2,0,15,28,6295.37
15006,0.00936952474314159,-0.3690702464285427,-0.17725361536147172,0,1,51,1,480.38
15007,0.5516830631444957,-0.3690702464285427,-0.8490329465727355,0,3,159,1,156.91
15009,-0.6595388019259375,0.2618595071429148,0.4028680577731078,1,2,12,3,1259.43
15010,-0.16806333096700918,-0.3690702464285427,-0.44260567725597216,0,1,35,1,308.94
15012,0.02757981279376517,0.0,-0.2798349443090035,0,1,53,2,405.04
15014,-0.07123663753324773,0.0,-0.5515877794236456,0,1,43,2,257.67
15016,0.5893760917508755,-0.3690702464285427,-0.8008946336440879,0,3,172,1,170.04
15017,-0.19564314376077413,-0.3690702464285427,-0.9823186645867464,0,1,33,1,125.58
15018,-0.1294414948306238,0.2618595071429148,-0.1577532270803301,1,1,38,3,496.21
15019,0.7987670418999716,-0.3690702464285427,-0.5630191314669543,0,3,266,1,252.81
15021,-0.836971657636088,1.0959032742893848,0.6415133041871892,2,2,8,9,1871.77
15022,-0.6981606380623229,0.4649735207179271,0.16782336831157094,1,2,11,4,852.39
15023,-1.2282579451576368,1.261859507142915,1.411680619124186,2,0,3,11,6720.41
15024,-0.786133590193662,1.1826583386441383,0.5605774219132748,2,2,9,10,1636.43
15025,-0.19564314376077413,-0.3690702464285427,-0.34743227175023905,0,1,33,1,361.96
15026,0.22322295655453953,0.2618595071429148,-0.19167258378715082,1,4,80,3,469.0
15027,-0.2402146898412107,0.4649735207179271,0.3025431542498323,1,2,30,4,1066.15
15028,-0.836971657636088,0.4649735207179271,-0.01688326747167623,1,2,8,4,627.13
15030,0.16639083236753036,0.0,-0.1315778641411475,0,4,71,2,518.28
15031,-1.1205877535282016,0.4649735207179271,0.0076165600483667495,1,2,4,4,653.19
15032,0.780348188744373,0.2618595071429148,1.2285394445715656,1,4,256,3,4959.1
15033,-1.1205877535282016,1.1826583386441383,0.8294792658080099,2,2,4,10,2557.18
15034,-0.5593496184885577,1.0000000000000002,1.1389768169224672,2,2,15,8,4274.16
15035,0.27406102399696536,-0.3690702464285427,-0.5632091276810908,0,3,89,1,252.73
15036,0.17304632220108546,0.2618595071429148,-0.24449610831719337,1,4,72,3,429.56
15038,0.07030818744334325,0.7712437491614222,0.036882025810177986,1,4,58,6,685.74
15039,-0.786133590193662,2.5237190142858306,2.061831782074241,2,0,9,47,19766.59
15041,0.5837653847784572,-0.3690702464285427,-0.7670156624104562,0,3,170,1,179.93
15042,0.6593532547739307,-0.3690702464285427,-0.9349499105349456,0,3,199,1,135.93
15043,-0.22489545515401813,-0.3690702464285427,-0.11023334138604378,1,1,31,1,537.0
15044,-0.45167942685912266,1.6309297535714573,1.4885482801745056,2,0,19,17,7634.73
15045,0.5269332605914481,0.0,0.07917332227325667,0,4,151,2,735.66
15046,-0.786133590193662,1.5237190142858297,1.2442883028966112,2,0,9,15,5090.42
15047,0.8041583310922792,-0.3690702464285427,-0.3786820037740087,0,3,269,1,343.62
15048,0.1244065062275264,0.4649735207179271,-0.31661786480489584,1,4,65,4,381.0
15049,0.8112542731361055,-0.3690702464285427,-1.0036907173930603,0,3,273,1,121.17000000000002
15050,-0.3250846385913979,0.2618595071429148,0.5967413468253038,1,2,25,3,1737.69
15051,-0.36370647472778334,0.2618595071429148,0.459391506065915,1,2,23,3,1383.36
15052,0.8861372264790353,-0.3690702464285427,-0.6808721282472497,0,3,319,1,207.73
15053,-1.1205877535282016,0.2618595071429148,0.044044496967553436,1,2,4,3,693.95
15054,-0.6595388019259375,0.0,-0.4560553136642804,1,1,12,2,302.1
15057,0.814763491242678,0.0,0.5039145716288412,1,4,275,2,1489.5
15058,-0.3250846385913979,1.261859507142915,0.7115479049312194,2,2,25,11,2102.54
15059,-0.10531069860088949,1.0959032742893848,0.4391868650533061,1,2,40,9,1337.72
15060,-0.836971657636088,0.4649735207179271,-0.471870143088394,1,1,8,4,294.25
15061,-1.2282579451576368,2.5424874983228447,2.6734442816708266,2,0,3,48,54534.14
15062,0.16639083236753036,0.4649735207179271,0.25662162516858994,1,4,71,4,987.86
15063,0.6919995920920387,-0.3690702464285427,-0.3329294353690677,0,3,213,1,370.8
15065,-0.141975066077631,0.4649735207179271,0.9566475867343657,1,2,37,4,3158.13
15066,0.02757981279376517,-0.3690702464285427,0.19623959652786668,1,4,53,1,893.59
15067,0.21115944414923474,0.2618595071429148,0.5991870908706327,1,4,78,3,1744.7599999999998
15068,-0.039410904771510984,0.0,-0.09217926743901218,1,1,46,2,553.3599999999999
15069,0.6085151873315049,-0.3690702464285427,0.3265579099133002,0,4,179,1,1109.53
15070,0.960086287957098,-0.3690702464285427,-1.0824729350097122,0,3,372,1,106.2
15071,0.29504325856302854,0.0,0.2530823563522652,1,4,93,2,982.0700000000002
15073,-0.786133590193662,0.2618595071429148,0.2895615293461156,1,2,9,3,1043.41
15074,0.3530147347855537,-0.3690702464285427,0.0791815036275467,0,4,105,1,735.67
15075,0.20501266850391572,-0.3690702464285427,0.10899702650127063,0,4,77,1,773.03
15076,0.5893760917508755,-0.3690702464285427,0.1875948639662979,0,4,172,1,880.85
15078,-0.8938037818230972,2.1826583386441385,1.635499263273616,2,0,7,32,9743.11
15079,0.6897395628415309,0.4649735207179271,0.19759895095213878,1,4,212,4,895.61
15081,-0.38424214252171446,0.6309297535714574,-0.14742980340669962,1,2,22,5,504.8
15083,0.780348188744373,-0.3690702464285427,-1.1932568424147794,0,3,256,1,88.2
15087,0.8251405656583424,-0.3690702464285427,-0.44650736587293777,0,3,281,1,306.94
15088,-0.405690800867787,0.0,0.353380473519643,1,4,21,2,1160.0700000000002
15089,-0.7401449642023266,0.7712437491614222,0.7964707517259368,2,2,10,6,2420.84
15090,0.8692589747236188,-0.3690702464285427,-0.3161132034936196,0,3,308,1,381.32
15091,0.1388110195737654,-0.3690702464285427,-0.17684059418880846,0,1,67,1,480.71
15092,0.6964881394628443,0.0,-0.20619535345330622,0,3,215,2,457.81000000000006
15093,-0.47642922941217053,0.7712437491614222,1.1828553351960136,2,2,18,6,4597.02
15095,0.3438236880776809,0.4649735207179271,0.4538105821767393,1,4,103,4,1370.6
15096,-0.08232943326112528,-0.3690702464285427,-0.6481115210881069,0,1,42,1,219.39
15097,-1.1205877535282016,-0.3690702464285427,-0.5743568632928057,1,1,4,1,248.08
15098,0.6164908294601078,0.2618595071429148,2.4853861139883957,2,4,182,3,39916.5
15099,0.24648121120320038,-0.3690702464285427,-0.2718138770911931,0,3,84,1,410.48
15100,0.9067985329568811,0.2618595071429148,0.18427103040772627,0,4,333,3,876.0
15101,-0.836971657636088,0.0,-0.42612933172299916,1,1,8,2,317.53
15103,-0.22489545515401813,0.0,0.05215051311253549,1,1,31,2,703.36
15104,0.6520606923420712,0.0,0.2600735747678556,0,4,196,2,993.54
15105,-0.47642922941217053,0.8927892607143721,0.7653423900579454,2,2,18,7,2298.93
15106,-0.5025174943015487,0.6309297535714574,0.4762034344532957,1,2,17,5,1422.52
15107,0.8739209951729948,0.7712437491614222,-0.42241336696161036,0,4,311,6,319.5
15109,0.7592407718289634,-0.3690702464285427,-0.1715589264254227,0,3,245,1,484.95
15110,-0.36370647472778334,0.4649735207179271,0.26162294281961596,1,2,23,4,996.1
15111,-0.2560362830983483,0.2618595071429148,0.5346490557101453,1,4,29,3,1567.48
15113,-0.786133590193662,0.2618595071429148,1.0201965266879338,2,2,9,3,3509.43
15114,-0.2402146898412107,1.1826583386441383,0.8755849842785602,2,2,30,10,2760.56
15115,-0.47642922941217053,-0.3690702464285427,-0.38485197291073586,0,1,18,1,340.11
15116,-0.5025174943015487,0.4649735207179271,0.44591566862900384,1,2,17,4,1352.75
15117,-0.5904904464328878,0.6309297535714574,0.528585901692357,1,2,14,5,1551.78
15118,0.4697041677577397,-0.3690702464285427,-0.5823461044849702,0,3,134,1,244.8
15119,0.7592407718289634,-0.3690702464285427,-0.5315829058756225,0,3,245,1,266.4
15120,0.46611667641507204,-0.3690702464285427,-0.3526688968811473,0,3,133,1,358.82
15121,0.0,0.0,-0.20631358883829418,1,1,50,2,457.72
15122,0.3923363757767996,0.2618595071429148,0.5596012416259617,1,4,114,3,1633.78
15123,-0.8938037818230972,0.0,0.7386549419486744,1,2,7,2,2199.31
15124,-0.38424214252171446,0.0,-0.7529897546764549,0,1,22,2,184.19
15125,-0.3250846385913979,1.5237190142858297,1.7368986724697637,2,0,25,15,11528.48
15127,0.1244065062275264,-0.3690702464285427,-0.2776273612114664,0,1,65,1,406.53
15128,0.08639352236479389,0.4649735207179271,0.4963871845908684,1,4,60,4,1471.0
15129,0.0,1.261859507142915,1.009451628887332,2,2,50,11,3447.4
15130,0.5809353745377399,-0.3690702464285427,-0.40278467945931634,0,3,169,1,330.11
15132,-0.47642922941217053,0.6309297535714574,0.25053888286671266,1,2,18,5,977.93
15133,0.4440128715150607,0.2618595071429148,0.2532968930239486,1,4,127,3,982.42
15134,-0.5904904464328878,1.0000000000000002,0.461403848777139,2,2,14,8,1387.99
15135,0.7473262069052701,-0.3690702464285427,-0.9213714734383712,0,3,239,1,139.05
15136,-1.3670689647314018,0.4649735207179271,0.41576852292837296,2,2,2,4,1286.7
15139,0.7473262069052701,0.0,-0.7702554994328473,0,3,239,2,178.96
15140,0.018560571451014377,0.8927892607143721,0.779667282503091,1,2,52,7,2354.25
15142,-0.039410904771510984,-0.3690702464285427,-0.1546942705331576,0,1,46,1,498.74
15143,0.7183251401742233,-0.3690702464285427,-0.5474546483785709,0,3,225,1,259.45
15144,-0.836971657636088,1.6309297535714573,1.3989973406480958,2,0,8,17,6580.4400000000005
15145,-1.1205877535282016,0.4649735207179271,0.3711085808856786,1,2,4,4,1194.73
15146,0.5665308611915009,0.0,0.43441390339554814,1,4,164,2,1327.16
15147,0.7493325106808756,-0.3690702464285427,-0.020376361402185312,0,3,240,1,623.5
15148,-0.7401449642023266,-0.3690702464285427,-0.4576680941769814,1,1,10,1,301.29
15149,0.46611667641507204,-0.3690702464285427,-0.12866015149578502,0,3,133,1,520.8000000000001
15150,-0.5025174943015487,1.1826583386441383,1.2676135775284882,2,0,17,10,5291.33
15152,-0.786133590193662,1.4021735027328797,1.2020340451488956,2,0,9,13,4745.6900000000005
15153,-0.22489545515401813,-0.3690702464285427,-0.4043521016950442,0,1,31,1,329.25
15154,0.1924790972569085,-0.3690702464285427,-0.5595385708042745,0,3,75,1,254.28
15156,-1.562712108492176,0.2618595071429148,0.24033141721951434,1,2,1,3,961.49
15157,-1.2282579451576368,0.2618595071429148,0.6618589138603531,1,2,3,3,1936.07
15158,-0.04978797918717493,-0.3690702464285427,-0.2852622184245714,0,1,45,1,401.4
15159,-1.562712108492176,2.125749857257015,2.0264983210343592,2,0,1,30,18641.01
15160,0.9402812358425671,-0.3690702464285427,-0.8442808819011196,0,3,357,1,158.16
15163,-0.47642922941217053,0.0,-0.4513610742674384,1,1,18,2,304.47
15164,0.14585516457359943,0.2618595071429148,0.14785589987074063,1,4,68,3,824.58
15165,0.9613781638636149,-0.3690702464285427,-0.16809623738836446,0,3,373,1,487.75
15167,0.887642735852813,-0.3690702464285427,-0.8418622511727839,0,3,320,1,158.8
15168,-0.3250846385913979,-0.3690702464285427,-1.0804523610843622,0,1,25,1,106.56
15171,0.9039005340781973,-0.3690702464285427,0.41707760486432643,0,4,331,1,1289.5
15172,-0.836971657636088,0.6309297535714574,0.5560033803852397,1,2,8,5,1624.05
15174,0.8906397353192314,-0.3690702464285427,-0.9357426942829904,0,3,322,1,135.75
15175,0.16639083236753036,-0.3690702464285427,-0.6352598872131315,0,3,71,1,224.14
15178,0.7878003115843977,-0.3690702464285427,-1.6544290926969183,0,3,260,1,40.5
15179,-0.47642922941217053,0.6309297535714574,0.7407440063285191,1,2,18,5,2206.95
15180,0.9535745108164436,-0.3690702464285427,-1.1980051417648967,0,3,367,1,87.5
15181,0.1316625130805325,0.2618595071429148,0.04015539191400318,1,4,66,3,689.48
15182,0.5363638284573033,0.0,-0.021003989332907157,0,4,154,2,622.85
15184,-0.2560362830983483,0.0,-0.2840652135906261,1,1,29,2,402.2000000000001
15185,0.1596422557462171,-0.3690702464285427,-0.4393476665030567,0,3,70,1,310.62
15186,-0.5904904464328878,0.0,-0.2704532499387045,1,1,14,2,411.41
15187,-1.562712108492176,1.578901923162566,1.206019156107294,2,0,1,16,4777.18
15189,-1.562712108492176,2.40217350273288,1.9428575412963096,2,0,1,41,16225.39
15192,0.4128720435707305,0.2618595071429148,0.2900864292271762,1,4,119,3,1044.32
15193,0.08639352236479389,-0.3690702464285427,-0.15399518998610323,0,1,60,1,499.32
15194,-1.2282579451576368,1.5237190142858297,1.4871100309351089,2,0,3,15,7616.53
15195,-1.3670689647314018,-0.3690702464285427,1.0777214319879036,1,2,2,1,3861.0
15197,-0.7401449642023266,0.2618595071429148,0.3100973846752809,1,2,10,3,1079.61
15198,0.28988261725410314,0.0,-0.7229941646326415,0,3,92,2,193.64
15199,0.07841788023619099,0.4649735207179271,0.4072844137628302,1,4,59,4,1268.6999999999998
15201,0.263217525801292,0.6309297535714574,0.39182228862103474,1,4,87,5,1236.54
15203,-0.3250846385913979,0.7712437491614222,0.627194189774731,1,2,25,6,1827.8
15204,0.9402812358425671,-0.3690702464285427,-0.4279295158882106,0,3,357,1,316.58
15205,0.252124730073414,0.0,0.007662622255444329,1,4,85,2,653.24
15206,-0.7401449642023266,0.4649735207179271,-0.2575995415352056,1,1,10,4,420.3
15208,-1.562712108492176,0.6309297535714574,0.18021657102130825,2,2,1,5,870.12
15210,0.7183251401742233,-0.3690702464285427,-0.40084018846238434,0,3,225,1,331.18
15211,0.08639352236479389,0.0,0.1967917834082111,1,4,60,2,894.4100000000001
15212,0.751330506756602,-0.3690702464285427,-1.1077322854362839,0,3,241,1,101.8
15213,0.8846270050181589,0.0,-0.4059968042384648,0,3,318,2,328.35
15214,-1.562712108492176,1.0000000000000002,0.5697133023803225,2,2,1,8,1661.44
15215,-0.039410904771510984,0.2618595071429148,0.07858397270876136,1,4,46,3,734.94
15216,0.263217525801292,-0.3690702464285427,-1.1390167234403115,0,3,87,1,96.6
15218,-0.7401449642023266,1.261859507142915,1.318428015802471,2,0,10,11,5756.889999999999
15219,0.6004054945386567,-0.3690702464285427,-0.44884091306441926,0,3,176,1,305.75
15220,0.00936952474314159,0.7712437491614222,0.6108798537005903,1,2,51,6,1778.96
15221,0.9522615430325725,-0.3690702464285427,-0.28249774395344085,0,3,366,1,403.25
15222,0.8846270050181589,-0.3690702464285427,-0.058726564688113124,0,3,318,1,585.0
15223,0.7183251401742233,0.0,0.09538964256378048,0,4,225,2,755.75
15224,0.9416271652029823,0.0,-0.4175811689192217,0,3,358,2,322.08000000000004
15225,0.737167613527003,-0.3690702464285427,-0.2733978247460631,0,3,234,1,409.4
15226,0.8723719878624252,-0.3690702464285427,-0.8586509812733384,0,3,310,1,154.41
15227,-0.15484290499498438,0.6309297535714574,0.38341662876122723,1,2,36,5,1219.4
15228,0.1316625130805325,0.4649735207179271,0.9987501268769198,1,4,66,4,3386.71
15230,0.7473262069052701,0.0,-0.2444401194894529,0,3,239,2,429.6
15232,0.3881222410176829,0.0,-0.031519239092856706,0,4,113,2,612.06
15234,0.8165085758314399,-0.3690702464285427,-0.712678895349005,0,3,276,1,197.0
15235,0.7009353171450358,1.3347175194727927,0.7517149796175625,1,4,217,12,2247.51
15236,0.8533853273790638,-0.3690702464285427,-0.41950565860444317,0,3,298,1,321.05
15237,-1.562712108492176,0.4649735207179271,0.47186939926165367,2,2,1,4,1412.3200000000002
15238,-0.2560362830983483,0.2618595071429148,0.3058324049280979,1,4,29,3,1071.99
15239,-0.7401449642023266,0.0,0.1148549936051444,1,1,10,2,780.59
15240,-0.06039313933757419,0.6309297535714574,0.5858563430016681,1,2,44,5,1706.57
15241,0.1316625130805325,1.0000000000000002,0.6032059682158946,1,2,66,8,1756.44
15243,0.18608807186562598,-0.3690702464285427,-0.42773976940936503,0,3,74,1,316.68
15244,0.1244065062275264,0.0,-0.012638066598180203,1,4,65,2,631.5699999999999
15245,0.4697041677577397,0.2618595071429148,0.8196602592019564,1,4,134,3,2515.84
15246,0.7453115260541195,0.0,-0.13639042776495192,0,3,238,2,514.1500000000001
15247,0.42478660849442396,-0.3690702464285427,-0.35741095057101213,0,3,122,1,356.0
15249,-0.22489545515401813,1.4021735027328797,1.4088089132036385,2,0,31,13,6688.46
15251,-0.786133590193662,1.261859507142915,1.6797230233438234,2,0,9,11,10484.99
15252,-0.15484290499498438,0.0,0.08334771423143988,1,4,36,2,740.78
15253,-0.5300973070953137,0.6309297535714574,0.2125955736959079,1,2,16,5,918.2
15254,0.4440128715150607,-0.3690702464285427,-0.4595251429891456,0,3,127,1,300.36
15255,0.1316625130805325,-0.3690702464285427,0.19439080602724043,1,4,66,1,890.85
15256,0.517314695655502,-0.3690702464285427,-1.1276996722112114,0,3,148,1,98.45
15257,0.8285505824152961,-0.3690702464285427,-0.42684876027985674,0,3,283,1,317.15
15258,0.5780886679748406,0.0,-0.02070457756227459,0,4,168,2,623.1600000000001
15260,0.32970027894145965,0.8927892607143721,0.6215555589414676,1,4,100,7,1810.77
15261,0.47326518290830494,-0.3690702464285427,-0.5582650288030239,0,3,135,1,254.82
15262,0.8921312832236181,-0.3690702464285427,-0.7702889906798777,0,3,323,1,178.95000000000002
15263,0.3575454287574991,-0.3690702464285427,-0.8505615549269601,0,3,106,1,156.51
15264,0.11703971637257636,-0.3690702464285427,-0.29684553077359144,0,1,64,1,393.74
15265,0.5269332605914481,0.0,0.5105977664900049,1,4,151,2,1506.12
15266,0.9139682839349972,-0.3690702464285427,-1.012987173794475,0,3,338,1,119.3
15267,-0.38424214252171446,0.6309297535714574,0.589652722572347,1,2,22,5,1717.36
15269,-0.36370647472778334,-0.3690702464285427,-0.27427959774282146,1,1,23,1,408.8
15270,-0.5593496184885577,0.8927892607143721,0.7860916569188778,2,2,15,7,2379.49
15271,-0.8938037818230972,1.5237190142858297,0.8142480987200221,2,0,7,15,2493.34
15272,0.062059860728309484,0.0,0.06784258211591707,1,4,57,2,721.94
15274,-1.1205877535282016,0.0,0.06334907688039353,1,1,4,2,716.57
15275,-0.141975066077631,-0.3690702464285427,-0.028498909722340413,1,1,37,1,615.14
15276,0.1316625130805325,-0.3690702464285427,-0.9679687435546775,0,3,66,1,128.63
15277,-0.039410904771510984,-0.3690702464285427,-0.5557259898057998,0,1,46,1,255.9
15279,0.9362207740447311,-0.3690702464285427,-0.47955334446000397,0,3,354,1,290.51
15280,0.5893760917508755,-0.3690702464285427,-1.0447719887972184,0,3,172,1,113.12
15281,0.07030818744334325,1.0959032742893848,0.7739853500685744,2,2,58,9,2332.15
15286,-0.009555071895148155,-0.3690702464285427,-0.592858076628294,0,1,49,1,240.55
15287,-0.38424214252171446,0.0,-0.1694047734804578,1,1,22,2,486.69000000000005
15288,-0.07123663753324773,0.6309297535714574,0.7673280586652828,1,2,43,5,2306.52
15289,-0.2560362830983483,0.2618595071429148,0.2265813921460775,1,4,29,3,939.78
15290,-1.1205877535282016,1.6801438592463753,1.5124185335431566,2,0,4,18,7943.22
15291,-0.3250846385913979,1.5237190142858297,1.1921267780991849,2,0,25,15,4668.3
15292,0.6641544422759992,-0.3690702464285427,-0.772167477045241,0,3,201,1,178.39
15296,0.0,0.7712437491614222,1.0476216183748084,2,2,50,6,3672.86
15297,-0.7401449642023266,0.2618595071429148,-0.0028379850493229558,1,1,10,3,641.94
15298,-1.3670689647314018,1.3347175194727927,1.2088781325255649,2,0,2,12,4799.9
15299,0.1388110195737654,0.8927892607143721,1.1709401427260033,2,2,67,7,4507.01
15300,0.11703971637257636,-0.3690702464285427,-0.15747449767461066,0,1,64,1,496.44
15301,0.0,1.3347175194727927,1.2394785663171022,2,0,50,12,5049.95
15303,0.8402993629831766,-0.3690702464285427,-0.07012645884643148,0,3,290,1,574.02
15304,0.08639352236479389,1.0000000000000002,0.04443463080517701,1,4,60,8,694.4
15306,0.11703971637257636,0.2618595071429148,0.36074776634819405,1,4,64,3,1174.35
15307,0.3052018519412955,-0.3690702464285427,-0.6879297272333253,0,3,95,1,205.3
15308,0.8130120723947015,-0.3690702464285427,-0.4396378453283084,0,3,274,1,310.47
15311,-1.8971662718267155,3.115909337343186,2.7373334654239794,2,0,0,91,60632.75
15312,0.1924790972569085,0.4649735207179271,0.21694008186422398,1,4,75,4,924.85
15313,0.3752544021003293,-0.3690702464285427,-1.5070116064109336,0,3,110,1,52.0
15314,0.6593532547739307,-0.3690702464285427,-0.40669258405688624,0,3,199,1,327.97
15315,0.11703971637257636,0.0,-0.07382719075789532,1,4,64,2,570.5
15316,0.8965784609058102,-0.3690702464285427,-0.8189209378952067,0,3,326,1,165.0
15318,-1.2282579451576368,-0.3690702464285427,-0.4354919068498117,1,1,3,1,312.62
15319,0.8285505824152961,-0.3690702464285427,-0.6902714173507599,0,3,283,1,204.5
15320,-0.06039313933757419,-0.3690702464285427,-0.5299398037538999,0,1,44,1,267.13
15321,0.1596422557462171,0.2618595071429148,0.8729055576459079,1,4,70,3,2748.31
15322,0.252124730073414,-0.3690702464285427,0.03154008868836239,0,4,85,1,679.68
15325,0.3438236880776809,-0.3690702464285427,-0.8308746975091599,0,3,103,1,161.74
15326,0.9067985329568811,-0.3690702464285427,-0.43724321962573787,0,3,333,1,311.71
15327,0.018560571451014377,-0.3690702464285427,-0.6779341298345454,0,1,52,1,208.75
15329,-0.11722526352458314,0.2618595071429148,0.29318037743313763,1,4,39,3,1049.7
15330,-0.2100476571070129,0.0,0.06199530806832692,1,1,32,2,714.96
15333,0.6805920782122185,-0.3690702464285427,0.2809306183583783,0,4,208,1,1028.56
15334,0.5425500075866052,0.2618595071429148,-0.36621995361727433,0,3,156,3,350.82
15335,0.02757981279376517,-0.3690702464285427,-0.8002607031675978,0,1,53,1,170.22
15339,0.1316625130805325,0.0,-0.07007405497054722,1,4,66,2,574.0699999999999
15341,0.22322295655453953,-0.3690702464285427,0.6875776877276465,1,4,80,1,2020.52
15342,0.4514938797071159,-0.3690702464285427,-0.27827842401260133,0,3,129,1,406.09
15343,0.263217525801292,-0.3690702464285427,-0.34322931424315717,0,3,87,1,364.5
15344,-1.8971662718267155,0.2618595071429148,-0.08078523817001326,1,2,0,3,563.9399999999999
15345,-0.04978797918717493,-0.3690702464285427,-0.29715096952722886,0,1,45,1,393.54
15346,0.9053517091956431,-0.3690702464285427,-0.5639459292638983,0,3,332,1,252.42
15347,0.9522615430325725,-0.3690702464285427,-0.6988371387627267,0,3,366,1,201.6
15348,0.17304632220108546,-0.3690702464285427,-0.844735457713325,0,3,72,1,158.04
15349,0.5486578785463281,0.0,-0.19823520745310858,0,3,158,2,463.91
15350,0.9613781638636149,-0.3690702464285427,-1.0315564825627166,0,3,373,1,115.65
15351,-0.6595388019259375,0.8927892607143721,0.6614200527029812,2,2,12,7,1934.66
15353,0.7765785182985138,0.0,0.10672691029940984,0,4,254,2,770.12
15355,-0.2560362830983483,0.0,-0.5080446059775805,0,1,29,2,277.05
15356,-0.22489545515401813,1.1826583386441383,0.866230884057583,2,2,31,10,2718.03
15358,-1.1205877535282016,1.854049830200271,1.542312843135891,2,0,4,22,8347.2
15360,-0.11722526352458314,-0.3690702464285427,-0.24678208885699077,0,1,39,1,427.93
15361,0.9456425728102247,-0.3690702464285427,-0.2595769442157542,0,3,361,1,418.92
15363,0.960086287957098,-0.3690702464285427,-0.41031258585263497,0,3,372,1,326.0
15364,0.3052018519412955,0.0,0.20930168302112845,1,4,95,2,913.19
15365,-0.3250846385913979,0.8927892607143721,0.7693618733766516,2,2,25,7,2314.32
15366,0.1924790972569085,0.0,-0.04098161989494747,1,4,75,2,602.51
15367,0.062059860728309484,0.4649735207179271,0.6433833826208754,1,4,57,4,1877.59
15368,-0.405690800867787,-0.3690702464285427,-0.22064602457527965,1,1,21,1,446.94000000000005
15370,-0.10531069860088949,0.8927892607143721,0.7877502314801209,1,2,40,7,2386.05
15372,0.48030932790813896,-0.3690702464285427,0.6836533698698422,1,4,137,1,2007.4
15373,-0.836971657636088,1.3347175194727927,0.7952426364955509,2,2,8,12,2415.91
15374,0.44776787383418837,-0.3690702464285427,-0.808126170473444,0,3,128,1,168.0
15376,-0.10531069860088949,0.2618595071429148,0.3844823969183117,1,4,40,3,1221.56
15379,0.5809353745377399,0.8927892607143721,1.0525930579658063,1,4,169,7,3703.29
15380,-0.836971657636088,0.6309297535714574,0.5800720127088012,2,2,8,5,1690.2600000000002
15381,0.6919995920920387,0.0,-0.04666061780417502,0,4,213,2,596.8499999999999
15382,-0.5904904464328878,0.7712437491614222,1.3388877290203265,2,2,14,6,5955.71
15384,0.5809353745377399,0.0,-0.0023975681667938757,0,4,169,2,642.41
15385,-0.10531069860088949,-0.3690702464285427,-0.4273604555723262,0,1,40,1,316.88
15386,0.6269240005290753,-0.3690702464285427,-0.29623511725528806,0,3,186,1,394.14
15389,0.5893760917508755,-0.3690702464285427,-0.15317660962551785,0,3,172,1,500.0
15392,-1.1205877535282016,0.4649735207179271,0.5222454366477144,1,2,4,4,1535.53
15393,-0.5300973070953137,0.0,-0.6149401451759939,1,1,16,2,231.86
15394,-0.786133590193662,0.4649735207179271,0.7343197926722528,1,2,9,4,2183.54
15395,0.8951006179041536,-0.3690702464285427,-1.0754859365657243,0,3,325,1,107.45
15396,0.3838709768396838,-0.3690702464285427,-0.48438993293456073,0,3,112,1,288.18
15397,0.8386383790268235,-0.3690702464285427,-1.1552897630173402,0,3,289,1,94.0
15398,-0.5300973070953137,0.0,0.4426927104897745,1,2,16,2,1345.5300000000002
15399,-1.562712108492176,0.2618595071429148,0.14138984193829107,1,2,1,3,815.77
15400,0.28988261725410314,0.6309297535714574,0.06303823131325607,1,4,92,5,716.2
15402,0.517314695655502,0.0,-0.01722878706849478,0,4,148,2,626.77
15405,0.634603452220883,-0.3690702464285427,-0.3691736573452831,0,3,189,1,349.1
15406,-0.22489545515401813,0.0,-0.14042849980384825,1,1,31,2,510.71
15407,-0.19564314376077413,0.4649735207179271,0.29148009653771423,1,4,33,4,1046.74
15408,0.7951390897495282,-0.3690702464285427,-0.5298274262600019,0,3,264,1,267.18
15410,0.24648121120320038,1.0000000000000002,1.0100525528386246,2,2,84,8,3450.84
15411,-0.30687435054077433,0.4649735207179271,0.44421259432830795,1,2,26,4,1348.93
15412,0.5865788934079535,-0.3690702464285427,-0.7327018675744422,0,3,171,1,190.53
15414,-0.786133590193662,0.2618595071429148,0.11045132971852871,1,2,9,3,774.9000000000001
15415,0.8770041709211447,-0.3690702464285427,-0.0854223810599238,0,3,313,1,559.61
15416,0.11703971637257636,0.4649735207179271,1.096665495458594,1,4,64,4,3984.32
15417,0.252124730073414,-0.3690702464285427,-0.14268230555578806,0,3,85,1,508.8
15419,-0.3440092352296877,-0.3690702464285427,-0.935258091421199,0,1,24,1,135.86
15421,0.07030818744334325,0.4649735207179271,0.2333214272600536,1,4,58,4,950.36
15422,0.8921312832236181,0.0,-1.13226208412581,0,3,323,2,97.7
15423,-0.1294414948306238,-0.3690702464285427,-1.612363763786083,0,3,38,1,43.5
15424,0.7765785182985138,0.0,-0.31293724511959903,0,3,254,2,383.34
15426,-0.45167942685912266,0.6309297535714574,0.468340986925733,1,2,19,5,1404.07
15427,-0.19564314376077413,0.2618595071429148,0.47958942314322683,1,4,33,3,1430.54
15428,-0.5593496184885577,-0.3690702464285427,-1.1566870887762704,0,1,15,1,93.78
15429,-0.30687435054077433,0.0,-0.2913588087304588,1,1,26,2,397.35
15432,-0.36370647472778334,-0.3690702464285427,-0.7968559535186571,0,1,23,1,171.19
15433,0.6919995920920387,0.0,-0.11439256599204244,0,4,213,2,533.3
15434,-0.836971657636088,0.6309297535714574,0.2884467649055603,1,2,8,5,1041.48
15435,-0.38424214252171446,-0.3690702464285427,-0.8788411694780339,0,1,22,1,149.29
15436,-0.6595388019259375,0.2618595071429148,0.3034461056591839,1,2,12,3,1067.75
15437,0.7914836528511833,-0.3690702464285427,-0.7031361271680581,0,3,262,1,200.16
15438,0.45886066956206595,-0.3690702464285427,-0.8502937684392992,0,3,131,1,156.57999999999998
15440,0.036433554096187475,0.2618595071429148,-0.3124043195688568,1,1,54,3,383.68
15442,0.7650895145044322,-0.3690702464285427,-0.04954056870393487,0,3,248,1,594.0
15443,-1.562712108492176,0.8927892607143721,0.9671363208761677,2,2,1,7,3213.59
15444,-0.786133590193662,0.0,0.4713958683763843,1,2,9,2,1411.21
15445,0.7951390897495282,-0.3690702464285427,-1.0427684626795966,0,3,264,1,113.5
15447,0.9024449813519584,-0.3690702464285427,-0.8557108270427017,0,3,330,1,155.17
15448,0.8754650456516969,-0.3690702464285427,-0.15965930919517185,0,3,312,1,494.64
15449,-0.30687435054077433,0.2618595071429148,0.24843580434907558,1,4,26,3,974.52
15450,-0.2402146898412107,-0.3690702464285427,-0.24410429570525677,0,1,30,1,429.84
15452,-0.2560362830983483,0.2618595071429148,-0.11985421040435743,1,1,29,3,528.48
15453,-1.562712108492176,0.8927892607143721,0.4543244701536381,2,2,1,7,1371.77
15454,0.9469736505173758,-0.3690702464285427,-0.7697868172839781,0,3,362,1,179.1
15456,0.8285505824152961,0.2618595071429148,-0.23749599630187918,0,3,283,3,434.59
15457,0.7914836528511833,-0.3690702464285427,-0.6016041841615185,0,3,262,1,237.07
15458,-0.3250846385913979,-0.3690702464285427,-0.8312451515965361,0,1,25,1,161.64
15460,0.9362207740447311,-0.3690702464285427,-0.6623061797475202,0,3,354,1,214.26
15462,0.3001492888863435,0.2618595071429148,-0.6078898348496855,0,3,94,3,234.6
15463,-0.2560362830983483,-0.3690702464285427,-0.9796581891011904,0,1,29,1,126.14
15464,0.9139682839349972,-0.3690702464285427,0.2902766646437133,0,4,338,1,1044.65
15465,-0.45167942685912266,1.6801438592463753,1.4660233398035931,2,0,19,18,7354.62
15466,0.252124730073414,-0.3690702464285427,-0.3947925502486083,0,3,85,1,334.53
15467,-0.786133590193662,0.2618595071429148,-0.12396598015944195,1,1,9,3,524.88
15468,0.00936952474314159,0.0,-0.19358627983898194,1,1,51,2,467.51
15469,0.0,0.0,-0.10849945834625022,1,4,50,2,538.55
15471,-1.3670689647314018,-0.3690702464285427,-0.21058558489979257,1,1,2,1,454.48
15472,0.3881222410176829,-0.3690702464285427,-0.3316987247495924,0,3,113,1,371.56
15473,-0.5904904464328878,0.8927892607143721,0.6082465853175931,2,2,14,7,1771.2
15475,0.20501266850391572,-0.3690702464285427,-0.21107536834681057,0,3,77,1,454.11
15478,-0.10531069860088949,0.0,0.46655824890660463,1,4,40,2,1399.92
15482,-0.5593496184885577,1.3347175194727927,1.7019961060211675,2,0,15,12,10879.76
15483,0.5576771198890786,0.4649735207179271,-0.6322691201362519,0,3,161,4,225.26
15484,-1.562712108492176,0.4649735207179271,1.0339417229179046,2,2,1,4,3590.41
15485,-0.2402146898412107,0.2618595071429148,0.8312013509138039,1,2,30,3,2564.5
15488,0.28988261725410314,-0.3690702464285427,-1.1725364432719316,0,3,92,1,91.32
15489,-0.38424214252171446,0.2618595071429148,0.33984240360471946,1,2,22,3,1134.28
15491,0.3052018519412955,0.7712437491614222,0.945471867463039,1,4,95,6,3100.09
15492,-0.2723943026062298,0.0,0.013365475479554028,1,1,28,2,659.46
15493,-0.2100476571070129,0.6309297535714574,0.6672300034535379,1,2,32,5,1953.41
15494,-0.405690800867787,0.0,0.41289730577885003,1,4,21,2,1280.5800000000002
15497,-0.5025174943015487,0.0,0.40419111763413895,1,2,17,2,1262.2
15498,-1.3670689647314018,2.0331032563043374,1.823785254855304,2,0,2,27,13316.4
15500,-0.836971657636088,0.4649735207179271,0.3383966911140894,1,2,8,4,1131.56
15502,-0.5593496184885577,1.3347175194727927,1.6739443698154244,2,0,15,12,10384.93
15503,0.9469736505173758,-0.3690702464285427,-0.9128679713615365,0,3,362,1,141.04
15504,0.22914346473365005,-0.3690702464285427,-1.4976463680650438,0,3,81,1,52.83
15505,0.018560571451014377,0.6309297535714574,1.0373804880431967,1,2,52,5,3610.96
15506,-0.38424214252171446,0.2618595071429148,0.24692644521544815,1,2,22,3,972.08
15507,0.5865788934079535,-0.3690702464285427,-0.1829394286235743,0,3,171,1,475.86
15508,0.634603452220883,0.7712437491614222,0.26413822095729356,1,4,189,6,1000.27
15510,0.9024449813519584,-0.3690702464285427,-0.5697289084910301,0,3,330,1,250.0
15511,-0.6981606380623229,0.6309297535714574,0.20089708206528561,1,2,11,5,900.53
15512,0.5394668318384552,0.0,-1.0045299491712263,0,3,155,2,121.0
15513,-0.19564314376077413,1.7268330278608421,1.8857398687598061,2,0,33,19,14758.22
15514,-0.6595388019259375,1.261859507142915,1.1025946158882571,2,0,12,11,4023.72
15516,-0.06039313933757419,0.2618595071429148,-1.3987410362215293,0,1,44,3,62.43
15517,0.7351099755992296,-0.3690702464285427,-0.5301646216227324,0,3,233,1,267.03
15518,0.11703971637257636,1.0000000000000002,0.6573242056309835,1,2,64,8,1921.55
15520,-1.562712108492176,-0.3690702464285427,-0.37889190338227496,1,1,1,1,343.5
15521,-0.10531069860088949,1.0000000000000002,0.9257388637780293,2,2,40,8,3000.2
15522,-0.2100476571070129,0.0,-0.2903912847288159,1,1,32,2,397.99
15523,0.24648121120320038,-0.3690702464285427,-0.26957705332326615,0,3,84,1,412.0100000000001
15524,-0.3440092352296877,-0.3690702464285427,-0.23005670612318252,1,1,24,1,440.0
15525,-1.3670689647314018,0.2618595071429148,0.07811699524435277,1,2,2,3,734.37
15526,-0.19564314376077413,0.0,-0.8822595083078667,0,1,33,2,148.44
15527,-0.47642922941217053,1.0000000000000002,0.7983814298765843,2,2,18,8,2428.53
15528,0.7765785182985138,-0.3690702464285427,-0.621524161479919,0,3,254,1,229.33
15529,-0.38424214252171446,1.261859507142915,1.0933718412061448,2,0,22,11,3962.6
15530,-0.405690800867787,0.4649735207179271,0.5070643423870642,1,2,21,4,1497.31
15531,-0.836971657636088,0.0,0.6730547288376919,1,2,8,2,1972.39
15532,-0.3250846385913979,0.4649735207179271,0.5335914350027213,1,2,25,4,1564.73
15533,-0.45167942685912266,0.2618595071429148,0.1353085122912878,1,2,19,3,807.5699999999999
15535,0.5921571678236234,0.4649735207179271,-0.14969803287998018,0,4,173,4,502.9
15537,0.5635976280681896,-0.3690702464285427,-1.0565041042462526,0,3,163,1,110.92
15539,-0.8938037818230972,-0.3690702464285427,-0.10859999913149924,1,1,7,1,538.46
15540,-0.6981606380623229,-0.3690702464285427,-0.6650000294057814,0,1,11,1,213.3
15541,0.3923363757767996,-0.3690702464285427,-1.2143650698390356,0,3,114,1,85.13000000000001
15543,0.8369716576360883,-0.3690702464285427,-0.9715593970360674,0,3,288,1,127.86
15544,-0.786133590193662,1.0959032742893848,1.0265632343058235,2,2,9,9,3546.71
15545,0.036433554096187475,0.0,-0.48274570685644236,0,1,54,2,288.97
15547,-0.8938037818230972,1.4649735207179273,1.2226173066669122,2,0,7,14,4910.6
15549,0.20501266850391572,0.2618595071429148,0.5769278873497429,1,4,77,3,1681.46
15550,-1.1205877535282016,0.4649735207179271,-0.06844133866801216,1,2,4,4,575.63
15551,-0.15484290499498438,-0.3690702464285427,-0.23546549681274215,0,1,36,1,436.06
15552,0.7009353171450358,-0.3690702464285427,-1.180421750725404,0,3,217,1,90.12
15553,0.08639352236479389,-0.3690702464285427,-0.2453786191223919,0,1,60,1,428.93
15554,0.8182473718134535,-0.3690702464285427,-0.6541303809393034,0,3,277,1,217.2
15555,-0.6595388019259375,1.578901923162566,1.2082450924938084,2,0,12,16,4794.86
15556,-0.3440092352296877,-0.3690702464285427,-0.5021774771434853,0,1,24,1,279.77
15557,-0.2723943026062298,-0.3690702464285427,-0.19178800389415196,1,1,28,1,468.91
15561,-0.6981606380623229,0.4649735207179271,0.13008317484987675,1,2,11,4,800.59
15562,0.9321258524703706,-0.3690702464285427,-0.9410547380941593,0,3,351,1,134.55
15563,-0.38424214252171446,0.4649735207179271,0.4667819173190861,1,2,22,4,1400.44
15565,0.0,0.0,-0.7899997934284013,0,1,50,2,173.16000000000005
15567,-0.47642922941217053,-0.3690702464285427,-0.7470955703576178,0,1,18,1,186.01
15568,-1.3670689647314018,0.2618595071429148,0.09740916505822973,1,2,2,3,758.29
15569,0.3438236880776809,0.6309297535714574,0.4560517837288374,1,4,103,5,1375.71
15570,-0.8938037818230972,1.3347175194727927,1.1210427788330883,2,0,7,12,4148.820000000001
15571,-0.6981606380623229,0.4649735207179271,0.0050684500798301845,1,2,11,4,650.4300000000001
15572,-1.1205877535282016,0.8927892607143721,0.823855396056653,2,2,4,7,2533.42
15573,-0.22489545515401813,0.0,-0.0523936367725762,1,1,31,2,591.1899999999999
15574,0.6031238981391972,0.4649735207179271,0.02795231012032017,1,4,177,4,675.64
15576,-0.141975066077631,-0.3690702464285427,0.21467047140756934,1,4,37,1,921.37
15577,0.5269332605914481,0.2618595071429148,-0.5487750966587405,0,3,151,3,258.88
15578,0.5606464545696141,-0.3690702464285427,-0.9751245204390889,0,3,162,1,127.1
15579,0.14585516457359943,0.0,-0.4073708265733377,0,1,68,2,327.6
15581,0.4168763434220624,1.4021735027328797,1.048098810953604,2,2,120,13,3675.77
15582,-0.3440092352296877,0.2618595071429148,0.034393250359167855,1,1,24,3,682.9100000000001
15584,-0.36370647472778334,0.4649735207179271,0.06694154779161592,1,2,23,4,720.86
15585,0.6004054945386567,-0.3690702464285427,-0.20950153533393745,0,3,176,1,455.3
15587,0.0,0.4649735207179271,0.20962463539893267,1,4,50,4,913.68
15589,0.7784670348496002,0.2618595071429148,-0.17957429282094925,0,4,255,3,478.53
15592,-0.039410904771510984,-0.3690702464285427,-0.3047757996071168,0,1,46,1,388.58
15593,0.1596422557462171,-0.3690702464285427,-0.7042156827601153,0,3,70,1,199.8
15594,-0.5593496184885577,0.6309297535714574,0.6084438000888304,1,2,15,5,1771.78
15596,0.32970027894145965,0.6309297535714574,0.46942094936737033,1,4,100,5,1406.59
15597,-0.16806333096700918,-0.3690702464285427,-0.412953990029,0,1,35,1,324.57
15598,0.02757981279376517,-0.3690702464285427,-0.5925338007036156,0,1,53,1,240.68
15599,-0.30687435054077433,0.0,0.10014142401442405,1,1,26,2,761.74
15601,-0.6981606380623229,1.4649735207179273,1.4166945329472314,2,0,11,14,6776.56
15602,-0.836971657636088,1.0959032742893848,0.42097395602169413,2,2,8,9,1297.87
15603,0.21115944414923474,-0.3690702464285427,-1.5484306111707122,0,3,78,1,48.48
15604,0.018560571451014377,-0.3690702464285427,-0.6563718505261902,0,1,52,1,216.39
15605,-0.15484290499498438,0.6309297535714574,0.3728701322910607,1,2,36,5,1198.23
15606,0.09423947349332881,1.0959032742893848,0.9094472557485214,2,2,61,9,2920.16
15607,0.9111131551142568,-0.3690702464285427,-1.0906236612212534,0,3,336,1,104.76
15608,-0.2723943026062298,0.4649735207179271,0.3178940379776167,1,2,28,4,1093.68
15609,0.6217356133035294,-0.3690702464285427,-0.46329674328528986,0,3,184,1,298.48
15610,0.00936952474314159,-0.3690702464285427,-1.0482677060024188,0,3,51,1,112.46
15611,-0.786133590193662,1.4021735027328797,0.5437899084543156,2,2,9,13,1591.45
15612,-0.15484290499498438,0.0,-0.7183365784598776,0,1,36,2,195.15
15615,-0.7401449642023266,1.8927892607143728,1.6748031765523557,2,0,10,23,10399.74
15618,-0.2100476571070129,0.4649735207179271,0.11196489552732826,1,4,32,4,776.851
15619,-0.7401449642023266,-0.3690702464285427,-0.3914429107705271,1,1,10,1,336.40000000000003
15620,0.05366807768314334,0.2618595071429148,0.5291290490049679,1,4,56,3,1553.1799999999998
15621,-1.1205877535282016,0.4649735207179271,0.41872394145180614,1,2,4,4,1293.03
15622,-0.07123663753324773,1.0959032742893848,1.0536123309339738,2,2,43,9,3709.56
15623,0.49409641908075663,-0.3690702464285427,-0.45818669313439037,0,3,141,1,301.03
15624,0.40065581226469005,0.4649735207179271,-0.05551597591234805,1,4,116,4,588.13
15625,0.3438236880776809,0.4649735207179271,0.5217470832133656,1,4,103,4,1534.2599999999998
15626,0.18608807186562598,0.0,0.028094807280406524,1,4,74,2,675.8
15628,-1.1205877535282016,1.0959032742893848,0.8990587755491427,2,2,4,9,2870.24
15630,-0.04978797918717493,0.0,0.36686988343240046,1,4,45,2,1186.35
15632,-0.5593496184885577,1.0000000000000002,0.9804350349274374,2,2,15,8,3285.31
15634,-0.5025174943015487,-0.3690702464285427,-0.5854188741459104,0,1,17,1,243.55
15636,0.27406102399696536,0.0,0.07018895174601641,1,4,89,2,724.76
15637,0.018560571451014377,-0.3690702464285427,-0.6373515447248165,0,1,52,1,223.36
15639,0.4697041677577397,-0.3690702464285427,-0.2504606163370499,0,3,134,1,425.32
15640,-1.1205877535282016,1.5237190142858297,1.781599189486274,2,0,4,15,12416.11
15641,0.3530147347855537,0.4649735207179271,0.6464586165187002,1,4,105,4,1887.2000000000005
15643,0.639656015275835,0.2618595071429148,0.017494202383585216,0,4,191,3,664.0
15644,0.5723443696223416,0.4649735207179271,0.1322971209437174,1,4,166,4,803.54
15645,-0.47642922941217053,-0.3690702464285427,-0.031568395481653064,1,1,18,1,612.01
15646,0.5456136074837743,0.2618595071429148,-0.21970492773893327,0,4,157,3,447.64
15648,0.6712678196976245,0.0,-0.005129591368292932,0,4,204,2,639.5
15649,0.9111131551142568,0.0,0.1415595342452186,0,4,336,2,816.0
15651,-0.15484290499498438,0.2618595071429148,0.0012352818935505833,1,4,36,3,646.3
15652,0.2846661841473646,-0.3690702464285427,-0.38905403277695966,0,3,91,1,337.74
15653,0.28988261725410314,0.0,0.18525981532112157,1,4,92,2,877.4399999999999
15654,-0.786133590193662,0.0,0.21542795827634043,1,1,9,2,922.53
15655,0.755301849033873,-0.3690702464285427,-0.08428388900821498,0,3,243,1,560.67
15656,-0.04978797918717493,0.4649735207179271,0.08958775200292202,1,4,45,4,748.5
15657,-0.38424214252171446,-0.3690702464285427,-1.8302380224240804,0,1,22,1,30.0
15658,0.6371363470810009,0.6309297535714574,0.27831411795112027,1,4,190,5,1024.1
15659,-0.07123663753324773,-0.3690702464285427,-0.4474671442669382,0,1,43,1,306.45
15660,-0.3250846385913979,1.0959032742893848,0.5473408134317425,2,2,25,9,1600.86
15661,0.8831120418808676,0.0,-0.4409356858766642,0,3,317,2,309.79999999999995
15663,0.3575454287574991,-0.3690702464285427,-0.9253003492705277,0,3,106,1,138.14
15664,0.0,-0.3690702464285427,-0.30811112486406717,0,1,50,1,386.43
15665,0.5780886679748406,0.0,0.7448951145017512,1,4,168,2,2222.21
15667,-0.11722526352458314,-0.3690702464285427,-0.45760828454072644,0,1,39,1,301.32
15668,0.7009353171450358,-0.3690702464285427,-1.279398599010446,0,3,217,1,76.32000000000001
15669,-0.10531069860088949,0.4649735207179271,0.03565211396406459,1,4,40,4,684.34
15670,0.8501469570836147,-0.3690702464285427,-0.790380575675556,0,3,296,1,173.05
15671,-0.47642922941217053,0.8927892607143721,0.852578511362666,2,2,18,7,2657.13
15673,0.2686697348046577,0.4649735207179271,0.8680457353381911,1,4,88,4,2726.23
15674,0.17961125833955535,0.6309297535714574,0.8028474537468611,1,4,73,5,2446.6000000000004
15675,0.22914346473365005,0.2618595071429148,-0.4145852423012075,0,4,81,3,323.69
15676,-0.47642922941217053,0.2618595071429148,1.0074138146642853,1,2,18,3,3435.76
15677,-0.009555071895148155,-0.3690702464285427,0.011327083056854153,1,1,49,1,657.23
15678,0.018560571451014377,-0.3690702464285427,-0.36300795921573126,0,1,52,1,352.7
15679,-0.3440092352296877,0.4649735207179271,0.11538682467124503,1,2,24,4,781.28
15680,-0.786133590193662,0.2618595071429148,0.43736530713751853,1,2,9,3,1333.68
15681,-0.3250846385913979,0.6309297535714574,0.47774257536740633,1,2,25,5,1426.16
15683,0.40476235077788275,-0.3690702464285427,-0.7226536520735158,0,3,117,1,193.75
15687,-0.836971657636088,1.0959032742893848,0.9243113744699152,2,2,8,9,2993.1
15689,0.4128720435707305,0.0,-0.559963683531802,0,3,119,2,254.1
15690,-1.1205877535282016,0.0,-0.5948324370896648,1,1,4,2,239.76
15691,0.7727791651026745,-0.3690702464285427,-0.9311327550522158,0,3,252,1,136.8
15692,-0.2723943026062298,-0.3690702464285427,-0.7310991720227634,0,1,28,1,191.04
15694,-1.8971662718267155,1.4649735207179273,1.3896728982019924,2,0,0,14,6479.4
15695,0.7987670418999716,0.0,-0.2725466687285069,0,3,266,2,409.98
15696,-0.19564314376077413,1.0000000000000002,0.8646950631918089,2,2,33,8,2711.11
15699,-0.5025174943015487,-0.3690702464285427,-0.4412266304808071,0,1,17,1,309.65
15700,0.5893760917508755,0.0,0.046407436939100294,0,4,172,2,696.68
15701,-1.3670689647314018,0.4649735207179271,0.5196786377034344,2,2,2,4,1529.0
15703,0.7951390897495282,-0.3690702464285427,-0.6700836824349196,0,3,264,1,211.5
15704,0.4906864023238029,0.4649735207179271,0.7639493071480471,1,4,140,4,2293.62
15705,0.6641544422759992,-0.3690702464285427,-0.9041899366517178,0,3,201,1,143.1
15706,0.10955870818052117,0.4649735207179271,0.29937780570801614,1,4,63,4,1060.56
15707,-0.16806333096700918,0.4649735207179271,0.21179512515441548,1,4,35,4,916.98
15708,-0.10531069860088949,0.8927892607143721,0.971183654884159,2,2,40,7,3235.25
15709,0.8285505824152961,-0.3690702464285427,-0.9468627834614673,0,3,283,1,133.25
15712,-0.786133590193662,0.6309297535714574,0.30604019577716374,1,2,9,5,1072.36
15713,0.5008449957020699,0.0,-0.35623035913419404,0,3,143,2,356.70000000000005
15714,-0.6981606380623229,0.0,-0.402930314337429,1,1,11,2,330.03000000000003
15716,0.507500485535625,0.4649735207179271,0.321970910752935,1,4,145,4,1101.11
15717,0.737167613527003,-0.3690702464285427,-0.8748044247000643,0,3,234,1,150.3
15719,-0.2100476571070129,1.4021735027328797,1.237101755472503,2,0,32,13,5030.07
15720,-0.3440092352296877,-0.3690702464285427,-0.04476836610654389,1,1,24,1,598.73
15721,-0.6981606380623229,-0.3690702464285427,-0.1886028399566234,1,1,11,1,471.4
15722,-0.16806333096700918,0.6309297535714574,0.7419057143161655,1,2,35,5,2211.21
15723,0.9496248404995995,-0.3690702464285427,-0.732167162035718,0,3,364,1,190.7
15724,0.6641544422759992,0.0,-0.6512371243939851,0,3,201,2,218.25
15725,-0.5593496184885577,-0.3690702464285427,-0.26486747813484396,1,1,15,1,415.25
15727,-0.5300973070953137,0.8927892607143721,1.2523592114806603,2,2,16,7,5159.06
15729,0.6897395628415309,-0.3690702464285427,-1.215275427598262,0,3,212,1,85.0
15730,0.1244065062275264,0.2618595071429148,0.33268636314766553,1,4,65,3,1120.88
15732,0.6897395628415309,0.0,-0.47213556960707664,0,3,212,2,294.12
15733,0.8268485864253822,-0.3690702464285427,-0.8288043521286694,0,3,282,1,162.3
15734,0.3923363757767996,0.0,0.4399652082325816,1,4,114,2,1339.4500000000005
15737,-0.5904904464328878,1.0000000000000002,0.36776765581714016,2,2,14,8,1188.12
15738,-0.47642922941217053,1.578901923162566,1.2104478129184042,2,0,18,16,4812.42
15739,0.1316625130805325,-0.3690702464285427,-0.21772000501160796,0,1,66,1,449.12
15740,-0.009555071895148155,-0.3690702464285427,-0.8568310363277072,0,1,49,1,154.88
15743,-0.5300973070953137,0.4649735207179271,0.11127413839303947,1,2,16,4,775.96
15744,0.20501266850391572,-0.3690702464285427,-1.7434741049342724,0,3,77,1,34.8
15745,-0.45167942685912266,0.4649735207179271,0.31839484336792434,1,2,19,4,1094.59
15746,0.4697041677577397,-0.3690702464285427,-0.7130442737995877,0,3,134,1,196.88
15747,-0.6595388019259375,0.2618595071429148,0.2309601675181633,1,2,12,3,946.64
15748,-0.10531069860088949,-0.3690702464285427,-0.8989429499630015,0,1,40,1,144.36
15749,0.7392165141124223,0.2618595071429148,2.551361156402783,2,4,235,3,44534.3
15750,-1.3670689647314018,1.0000000000000002,0.8068845150697561,2,2,2,8,2463.05
15752,-0.11722526352458314,0.8927892607143721,0.8456162248608334,2,2,39,7,2626.6
15753,0.8629720406633079,-0.3690702464285427,-1.2573576435973388,0,3,304,1,79.2
15754,0.00936952474314159,0.2618595071429148,-0.2051978451805825,1,4,51,3,458.5700000000001
15755,-0.7401449642023266,0.7712437491614222,0.7822207943655916,2,2,10,6,2364.25
15756,0.09423947349332881,0.4649735207179271,-0.12038943536525776,1,4,61,4,528.01
15757,0.1244065062275264,0.0,0.06154056711517688,1,4,65,2,714.4200000000001
15758,-0.3440092352296877,-0.3690702464285427,-0.6880758166136988,0,1,24,1,205.25
15759,0.7031436292963993,0.2618595071429148,-0.5624732257518568,0,3,218,3,253.04
15762,0.1244065062275264,0.0,-0.06001354304556206,1,4,65,2,583.75
15763,-0.22489545515401813,0.0,0.3141606840313409,1,4,31,2,1086.92
15764,0.2686697348046577,0.7712437491614222,0.9794549108644023,1,4,88,6,3279.9700000000003
15766,0.11703971637257636,-0.3690702464285427,-0.43082104166177626,0,1,64,1,315.06
15768,0.396514024062849,0.2618595071429148,-0.02199020184560465,1,4,115,3,621.8299999999999
15769,-0.8938037818230972,2.0,2.692143942525351,2,0,7,26,56252.72
15773,-1.0326148013968623,-0.3690702464285427,-0.0087348612535268,1,1,5,1,635.6800000000001
15774,0.14585516457359943,-0.3690702464285427,-0.5217464722651002,0,3,68,1,270.8
15775,0.7592407718289634,-0.3690702464285427,-1.0898263744848482,0,3,245,1,104.9
15776,0.46611667641507204,-0.3690702464285427,-0.5901942139059428,0,3,133,1,241.62
15777,0.751330506756602,0.4649735207179271,0.2916928941563932,1,4,241,4,1047.11
15780,0.6191203474819041,0.2618595071429148,-0.1836729226536168,0,4,183,3,475.28
15781,-0.3250846385913979,0.2618595071429148,-0.37547266356951453,1,1,25,3,345.46000000000004
15782,-0.786133590193662,0.2618595071429148,0.8428897428182459,1,2,9,3,2614.74
15783,-0.7401449642023266,-0.3690702464285427,-0.5786793415880845,1,1,10,1,246.3
15785,-0.2100476571070129,0.6309297535714574,0.7731633424784324,1,2,32,5,2328.9700000000003
15786,-0.039410904771510984,0.2618595071429148,1.2236471719609427,1,2,46,3,4919.0
15787,-0.30687435054077433,0.2618595071429148,0.2223899445447312,1,4,26,3,933.26
15789,0.9416271652029823,-0.3690702464285427,-0.3653982411876137,0,3,358,1,351.3
15790,-0.7401449642023266,-0.3690702464285427,-0.6498642496869604,0,1,10,1,218.75
15791,-0.07123663753324773,0.0,0.5517754360636625,1,4,43,2,1612.69
15793,-0.5904904464328878,0.2618595071429148,0.24290577181673986,1,2,14,3,965.61
15795,0.5205422352001655,-0.3690702464285427,-0.033537945888145786,0,3,149,1,610.01
15796,-1.562712108492176,1.0000000000000002,0.8641392508495148,2,2,1,8,2708.61
15797,0.3881222410176829,0.4649735207179271,0.7408668277906036,1,4,113,4,2207.4
15799,0.1924790972569085,0.2618595071429148,0.18983919823199602,1,4,75,3,884.14
15800,0.3620339761283047,0.0,0.04658881840397639,1,4,107,2,696.89
15801,-0.039410904771510984,0.2618595071429148,0.3012993830484038,1,4,46,3,1063.95
15802,0.4974825056984513,-0.3690702464285427,-0.2146482431107208,0,3,142,1,451.42
15803,0.00936952474314159,-0.3690702464285427,-0.26404273509283804,0,1,51,1,415.8200000000001
15804,-1.8971662718267155,1.4021735027328797,1.1293463902242364,2,0,0,13,4206.39
15805,-0.36370647472778334,1.6309297535714573,1.2896240480529078,2,0,23,17,5488.18
15806,-0.039410904771510984,0.2618595071429148,0.11792389515592448,1,4,46,3,784.58
15807,0.0,0.2618595071429148,0.2031457974938657,1,4,50,3,903.9
15808,0.866125747072179,0.4649735207179271,1.0440693602946194,1,4,306,4,3651.27
15809,-0.15484290499498438,0.6309297535714574,-0.13449810779042395,1,4,36,5,515.77
15810,0.21115944414923474,0.4649735207179271,0.4631326536705265,1,4,78,4,1391.98
15811,-0.38424214252171446,0.7712437491614222,0.7439211119842787,2,2,22,6,2218.62
15812,0.3620339761283047,0.6309297535714574,0.6183435613251498,1,4,107,5,1801.14
15813,0.6782778514122204,0.0,0.4237700944155379,1,4,207,2,1303.91
15814,-0.5300973070953137,0.4649735207179271,0.6647331663457142,1,2,16,4,1945.33
15815,0.10955870818052117,0.6309297535714574,0.7109918130767942,1,4,63,5,2100.6
15819,-0.009555071895148155,0.4649735207179271,0.6522558357529695,1,4,49,4,1905.45
15820,0.8861372264790353,-0.3690702464285427,-0.6830415952142667,0,3,319,1,206.98
15821,-0.06039313933757419,0.0,-0.07334227967501805,1,1,44,2,570.96
15822,-1.2282579451576368,0.0,0.1907441154080934,1,2,3,2,885.47
15823,0.960086287957098,-0.3690702464285427,-2.22885742172905,0,3,372,1,15.0
15825,0.5893760917508755,-0.3690702464285427,-0.11479878375788848,0,3,172,1,532.94
15826,0.05366807768314334,0.2618595071429148,0.5671228729076391,1,4,56,3,1654.31
15827,0.17961125833955535,1.4649735207179273,0.6299200342525877,2,2,73,14,1836.09
15829,0.3248990914393916,0.0,-0.008299574932839816,0,4,99,2,636.14
15830,-0.141975066077631,-0.3690702464285427,-0.06805473993205004,1,1,37,1,576.0
15831,0.07030818744334325,0.2618595071429148,0.1255928604732896,1,4,58,3,794.64
15832,0.7765785182985138,-0.3690702464285427,0.15670419973338817,0,4,254,1,836.79
15834,0.1596422557462171,0.4649735207179271,0.7456915948769365,1,4,70,4,2225.15
15835,-0.06039313933757419,0.4649735207179271,0.23567978236291182,1,4,44,4,954.09
15836,0.0,-0.3690702464285427,-0.9286449049801693,0,1,50,1,137.37
15837,0.11703971637257636,-0.3690702464285427,-0.2995387192671401,0,1,64,1,391.98
15838,-0.6981606380623229,1.7268330278608421,2.382339259785592,2,0,11,19,33643.08
15839,-0.19564314376077413,0.2618595071429148,0.2924859097126176,1,4,33,3,1048.49
15840,0.07030818744334325,0.0,-0.35815422204741815,0,1,58,2,355.56
15841,0.17304632220108546,0.4649735207179271,0.3857135764832874,1,4,72,4,1224.06
15843,0.8613874239259875,-0.3690702464285427,-1.0147431967434914,0,3,303,1,118.95000000000002
15844,-0.039410904771510984,-0.3690702464285427,-0.9582376559084061,0,1,46,1,130.73999999999998
15845,-0.5025174943015487,1.0000000000000002,1.0539711857270164,2,2,17,8,3711.77
15847,-0.1294414948306238,0.0,-0.30370929346823433,1,1,38,2,389.27
15850,-0.45167942685912266,0.0,-0.6071739881293292,1,1,19,2,234.88
15852,0.6269240005290753,0.0,-0.8347013245596561,0,3,186,2,160.71
15853,0.00936952474314159,-0.3690702464285427,-1.0571506536403996,0,3,51,1,110.8
15854,-1.1205877535282016,1.3347175194727927,0.9194649316148248,2,0,4,12,2969.12
15855,0.476800109801566,0.6309297535714574,0.05970126454671806,1,4,136,5,712.24
15856,-1.1205877535282016,2.0331032563043374,1.9398134519273262,2,0,4,27,16143.64
15857,-0.47642922941217053,-0.3690702464285427,-0.4662825690646465,0,1,18,1,297.0
15858,-0.5593496184885577,0.6309297535714574,0.4783377264611736,1,2,15,5,1427.5700000000002
15860,-0.10531069860088949,1.0000000000000002,0.24262512664323188,1,2,40,8,965.16
15861,-0.6595388019259375,1.0000000000000002,0.9545051646915794,2,2,12,8,3146.92
15862,-0.836971657636088,0.4649735207179271,0.15388482870408476,1,2,8,4,832.88
15863,-0.3250846385913979,0.0,-1.3407199173518278,0,1,25,2,68.84
15864,-0.38424214252171446,0.7712437491614222,0.6619366927799523,1,2,22,6,1936.32
15865,-0.10531069860088949,0.2618595071429148,0.1972762136449036,1,4,40,3,895.13
15866,0.3344541633345393,-0.3690702464285427,-0.6689785796219301,0,3,101,1,211.89
15867,-1.0326148013968623,1.5237190142858297,1.0697316518976383,2,0,5,15,3810.14
15869,0.8182473718134535,0.0,-0.8774392341267113,0,3,277,2,149.64
15870,-0.2100476571070129,-0.3690702464285427,-0.3651587859442083,0,1,32,1,351.44
15872,-0.5904904464328878,0.0,-0.42855610344935563,1,1,14,2,316.25
15874,0.10955870818052117,0.8927892607143721,1.1572657552907812,2,2,63,7,4405.88
15877,-1.562712108492176,0.0,-0.16492313260078992,1,1,1,2,490.33
15880,0.9561897766380689,-0.3690702464285427,-0.4047537258144409,0,3,369,1,329.03000000000003
15881,0.8754650456516969,0.6309297535714574,-0.15150678622957997,0,4,312,5,501.39
15882,0.6569346263371555,0.4649735207179271,-0.13381040283516657,0,4,198,4,516.36
15883,-1.3670689647314018,0.0,-0.29267653241266156,1,1,2,2,396.48
15885,0.28988261725410314,0.2618595071429148,-0.3192267528926305,0,4,92,3,379.35
15886,0.08639352236479389,-0.3690702464285427,-0.763163947391876,0,3,60,1,181.09
15888,0.22322295655453953,-0.3690702464285427,-0.8070216539626562,0,3,80,1,168.31
15889,0.5425500075866052,0.0,-0.257928658437929,0,3,156,2,420.07
15891,0.7204554542873731,-0.3690702464285427,-0.13928711584182088,0,3,226,1,511.68
15894,0.7746825812311168,0.0,-0.5502379132169777,0,3,253,2,258.25
15895,0.5205422352001655,-0.3690702464285427,-0.7695526128149115,0,3,149,1,179.17
15897,0.6471370234678903,0.0,-0.6783940462861311,0,3,194,2,208.59
15898,-1.562712108492176,0.6309297535714574,0.45959608944122315,2,2,1,5,1383.83
15899,0.9548839155897378,-0.3690702464285427,-1.4605225400804522,0,3,368,1,56.25
15900,-0.36370647472778334,-0.3690702464285427,-0.38987302849679056,0,1,23,1,337.28
15901,-0.5300973070953137,0.2618595071429148,-0.3646630739507069,1,1,16,3,351.73
15903,-0.786133590193662,0.8927892607143721,1.2485747348802012,2,2,9,7,5126.76
15904,-0.836971657636088,-0.3690702464285427,-0.8200838745527558,0,1,8,1,164.68
15906,-0.45167942685912266,0.8927892607143721,0.5347297432499998,1,2,19,7,1567.6899999999998
15907,-1.2282579451576368,0.2618595071429148,0.1888715439816325,1,2,3,3,882.72
15909,0.5921571678236234,-0.3690702464285427,-0.7282812409595496,0,3,173,1,191.94
15910,-1.8971662718267155,1.0000000000000002,0.38808021509705737,2,2,0,8,1228.88
15912,0.6058270725080276,0.0,-0.5356082530582248,0,3,178,2,264.62
15916,-0.5300973070953137,1.0000000000000002,0.5092926925098592,2,2,16,8,1502.86
15917,0.7631478001624079,-0.3690702464285427,-0.9942440217792293,0,3,247,1,123.1
15918,0.6371363470810009,0.0,-0.3953316626965454,0,3,190,2,334.23
15919,-0.45167942685912266,0.0,-0.12303838313055769,1,1,19,2,525.69
15920,0.5363638284573033,0.4649735207179271,-0.8099119250710877,0,3,154,4,167.5
15921,0.5893760917508755,-0.3690702464285427,-0.4158115855089288,0,3,172,1,323.03000000000003
15922,0.9613781638636149,-0.3690702464285427,-0.33504044185575876,0,3,373,1,369.5
15923,0.960086287957098,-0.3690702464285427,-0.9752186248558279,0,3,372,1,127.08
15925,0.6471370234678903,-0.3690702464285427,-0.6825491644797268,0,3,194,1,207.15
15930,0.1388110195737654,-0.3690702464285427,-0.2486114991915488,0,1,67,1,426.63
15932,-1.1205877535282016,1.0000000000000002,0.8148590969437434,2,2,4,8,2495.87
15933,-0.405690800867787,0.2618595071429148,0.3254334593705331,1,2,21,3,1107.46
15935,0.7473262069052701,0.0,-0.26254084279980666,0,3,239,2,416.86
15937,0.11703971637257636,-0.3690702464285427,-0.8948521261367259,0,3,64,1,145.35
15938,0.3838709768396838,0.6309297535714574,-0.2805181167989443,1,4,112,5,404.58
15939,0.27406102399696536,1.5237190142858297,1.3547937329847652,2,0,89,15,6115.01
15940,0.8739209951729948,-0.3690702464285427,-1.7268699766824946,0,3,311,1,35.8
15942,0.46611667641507204,-0.3690702464285427,-0.38958803417263527,0,3,133,1,337.44
15944,0.8165085758314399,-0.3690702464285427,-0.41197365737477243,0,3,276,1,325.1
15945,0.9509449927946468,-0.3690702464285427,-0.7634619081011774,0,3,365,1,181.0
15947,0.2349922074091187,-0.3690702464285427,0.5864454862545233,1,4,82,1,1708.24
15948,-0.836971657636088,0.0,0.23640503188003387,1,2,8,2,955.24
15949,-0.5300973070953137,0.0,-0.3428666540700992,1,1,16,2,364.72
15950,-0.22489545515401813,0.4649735207179271,0.5991698290371982,1,2,31,4,1744.71
15951,-0.836971657636088,0.0,0.056294733286733956,1,1,8,2,708.22
15952,-0.19564314376077413,0.4649735207179271,0.11587200003531553,1,4,33,4,781.91
15953,-0.5593496184885577,1.0000000000000002,0.5682032690547795,2,2,15,8,1657.28
15955,-0.3440092352296877,1.4649735207179273,1.1586836709410036,2,0,24,14,4416.26
15957,-0.22489545515401813,-0.3690702464285427,-0.24543469520680153,0,1,31,1,428.89
15958,0.18608807186562598,-0.3690702464285427,-1.0929646580697745,0,3,74,1,104.35
15963,-0.45167942685912266,0.0,-0.18941991072847347,1,1,19,2,470.76
15965,-0.5025174943015487,0.4649735207179271,0.13627672788780673,1,2,17,4,808.87
15967,-0.36370647472778334,0.0,-0.2908597352095838,1,1,23,2,397.68
15969,-1.3670689647314018,0.2618595071429148,0.01939444064439017,1,2,2,3,666.1
15970,0.8613874239259875,-0.3690702464285427,-0.43265444210706894,0,3,303,1,314.1
15971,-0.5025174943015487,1.3347175194727927,1.1284088326029367,2,0,17,12,4199.85
15973,0.9522615430325725,-0.3690702464285427,-0.4447875102163094,0,3,366,1,307.82000000000005
15974,-0.11722526352458314,0.8927892607143721,1.0085333645709076,2,2,39,7,3442.15
15975,0.24648121120320038,-0.3690702464285427,-0.3325891192456596,0,3,84,1,371.01
15976,0.5694463707436582,0.0,-0.2471897071506292,0,3,165,2,427.64
15977,-0.5025174943015487,0.0,0.2960587500285914,1,1,17,2,1054.73
15978,0.20501266850391572,-0.3690702464285427,0.3206953953834069,1,4,77,1,1098.78
15980,0.2686697348046577,0.2618595071429148,0.790975902973745,1,4,88,3,2398.86
15981,-0.3440092352296877,1.0000000000000002,1.0026107351433864,2,2,24,8,3408.48
15983,-0.38424214252171446,0.4649735207179271,0.49397487186195743,1,2,22,4,1465.12
15984,-1.3670689647314018,1.1826583386441383,0.8799492856984084,2,0,2,10,2780.63
15985,0.4286936368278683,0.0,0.34414830749466213,1,4,123,2,1142.42
15986,-0.2402146898412107,-0.3690702464285427,-0.8076983755406995,0,1,30,1,168.12
15987,-0.6595388019259375,0.8927892607143721,0.4805275435156429,2,2,12,7,1432.77
15988,-0.45167942685912266,-0.3690702464285427,-0.8495293191539375,0,1,19,1,156.78
15990,-0.06039313933757419,0.0,0.1236733496875344,1,4,44,2,792.11
15992,-1.2282579451576368,-0.3690702464285427,-1.6331696821682053,0,1,3,1,41.99
15993,-0.836971657636088,0.8927892607143721,0.8793076053191405,2,2,8,7,2777.67
15994,0.036433554096187475,-0.3690702464285427,-0.26628810102913464,0,1,54,1,414.27
15996,0.2686697348046577,0.7712437491614222,0.2832792944966834,1,4,88,6,1032.58
15998,-0.15484290499498438,0.6309297535714574,0.9415977407935083,1,2,36,5,3080.22
16000,-1.3670689647314018,0.2618595071429148,1.7805104881403058,2,0,2,3,12393.7
16003,-0.2560362830983483,0.6309297535714574,0.8700622107769976,1,2,29,5,2735.37
16005,-0.6595388019259375,0.4649735207179271,-0.06523070003903271,1,2,12,4,578.71
16006,0.6874688981200932,-0.3690702464285427,-1.1100819637955683,0,3,211,1,101.4
16007,-0.029252311393243784,0.4649735207179271,0.5813357529421225,1,4,47,4,1693.81
16008,-0.36370647472778334,0.2618595071429148,-0.17926016508881815,1,1,23,3,478.78
16009,-0.38424214252171446,0.4649735207179271,0.24694502588031061,1,2,22,4,972.11
16010,0.7592407718289634,0.2618595071429148,-0.2988949324132137,0,3,245,3,392.4
16011,-0.836971657636088,1.578901923162566,0.9927157122552502,2,0,8,16,3352.96
16012,-0.16806333096700918,0.2618595071429148,0.4731345878301133,1,4,35,3,1415.29
16013,-1.2282579451576368,2.5237190142858306,2.4417834973408303,2,0,3,47,37130.6
16014,-0.141975066077631,0.2618595071429148,0.001728555368480864,1,4,37,3,646.83
16015,-1.2282579451576368,0.2618595071429148,0.053167887747628415,1,2,3,3,704.55
16016,-1.2282579451576368,1.0000000000000002,0.4941351715099449,2,2,3,8,1465.51
16017,-0.029252311393243784,-0.3690702464285427,-0.6690068902936958,0,1,47,1,211.88
16018,-0.11722526352458314,0.0,-0.2741325459583231,1,1,39,2,408.9
16019,-0.039410904771510984,1.0959032742893848,1.0659402174105852,2,2,46,9,3786.24
16020,-0.5300973070953137,0.2618595071429148,0.16684797863535727,1,2,16,3,851.01
16022,0.7878003115843977,-0.3690702464285427,-0.040861794508444946,0,3,260,1,602.63
16023,-0.039410904771510984,0.2618595071429148,0.0660642488468731,1,4,46,3,719.8100000000001
16024,-0.6595388019259375,-0.3690702464285427,-0.5672607719766686,0,1,12,1,251.03
16025,-0.2560362830983483,-0.3690702464285427,-0.23052154563120691,0,1,29,1,439.66
16026,-0.07123663753324773,-0.3690702464285427,-0.6040902467027265,0,1,43,1,236.09
16027,0.2846661841473646,0.7712437491614222,0.2232666434828331,1,4,91,6,934.62
16029,-0.1294414948306238,2.7855785214287443,2.910768062410202,2,0,38,63,80850.84
16030,0.8708179917918428,-0.3690702464285427,-0.40073133712062803,0,3,309,1,331.24
16031,0.28988261725410314,0.0,-0.09814472207947006,0,4,92,2,547.9
16033,-1.0326148013968623,1.7712437491614224,1.5726945091489526,2,0,5,20,8778.82
16034,0.6520606923420712,0.2618595071429148,-0.23320822175545491,0,4,196,3,437.7
16036,0.263217525801292,0.0,0.09790902461063511,1,4,87,2,758.9200000000001
16037,0.8041583310922792,0.2618595071429148,0.16967790352054196,0,4,269,3,855.02
16038,-0.8938037818230972,0.2618595071429148,-0.1881182277728388,1,1,7,3,471.78
16040,0.1244065062275264,0.2618595071429148,0.42820610379311586,1,4,65,3,1313.55
16041,-0.2402146898412107,0.2618595071429148,0.9582232572816782,1,2,30,3,3166.4
16042,-0.38424214252171446,0.6309297535714574,0.3623455090106661,1,2,22,5,1177.47
16043,-0.141975066077631,0.4649735207179271,0.10974405899978153,1,4,37,4,773.99
16045,0.4128720435707305,0.4649735207179271,0.4405269700462489,1,4,119,4,1340.7
16048,0.9613781638636149,0.0,-0.5544604702782547,0,3,373,2,256.44000000000005
16049,-0.10531069860088949,0.2618595071429148,0.3074143033557061,1,4,40,3,1074.81
16050,0.5921571678236234,-0.3690702464285427,-0.9263408186455188,0,3,173,1,137.9
16052,0.036433554096187475,-0.3690702464285427,-0.34726624554170804,0,1,54,1,362.06
16053,-0.2100476571070129,0.0,0.5129246643329052,1,4,32,2,1511.95
16054,0.507500485535625,-0.3690702464285427,0.11740197777278016,0,4,145,1,783.9
16055,0.7075301628054642,-0.3690702464285427,-0.9399441946884011,0,3,220,1,134.8
16056,-0.04978797918717493,-0.3690702464285427,0.005364435836709859,1,1,45,1,650.75
16057,-0.5300973070953137,0.8927892607143721,0.755884634794687,2,2,16,7,2263.12
16059,0.1244065062275264,0.7712437491614222,0.48903819903499973,1,4,65,6,1453.16
16062,-0.786133590193662,0.4649735207179271,0.35002305370202297,1,2,9,4,1153.62
16063,0.7878003115843977,-0.3690702464285427,-0.3933751901512597,0,3,260,1,335.32
16065,0.9509449927946468,-0.3690702464285427,-0.33889172891427916,0,3,365,1,367.14
16066,-0.5300973070953137,0.6309297535714574,0.516534880023703,1,2,16,5,1521.04
16070,-0.38424214252171446,0.0,0.16765384867823063,1,1,22,2,852.1500000000001
16071,-0.06039313933757419,-0.3690702464285427,-0.4098704055424278,0,1,44,1,326.24
16072,0.8369716576360883,-0.3690702464285427,-0.0594263400293863,0,3,288,1,584.3199999999999
16073,0.8517688589900415,-0.3690702464285427,-0.997653196243547,0,3,297,1,122.4
16076,-1.2282579451576368,1.1826583386441383,0.7482796500021489,2,2,3,10,2234.73
16078,0.8285505824152961,-0.3690702464285427,-1.2573576435973388,0,3,283,1,79.2
16079,-0.5300973070953137,0.2618595071429148,0.4455816748627519,1,2,16,3,1352.0
16080,0.22914346473365005,0.0,-0.6542408753452919,0,3,81,2,217.16
16081,0.05366807768314334,0.6309297535714574,0.8840067987942308,1,4,56,5,2799.42
16083,0.32970027894145965,0.0,0.43006922491180827,1,4,100,2,1317.62
16084,0.854996398534705,-0.3690702464285427,-0.2353000433703294,0,3,299,1,436.18
16085,-0.36370647472778334,0.6309297535714574,0.2527389387542358,1,2,23,5,981.51
16086,0.07841788023619099,0.6309297535714574,0.33296028098334224,1,4,59,5,1121.39
16091,0.5363638284573033,0.0,-0.43082104166177626,0,3,154,2,315.06
16092,0.3923363757767996,0.2618595071429148,0.14293007587057519,1,4,114,3,817.86
16093,0.3575454287574991,-0.3690702464285427,-2.1578705595241776,0,3,106,1,17.0
16094,-0.6981606380623229,0.4649735207179271,0.30932722141452773,1,2,11,4,1078.23
16096,0.7951390897495282,-0.3690702464285427,-0.42031090814205363,0,3,264,1,320.62
16097,0.7493325106808756,-0.3690702464285427,-0.7501974056841993,0,3,240,1,185.05
16098,0.263217525801292,0.8927892607143721,0.683121984330291,1,4,87,7,2005.63
16099,0.0,0.2618595071429148,0.07608923469397685,1,4,50,3,731.9000000000001
16101,0.1596422557462171,-0.3690702464285427,0.41763777071902153,1,4,70,1,1290.7
16102,-0.08232943326112528,0.2618595071429148,0.6319015888217949,1,4,42,3,1842.14
16103,-0.8938037818230972,0.7712437491614222,0.47921039556279726,2,2,7,6,1429.64
16104,0.09423947349332881,-0.3690702464285427,-0.4638403527649611,0,1,61,1,298.21
16105,0.7650895145044322,-0.3690702464285427,-0.3904434217590765,0,3,248,1,336.96
16106,0.1244065062275264,-0.3690702464285427,-1.07033965992925,0,3,65,1,108.38
16107,-0.5025174943015487,0.8927892607143721,0.965365726334004,2,2,17,7,3204.1600000000003
16108,0.24648121120320038,-0.3690702464285427,0.16079794089941374,0,4,84,1,842.5
16109,0.7031436292963993,0.0,-0.03169622085904385,0,4,218,2,611.8799999999999
16110,-0.04978797918717493,0.2618595071429148,0.4315893243934091,1,4,45,3,1320.95
16112,0.5008449957020699,0.4649735207179271,-0.7165264616770515,0,3,143,4,195.74
16113,0.6191203474819041,-0.3690702464285427,-0.8322093992411568,0,3,183,1,161.38
16114,0.5837653847784572,-0.3690702464285427,-0.9357426942829898,0,3,170,1,135.75000000000003
16115,-0.786133590193662,1.0000000000000002,0.5695102488985713,2,2,9,8,1660.88
16116,0.6874688981200932,-0.3690702464285427,-0.030811831281603898,0,3,211,1,612.78
16117,0.634603452220883,-0.3690702464285427,-0.6140349500457556,0,3,189,1,232.21
16119,-0.836971657636088,0.0,-0.25323787192654496,1,1,8,2,423.36
16120,0.07841788023619099,0.4649735207179271,0.42618081847873723,1,4,59,4,1309.14
16121,0.062059860728309484,0.0,0.16942438764365023,1,4,57,2,854.6600000000001
16122,0.17961125833955535,0.4649735207179271,0.03572246229479656,1,4,73,4,684.4200000000001
16123,0.00936952474314159,-0.3690702464285427,-0.44486557909411006,0,1,51,1,307.78
16124,0.8831120418808676,-0.3690702464285427,-0.5721348667192278,0,3,317,1,249.0
16125,0.9535745108164436,-0.3690702464285427,-0.4819564082200739,0,3,367,1,289.35
16126,-0.2560362830983483,0.4649735207179271,1.3715820608337026,2,2,29,4,6287.77
16127,-0.11722526352458314,-0.3690702464285427,0.010429102076030027,1,1,39,1,656.25
16128,-0.5025174943015487,0.6309297535714574,0.6442265526340536,1,2,17,5,1880.22
16131,0.00936952474314159,0.7712437491614222,1.0197001497541902,2,2,51,6,3506.5400000000004
16133,-1.2282579451576368,2.2098316767340234,1.8787915152254018,2,0,3,33,14589.04
16134,-0.405690800867787,0.0,-0.025620184301536137,1,1,21,2,618.09
16135,0.7914836528511833,-0.3690702464285427,-0.13242571983943388,0,3,262,1,517.55
16136,0.07841788023619099,0.2618595071429148,0.05727969041424035,1,4,59,3,709.38
16139,-0.47642922941217053,0.2618595071429148,-0.008990501893386568,1,1,18,3,635.41
16140,0.1244065062275264,0.0,0.0705376308044992,1,4,65,2,725.18
16141,0.2686697348046577,-0.3690702464285427,-0.023375555938714,0,4,88,1,620.4
16142,0.7670234464033656,-0.3690702464285427,-0.11209582268168185,0,3,249,1,535.34
16143,-1.2282579451576368,0.7712437491614222,0.7974902025697687,2,2,3,6,2424.94
16144,0.7611982404886077,-0.3690702464285427,-0.7829812694214983,0,3,246,1,175.2
16145,-0.836971657636088,1.261859507142915,1.0680451087591463,2,0,8,11,3799.49
16146,0.5456136074837743,0.2618595071429148,0.07792026485622477,1,4,157,3,734.13
16147,0.46611667641507204,-0.3690702464285427,-0.32615935805623597,0,3,133,1,375.0
16148,0.8501469570836147,-0.3690702464285427,-1.279398599010446,0,3,296,1,76.32000000000001
16149,-1.1205877535282016,0.0,-0.5005696979907479,1,1,4,2,280.52
16150,-0.08232943326112528,0.6309297535714574,0.6971901055300305,1,2,42,5,2053.02
16152,0.8023679195283855,-0.3690702464285427,0.6276027005491713,0,4,268,1,1829.04
16153,-0.009555071895148155,0.6309297535714574,0.6260165255621646,1,4,49,5,1824.23
16156,-0.836971657636088,1.0959032742893848,0.943905329077662,2,2,8,9,3092.04
16157,-0.5593496184885577,0.2618595071429148,0.010832442720681972,1,1,15,3,656.69
16159,0.8251405656583424,-0.3690702464285427,-0.3707249882810319,0,3,281,1,348.2
16160,0.1244065062275264,0.0,0.27910143581067054,1,4,65,2,1025.44
16161,-1.562712108492176,1.7268330278608421,1.2945981002539886,2,0,1,19,5533.67
16162,0.7727791651026745,-0.3690702464285427,-1.7012196487944156,0,3,252,1,37.4
16163,0.7330435254907093,0.0,0.17078929719285488,0,4,232,2,856.6000000000001
16164,-0.5025174943015487,0.2618595071429148,0.1463209001384142,1,2,17,3,822.48
16168,-0.7401449642023266,2.0331032563043374,1.066156605499421,2,0,10,27,3787.6
16169,-0.836971657636088,0.4649735207179271,0.6256003293453188,1,2,8,4,1822.97
16170,0.0,0.7712437491614222,0.6457719702329038,1,2,50,6,1885.05
16171,0.07841788023619099,-0.3690702464285427,-1.3042225700808048,0,3,59,1,73.2
16172,0.3052018519412955,0.6309297535714574,0.3429822988617382,1,4,95,5,1140.21
16173,-0.5593496184885577,0.7712437491614222,0.47442260462681285,1,2,15,6,1418.3200000000002
16174,0.4402284178965773,0.2618595071429148,0.2696983793973748,1,4,126,3,1009.55
16175,0.3001492888863435,0.4649735207179271,0.2861936224521831,1,4,94,4,1037.59
16177,0.0,-0.3690702464285427,-0.39944475345309355,0,1,50,1,331.95
16178,0.483793208478914,-0.3690702464285427,-0.7099455948103556,0,3,138,1,197.9
16179,0.08639352236479389,-0.3690702464285427,-0.6579263968812856,0,3,60,1,215.83
16180,0.32970027894145965,1.0000000000000002,1.6663088309844472,2,0,100,8,10254.18
16181,0.17961125833955535,-0.3690702464285427,-0.449253655060733,0,3,73,1,305.54
16182,0.17304632220108546,0.4649735207179271,1.402395229433749,1,4,72,4,6617.65
16183,0.1388110195737654,-0.3690702464285427,-0.387330659257779,0,3,67,1,338.71000000000004
16184,0.11703971637257636,0.7712437491614222,0.35271568072730464,1,4,64,6,1158.79
16185,-0.5300973070953137,0.0,-0.11879654695226335,1,1,16,2,529.41
16186,-0.38424214252171446,1.3347175194727927,1.100076600178142,2,0,22,12,4006.94
16187,-0.22489545515401813,1.5237190142858297,1.4285708940578157,2,0,31,15,6911.4400000000005
16188,-0.06039313933757419,0.4649735207179271,0.252953597683345,1,4,44,4,981.86
16189,-0.5593496184885577,0.0,-0.6589000284771298,1,1,15,2,215.48
16190,-0.10531069860088949,-0.3690702464285427,-0.6600146796840257,0,1,40,1,215.08
16191,-1.3670689647314018,1.4021735027328797,1.2548605281488276,2,0,2,13,5180.52
16193,0.7412567512445486,-0.3690702464285427,-0.43198536866583137,0,3,236,1,314.45
16198,0.1924790972569085,-0.3690702464285427,-0.2863400587752786,0,3,75,1,400.681
16200,-1.1205877535282016,0.0,0.30407736769337546,1,2,4,2,1068.87
16201,-1.2282579451576368,0.4649735207179271,0.6388362753469677,2,2,3,4,1863.47
16202,0.9443078130023744,-0.3690702464285427,-0.341960957224354,0,3,360,1,365.27
16203,0.07030818744334325,0.4649735207179271,-0.05065581994210348,1,4,58,4,592.9
16204,-0.36370647472778334,-0.3690702464285427,-0.31162146058083595,0,1,23,1,384.18
16205,-0.2402146898412107,0.4649735207179271,0.09688505763401713,1,4,30,4,757.63
16206,0.036433554096187475,0.4649735207179271,-0.11016613044207388,1,4,54,4,537.06
16207,-0.3250846385913979,-0.3690702464285427,-0.29586916567650307,0,1,25,1,394.38
16208,-0.06039313933757419,0.0,0.01772979520498452,1,4,44,2,664.26
16209,0.2686697348046577,0.6309297535714574,0.755751523852312,1,4,88,5,2262.62
16210,-1.562712108492176,1.6801438592463753,2.100782082909708,2,0,1,18,21086.300000000003
16211,0.2686697348046577,-0.3690702464285427,-0.09911173670453965,0,3,88,1,547.02
16212,-0.45167942685912266,0.0,0.040905583631723724,1,1,19,2,690.34
16213,0.21115944414923474,-0.3690702464285427,-0.8411084152573981,0,3,78,1,159.0
16214,0.5837653847784572,0.2618595071429148,0.3006198789759243,1,4,170,3,1062.75
16215,0.22322295655453953,-0.3690702464285427,-0.5883835453542278,0,3,80,1,242.35
16216,0.8005708397496115,-0.3690702464285427,0.21044771053433503,0,4,267,1,914.93
16217,0.7392165141124223,0.0,-0.4517952902341874,0,3,235,2,304.25
16218,-0.2560362830983483,0.8927892607143721,0.9424694934115866,2,2,29,7,3084.68
16221,-0.15484290499498438,0.2618595071429148,0.17377566738764447,1,4,36,3,860.86
16222,0.8846270050181589,-0.3690702464285427,0.10940178403963939,0,3,318,1,773.5500000000001
16224,0.062059860728309484,0.4649735207179271,0.4197802629169747,1,4,57,4,1295.3000000000002
16225,-0.06039313933757419,0.6309297535714574,0.3193457778971135,1,4,44,5,1096.3200000000002
16226,0.6689083266690788,0.2618595071429148,-0.5575586665674888,0,3,203,3,255.12
16227,0.7183251401742233,-0.3690702464285427,-0.4324249618139891,0,3,225,1,314.22
16229,0.263217525801292,0.0,0.27032427399415604,1,4,87,2,1010.6
16230,0.634603452220883,0.0,-0.10462468795554955,0,4,189,2,542.03
16232,-0.07123663753324773,0.4649735207179271,0.25845945391182934,1,4,43,4,990.88
16233,0.16639083236753036,0.2618595071429148,-0.11059192639485305,1,4,71,3,536.6800000000001
16235,-0.10531069860088949,0.6309297535714574,0.1782693063992244,1,4,40,5,867.31
16236,0.21115944414923474,-0.3690702464285427,-0.2408119573100221,0,3,78,1,432.2
16239,0.05366807768314334,0.0,-0.2663897023430998,0,1,56,2,414.2
16240,-0.3440092352296877,0.0,1.055111282400435,1,2,24,2,3718.8
16241,-0.786133590193662,1.4021735027328797,0.83723438435594,2,0,9,13,2590.31
16242,-0.836971657636088,0.8927892607143721,1.03216867131826,2,2,8,7,3579.86
16243,-0.19564314376077413,0.0,-0.27383854998382157,1,1,33,2,409.1
16244,0.6874688981200932,0.0,0.5172116193763586,1,4,211,2,1522.75
16245,-0.36370647472778334,0.2618595071429148,0.47244055392779954,1,2,23,3,1413.66
16247,0.5837653847784572,-0.3690702464285427,-1.0372146266305686,0,3,170,1,114.56
16248,0.09423947349332881,-0.3690702464285427,-0.8643788850725691,0,3,61,1,152.94
16249,0.018560571451014377,0.6309297535714574,0.6179856137305119,1,4,52,5,1800.0700000000002
16250,0.7896454968649371,0.0,-0.3034468205994315,0,3,261,2,389.44
16253,0.1316625130805325,0.0,1.0494234572901404,1,4,66,2,3683.86
16255,-0.5300973070953137,1.0000000000000002,0.8440797850346777,2,2,16,8,2619.91
16256,0.7987670418999716,-0.3690702464285427,0.09273970707752942,0,3,266,1,752.4300000000001
16257,0.6004054945386567,-0.3690702464285427,-1.5673610056252063,0,3,176,1,46.95
16258,-0.04978797918717493,0.6309297535714574,1.2575287094723866,2,2,45,5,5203.51
16260,0.0,-0.3690702464285427,0.28495050350332146,1,4,50,1,1035.45
16261,-0.5025174943015487,0.4649735207179271,0.0733198249467238,1,2,17,4,728.54
16265,-0.786133590193662,1.0959032742893848,1.285085590615093,2,0,9,9,5447.0
16266,0.17961125833955535,0.8927892607143721,0.17449550801573174,1,4,73,7,861.89
16268,0.16639083236753036,0.0,0.02079316437225754,1,4,71,2,667.65
16270,0.9348596578731962,-0.3690702464285427,0.3435260134427038,0,4,353,1,1141.24
16271,-1.3670689647314018,0.6309297535714574,0.4685854335560171,2,2,2,5,1404.64
16272,0.40065581226469005,-0.3690702464285427,-0.2700295958548311,0,3,116,1,411.7
16274,0.9613781638636149,-0.3690702464285427,-0.36462890194095815,0,3,373,1,351.75
16275,0.6520606923420712,-0.3690702464285427,-0.08514292916758595,0,3,196,1,559.87
16276,0.6004054945386567,-0.3690702464285427,0.13756279188964424,0,4,176,1,810.6000000000001
16278,0.32970027894145965,-0.3690702464285427,-0.07818779202144123,0,3,100,1,566.38
16279,-0.405690800867787,0.2618595071429148,0.5092606306016032,1,2,21,3,1502.7800000000002
16281,0.17304632220108546,-0.3690702464285427,0.6998368075845693,1,4,72,1,2062.06
16282,0.9153895378722794,-0.3690702464285427,-0.8070572519506634,0,3,339,1,168.3
16283,-1.0326148013968623,0.6309297535714574,0.5359272588266716,2,2,5,5,1570.81
16284,-0.22489545515401813,0.0,0.13910541776926383,1,4,31,2,812.6800000000001
16287,0.5809353745377399,-0.3690702464285427,-0.9067046485160705,0,3,169,1,142.5
16292,0.4208476856993334,-0.3690702464285427,-0.45575712363472387,0,3,121,1,302.25
16293,-0.405690800867787,1.1826583386441383,0.7521115490523225,2,2,21,10,2248.99
16295,-0.786133590193662,0.4649735207179271,0.4350443270227418,1,2,9,4,1328.55
16297,0.8023679195283855,-0.3690702464285427,-0.45645313000596976,0,3,268,1,301.9
16298,-0.38424214252171446,0.2618595071429148,-0.045301218968294664,1,1,22,3,598.2
16302,0.4402284178965773,-0.3690702464285427,-0.6114304120380292,0,3,126,1,233.22
16303,-0.3250846385913979,0.2618595071429148,1.275454253925529,1,2,25,3,5360.63
16305,0.483793208478914,-0.3690702464285427,-0.3486622892335612,0,3,138,1,361.22
16306,0.6919995920920387,0.7712437491614222,-0.011971498535789403,1,4,213,6,632.27
16308,-0.141975066077631,0.4649735207179271,0.8301432748355535,1,2,37,4,2560.0
16309,0.3575454287574991,0.0,0.05489093764500711,1,4,106,2,706.5699999999999
16311,-0.5025174943015487,0.0,-0.02740435008296438,1,1,17,2,616.26
16313,-1.2282579451576368,0.0,-0.5143635576929518,1,1,3,2,274.15
16315,0.9024449813519584,-0.3690702464285427,-0.629319627545831,0,3,330,1,226.37
16316,0.11703971637257636,1.0000000000000002,0.9133033805161924,2,2,64,8,2938.91
16317,0.4128720435707305,0.2618595071429148,0.4409535591072076,1,4,119,3,1341.65
16318,-0.16806333096700918,-0.3690702464285427,-0.4063629040132925,0,1,35,1,328.15
16319,0.7009353171450358,-0.3690702464285427,-0.28078565610748807,0,3,217,1,404.4
16322,-1.562712108492176,0.0,-0.4089318481679211,1,1,1,2,326.75
16323,0.6520606923420712,-0.3690702464285427,-0.6815366016229422,0,3,196,1,207.50000000000003
16324,0.44776787383418837,0.2618595071429148,-0.2745885233271814,0,4,128,3,408.59
16325,-0.039410904771510984,0.2618595071429148,-0.04929751517095523,1,4,46,3,594.24
16326,-1.0326148013968623,1.4649735207179273,0.933524238258109,2,0,5,14,3039.22
16327,-0.5904904464328878,0.7712437491614222,1.0713314797025764,2,2,14,6,3820.27
16330,-0.5025174943015487,0.2618595071429148,-0.5651600500515064,1,1,17,3,251.91
16332,-0.2723943026062298,0.8927892607143721,0.54050723460764,1,2,28,7,1582.8
16333,-0.8938037818230972,1.854049830200271,2.2413809155744833,2,0,7,22,26626.8
16337,-0.15484290499498438,-0.3690702464285427,-0.8718242386255105,0,1,36,1,151.05
16338,0.5456136074837743,-0.3690702464285427,-0.660796163937345,0,3,157,1,214.8
16339,0.8302465959816574,-0.3690702464285427,-1.154972640286647,0,3,284,1,94.05
16340,0.3620339761283047,-0.3690702464285427,-0.11325435891833215,0,3,107,1,534.31
16341,-0.3440092352296877,0.4649735207179271,0.6728958950535934,1,2,24,4,1971.87
16342,0.1924790972569085,0.4649735207179271,-0.41696588240255306,0,4,75,4,322.41
16343,-0.5300973070953137,0.0,-0.40557606423616305,1,1,16,2,328.58000000000004
16344,0.5486578785463281,-0.3690702464285427,-1.1118502537753896,0,3,158,1,101.1
16345,-0.06039313933757419,-0.3690702464285427,-0.07916584274923279,0,1,44,1,565.46
16347,-0.6981606380623229,0.0,0.16432444298730864,1,1,11,2,847.45
16348,-0.2100476571070129,0.8927892607143721,0.4732877637011501,1,2,32,7,1415.65
16349,0.8402993629831766,-0.3690702464285427,-1.4901912104572101,0,3,290,1,53.5
16350,-0.405690800867787,0.4649735207179271,0.3303125725470644,1,2,21,4,1116.47
16351,0.9053517091956431,-0.3690702464285427,-0.8606320522153015,0,3,332,1,153.9
16352,-0.5025174943015487,0.0,-0.15990255565114264,1,1,17,2,494.44
16353,-1.2282579451576368,1.8927892607143728,1.4076590966201472,2,0,3,23,6675.71
16354,0.10955870818052117,0.0,-0.2937084870897428,0,1,63,2,395.8
16356,0.6545038133228402,0.2618595071429148,-0.6693183954853382,0,3,197,3,211.77
16357,-0.19564314376077413,0.2618595071429148,0.01283597364027721,1,4,33,3,658.88
16358,-1.562712108492176,0.4649735207179271,0.6896551058543903,2,2,1,4,2027.5
16359,-0.8938037818230972,1.0959032742893848,0.6013099751429767,2,2,7,9,1750.92
16360,-1.1205877535282016,0.7712437491614222,1.0099774701031818,2,2,4,6,3450.41
16361,-0.786133590193662,0.4649735207179271,0.19463403666726942,1,2,9,4,891.21
16362,-0.2100476571070129,0.6309297535714574,0.05779699693034104,1,4,32,5,709.99
16363,0.02757981279376517,-0.3690702464285427,-1.0649638356184286,0,3,53,1,109.36
16364,-0.6981606380623229,0.0,0.05422618524595062,1,1,11,2,705.79
16365,-0.5025174943015487,1.0959032742893848,0.5241604548043002,2,2,17,9,1540.42
16366,-0.47642922941217053,-0.3690702464285427,-0.407921313811284,0,1,18,1,327.3
16367,-0.141975066077631,0.0,0.13014332147475635,1,4,37,2,800.6700000000001
16368,-1.3670689647314018,0.0,-0.17784234669680696,1,1,2,2,479.91
16369,-0.47642922941217053,0.2618595071429148,0.5261083822352326,1,2,18,3,1545.41
16370,0.2349922074091187,0.4649735207179271,0.4228456566032045,1,4,82,4,1301.91
16372,-0.19564314376077413,0.0,-0.35786694030500754,1,1,33,2,355.73
16374,0.1316625130805325,0.0,-0.1945905088030724,0,4,66,2,466.73
16376,-0.836971657636088,0.0,0.24870758204419463,1,2,8,2,974.96
16377,0.8005708397496115,-0.3690702464285427,0.028450902851048048,0,3,267,1,676.2
16378,0.7631478001624079,0.2618595071429148,-0.34579062371312824,0,3,247,3,362.95
16379,-1.1205877535282016,0.4649735207179271,0.7270645452008817,2,2,4,4,2157.4
16380,0.09423947349332881,-0.3690702464285427,0.5986310113365252,1,4,61,1,1743.15
16383,0.18608807186562598,0.0,-0.0011343278473157693,1,4,74,2,643.76
16384,0.27406102399696536,0.0,-0.059241026294918814,0,4,89,2,584.5
16385,0.08639352236479389,0.2618595071429148,-0.09055069264527525,1,4,60,3,554.86
16386,-0.2723943026062298,0.0,-0.4551214775672701,1,1,28,2,302.57
16387,0.8906397353192314,-0.3690702464285427,-1.1530101950036724,0,3,322,1,94.36
16389,0.02757981279376517,0.4649735207179271,0.45882963285108136,1,4,53,4,1382.07
16392,0.8041583310922792,-0.3690702464285427,-0.6522275341886005,0,3,269,1,217.89
16393,-1.3670689647314018,1.4021735027328797,0.9338690763421049,2,0,2,13,3040.96
16394,0.05366807768314334,0.6309297535714574,0.5299660887015656,1,4,56,5,1555.34
16395,0.08639352236479389,0.6309297535714574,0.500898633916955,1,4,60,5,1482.06
16398,0.5363638284573033,0.0,0.5855845079958453,1,4,154,2,1705.8000000000002
16399,-0.45167942685912266,0.0,-0.27542783470845567,1,1,19,2,408.02
16400,0.3001492888863435,-0.3690702464285427,-0.45242743607026775,0,3,94,1,303.93
16401,-1.562712108492176,1.3347175194727927,1.1136635095076464,2,0,1,12,4098.32
16402,0.7951390897495282,0.0,-0.4735053938410174,0,3,264,2,293.45
16403,0.8754650456516969,-0.3690702464285427,-0.7751650279718678,0,3,312,1,177.5
16404,0.1596422557462171,-0.3690702464285427,-0.22590277793623278,0,1,70,1,443.05
16405,0.859797586036773,0.0,-0.8108067904704946,0,3,302,2,167.25
16406,-0.47642922941217053,-0.3690702464285427,-0.8588837107404254,0,1,18,1,154.35
16407,-0.6595388019259375,1.1826583386441383,0.7049623668083764,2,2,12,10,2079.68
16409,-0.15484290499498438,0.6309297535714574,0.6883106610821157,1,2,36,5,2022.98
16411,-0.45167942685912266,0.0,-0.669516709922949,0,1,19,2,211.7
16412,0.02757981279376517,-0.3690702464285427,-0.9346858808567549,0,3,53,1,135.99
16413,0.05366807768314334,-0.3690702464285427,-0.5411243991269628,0,1,56,1,262.2
16414,-0.405690800867787,0.0,-0.9791369728971937,0,1,21,2,126.25
16415,-0.06039313933757419,-0.3690702464285427,-0.7028066482893135,0,1,44,1,200.27
16416,-0.30687435054077433,0.2618595071429148,0.2941547259415052,1,4,26,3,1051.4
16418,-0.06039313933757419,0.2618595071429148,-0.013066964260920558,1,4,44,3,631.12
16419,0.3838709768396838,0.7712437491614222,0.23858811871400387,1,4,112,6,958.71
16422,-0.5025174943015487,2.596577026615708,2.400710350886693,2,0,17,51,34684.4
16423,-0.3440092352296877,-0.3690702464285427,-0.37432563895612586,0,1,24,1,346.12
16424,0.639656015275835,-0.3690702464285427,-0.9454726973715352,0,3,191,1,133.56
16425,0.859797586036773,-0.3690702464285427,-0.4548634377271731,0,3,302,1,302.7
16426,-1.3670689647314018,1.1826583386441383,0.6389300108385985,2,2,2,10,1863.76
16427,0.7933148328966054,0.0,-0.59158691639922,0,3,263,2,241.06
16429,0.3575454287574991,-0.3690702464285427,-0.4920032473363443,0,3,106,1,284.55
16430,0.062059860728309484,-0.3690702464285427,-0.4585459847673396,0,1,57,1,300.85
16431,0.6919995920920387,0.2618595071429148,-0.02058871615361102,0,4,213,3,623.28
16432,0.11703971637257636,-0.3690702464285427,-0.4860177588277276,0,3,64,1,287.4
16433,-0.2723943026062298,-0.3690702464285427,-0.752761986167849,0,1,28,1,184.26
16434,-0.2560362830983483,0.8927892607143721,0.512864908067225,1,2,29,7,1511.8
16438,-1.0326148013968623,0.6309297535714574,0.1283966277348988,1,2,5,5,798.35
16440,-0.8938037818230972,0.6309297535714574,1.0423176220306072,2,2,7,5,3640.67
16441,0.1388110195737654,0.0,-0.3163024019681843,0,1,67,2,381.2
16442,-1.562712108492176,0.2618595071429148,-0.03423868719151312,1,2,1,3,609.3
16444,-0.039410904771510984,0.4649735207179271,0.008978513460999907,1,4,46,4,654.67
16445,-0.19564314376077413,-0.3690702464285427,-0.6184444031404702,0,1,33,1,230.51
16446,-1.8971662718267155,0.0,3.3532403015424705,2,0,0,2,168472.5
16447,0.47326518290830494,-0.3690702464285427,-0.5557025300936165,0,3,135,1,255.91
16448,0.6569346263371555,-0.3690702464285427,-0.7569078034874516,0,3,198,1,182.99
16449,0.6545038133228402,0.0,0.05584417347004784,0,4,197,2,707.69
16450,0.5205422352001655,-0.3690702464285427,-0.43683861860191703,0,3,149,1,311.92
16451,0.263217525801292,-0.3690702464285427,-0.5302995526089174,0,3,87,1,266.97
16454,-0.06039313933757419,0.0,-2.6541926272121237,0,3,44,2,6.9
16455,0.10955870818052117,0.8927892607143721,0.6315875948785641,1,4,63,7,1841.18
16456,0.3248990914393916,0.6309297535714574,0.7272823058719153,1,4,99,5,2158.18
16457,0.7031436292963993,-0.3690702464285427,-0.6790557916646012,0,3,218,1,208.36
16458,-1.3670689647314018,1.6801438592463753,1.0155967184162058,2,0,2,18,3482.74
16460,-0.2723943026062298,0.2618595071429148,0.13803044652416938,1,4,28,3,811.23
16461,0.6031238981391972,-0.3690702464285427,-0.9049432491061549,0,3,177,1,142.92
16462,0.17961125833955535,0.2618595071429148,-0.934641887153624,0,3,73,3,136.0
16463,-0.405690800867787,0.4649735207179271,0.4761526265568069,1,2,21,4,1422.4
16464,-0.45167942685912266,0.2618595071429148,0.42134041435462366,1,2,19,3,1298.66
16466,-0.19564314376077413,0.8927892607143721,0.5454943876777734,1,2,33,7,1595.96
16468,0.18608807186562598,-0.3690702464285427,-1.2905700749070248,0,3,74,1,74.9
16469,-0.36370647472778334,0.4649735207179271,-0.018526252616028364,1,2,23,4,625.42
16470,0.00936952474314159,0.4649735207179271,0.09301162214340027,1,4,51,4,752.77
16471,0.8130120723947015,-0.3690702464285427,-0.6357687251637621,0,3,274,1,223.95
16473,0.5665308611915009,0.2618595071429148,-0.42882212540653675,0,3,164,3,316.11
16474,-0.8938037818230972,0.8927892607143721,0.6215156391925453,2,2,7,7,1810.65
16475,0.2686697348046577,0.4649735207179271,-0.10211053834253121,1,4,88,4,544.3
16477,0.10955870818052117,0.8927892607143721,0.8145186565601783,1,2,63,7,2494.46
16478,-0.3250846385913979,0.2618595071429148,-0.4011668604943516,1,1,25,3,331.0
16479,-0.7401449642023266,0.0,-0.4585859192846999,1,1,10,2,300.83000000000004
16480,0.1924790972569085,-0.3690702464285427,0.10607784977814307,0,4,75,1,769.29
16482,-0.5593496184885577,-0.3690702464285427,-0.6447572406487488,0,1,15,1,220.62
16483,0.6421625942262168,-0.3690702464285427,-0.9200818329981247,0,3,192,1,139.35
16484,0.5921571678236234,0.0,-0.2809343403899187,0,3,173,2,404.3
16485,0.20501266850391572,-0.3690702464285427,-0.34463255523975816,0,3,77,1,363.65
16488,-0.19564314376077413,0.2618595071429148,-0.1546219142408832,1,1,33,3,498.8
16491,-0.039410904771510984,-0.3690702464285427,0.07576020958097254,1,1,46,1,731.5
16493,0.21722889980995616,0.4649735207179271,0.4454168364010055,1,4,79,4,1351.63
16494,0.8501469570836147,-0.3690702464285427,0.14927776463456605,0,4,296,1,826.53
16495,-1.2282579451576368,0.2618595071429148,0.0030574524092964357,1,2,3,3,648.26
16496,-0.836971657636088,0.2618595071429148,0.5468364342056191,1,2,8,3,1599.52
16497,-0.009555071895148155,0.7712437491614222,0.9187685196077945,1,2,49,6,2965.69
16498,0.5576771198890786,0.0,-1.1126181269194042,0,3,161,2,100.97
16499,0.9443078130023744,0.0,-0.34166484270687886,0,3,360,2,365.4500000000001
16500,-1.1205877535282016,0.7712437491614222,-0.2860715427381662,1,2,4,6,400.86
16503,0.3575454287574991,0.4649735207179271,0.48017434222318617,1,4,106,4,1431.9299999999998
16504,-0.3250846385913979,-0.3690702464285427,-0.19568676952498815,1,1,25,1,465.88
16505,-0.22489545515401813,-0.3690702464285427,0.11254495380727823,1,1,31,1,777.6
16506,-0.45167942685912266,0.0,-1.1792323575925419,0,1,19,2,90.3
16509,0.8501469570836147,-0.3690702464285427,-0.34454992114957894,0,3,296,1,363.7
16510,0.960086287957098,-0.3690702464285427,-0.574308471808916,0,3,372,1,248.1
16511,-0.405690800867787,0.2618595071429148,0.21268080475091547,1,2,21,3,918.33
16513,-1.1205877535282016,0.4649735207179271,0.18330127075967192,1,2,4,4,874.59
16515,0.018560571451014377,0.6309297535714574,0.5560367582839065,1,4,52,5,1624.14
16516,-0.2402146898412107,-0.3690702464285427,-1.108318846782609,0,1,30,1,101.7
16517,0.8182473718134535,-0.3690702464285427,-0.8273298761986776,0,3,277,1,162.7
16518,0.09423947349332881,0.0,-0.17234078079504025,0,4,61,2,484.32
16519,-0.3250846385913979,0.0,-0.6600146796840257,0,1,25,2,215.08
16520,0.6269240005290753,0.2618595071429148,0.2913822994620481,1,4,186,3,1046.5700000000002
16523,-1.562712108492176,1.8135880922155958,1.6150775503245127,2,0,1,21,9418.47
16525,-1.3670689647314018,2.0,1.8105645950424942,2,0,2,26,13027.45
16526,0.5865788934079535,-0.3690702464285427,-0.4798635466058078,0,3,171,1,290.36
16527,0.22914346473365005,-0.3690702464285427,-0.6248564954636365,0,3,81,1,228.06
16528,-1.2282579451576368,-0.3690702464285427,-0.5833031282684543,1,1,3,1,244.41
16529,0.6371363470810009,-0.3690702464285427,-0.20956758012451113,0,3,190,1,455.25
16531,-0.38424214252171446,0.8927892607143721,0.3957300062755601,1,2,22,7,1244.59
16532,-0.5025174943015487,0.2618595071429148,1.4142209170944577,2,2,17,3,6748.8
16533,-0.45167942685912266,0.2618595071429148,0.31187949254685665,1,2,19,3,1082.81
16535,-1.0326148013968623,-0.3690702464285427,-0.0497938537405596,1,1,5,1,593.75
16536,0.3752544021003293,-0.3690702464285427,-0.0979032106613805,0,3,110,1,548.12
16539,-1.3670689647314018,0.4649735207179271,0.4617595470912909,2,2,2,4,1388.81
16542,0.02757981279376517,-0.3690702464285427,-1.0113861322133202,0,3,53,1,119.62
16545,0.5665308611915009,-0.3690702464285427,-0.3862848269513823,0,3,164,1,339.3
16546,0.8402993629831766,0.0,0.11989236387404417,0,4,290,2,787.1500000000001
16549,-0.7401449642023266,1.1826583386441383,1.1042664718811654,2,0,10,10,4034.9
16550,0.3664811538104963,0.6309297535714574,0.7653528718812163,1,4,108,5,2298.9700000000003
16551,0.3052018519412955,0.2618595071429148,0.21516033461649267,1,4,95,3,922.12
16552,0.7533202636498529,0.0,-0.31862491634817686,0,3,242,2,379.7300000000001
16553,0.5635976280681896,1.3347175194727927,1.3145352682173919,2,4,163,12,5719.82
16554,-0.08232943326112528,0.2618595071429148,0.1569271671599158,1,4,42,3,837.1
16555,-0.16806333096700918,0.0,-0.4891816122267427,0,1,35,2,285.89
16556,0.1316625130805325,0.8927892607143721,0.9856356127520425,2,2,66,7,3313.79
16557,-0.3440092352296877,0.0,-0.49772907395872396,1,1,24,2,281.85
16558,-1.8971662718267155,1.7712437491614224,1.5416837032734763,2,0,0,20,8338.49
16560,-0.30687435054077433,0.0,0.16001861806067175,1,1,26,2,841.4100000000001
16561,-1.0326148013968623,0.0,-0.13994579540003577,1,1,5,2,511.12
16563,0.02757981279376517,-0.3690702464285427,0.3090535207091368,1,4,53,1,1077.74
16565,0.9496248404995995,-0.3690702464285427,-0.7881339802239754,0,3,364,1,173.7
16566,-0.5593496184885577,0.6309297535714574,-0.028968615921099398,1,2,15,5,614.66
16567,0.6471370234678903,0.0,0.1770812295515268,0,4,194,2,865.6
16569,-1.2282579451576368,-0.3690702464285427,-0.9889254079663725,0,1,3,1,124.2
16570,-0.5593496184885577,1.1826583386441383,1.0582785886016695,2,2,15,10,3738.4
16571,-0.30687435054077433,0.2618595071429148,0.4758519254958574,1,2,26,3,1421.69
16572,0.4440128715150607,0.2618595071429148,0.26972819864561964,1,4,127,3,1009.6
16573,0.24648121120320038,0.0,0.01714064038616612,1,4,84,2,663.61
16574,0.16639083236753036,-0.3690702464285427,-0.21462160068047204,0,1,71,1,451.44
16581,0.6164908294601078,-0.3690702464285427,-1.084500305870052,0,3,182,1,105.84
16582,0.3881222410176829,-0.3690702464285427,-0.4335732380455841,0,3,113,1,313.62
16583,0.9613781638636149,-0.3690702464285427,-0.6108388695439205,0,3,373,1,233.45
16584,0.22322295655453953,0.0,0.22420638835655826,1,4,80,2,936.08
16586,0.7650895145044322,-0.3690702464285427,-0.19818335519697122,0,3,248,1,463.95
16587,0.7330435254907093,-0.3690702464285427,-0.6325621998305201,0,3,232,1,225.15
16589,0.16639083236753036,0.2618595071429148,-0.20431983008096874,1,4,71,3,459.24
16591,0.14585516457359943,-0.3690702464285427,-0.6644378169249217,0,3,68,1,213.5
16592,-1.1205877535282016,1.578901923162566,1.115917552812244,2,0,4,16,4113.68
16593,0.0,0.2618595071429148,-0.402930314337429,1,1,50,3,330.03
16594,0.1924790972569085,-0.3690702464285427,-0.763163947391876,0,3,75,1,181.09
16595,0.09423947349332881,-0.3690702464285427,-0.3504285910311769,0,1,61,1,360.16
16596,-0.5593496184885577,0.0,-0.5693688417258976,1,1,15,2,250.15
16597,-1.1205877535282016,-0.3690702464285427,-1.1809511242647326,0,1,4,1,90.04
16598,0.8319366690329908,-0.3690702464285427,-0.8960888401187793,0,3,285,1,145.04999999999998
16600,-1.1205877535282016,0.7712437491614222,0.13972728375988944,1,2,4,6,813.52
16601,-0.10531069860088949,-0.3690702464285427,-0.5875173421150017,0,1,40,1,242.7
16602,-0.15484290499498438,-0.3690702464285427,-0.1203096908793144,1,1,36,1,528.08
16603,0.18608807186562598,0.0,-0.1746425821482203,0,4,74,2,482.47
16607,-0.5025174943015487,1.4649735207179273,0.9917715714099133,2,0,17,14,3347.71
16609,-0.5593496184885577,0.8927892607143721,1.2902034939579123,2,2,15,7,5493.46
16610,0.7053418807652665,-0.3690702464285427,-1.284565230802097,0,3,219,1,75.66
16611,0.6269240005290753,-0.3690702464285427,-0.9639835307198164,0,3,186,1,129.49
16612,-0.2100476571070129,0.4649735207179271,0.367534465024118,1,4,32,4,1187.66
16613,0.1596422557462171,-0.3690702464285427,-0.025133624602088896,0,4,70,1,618.59
16614,0.6164908294601078,-0.3690702464285427,-0.1457758047719335,0,3,182,1,506.19
16616,-0.5593496184885577,0.0,-0.15267157073196239,1,1,15,2,500.42
16617,0.7392165141124223,-0.3690702464285427,-0.8686615328526696,0,3,235,1,151.85
16618,-0.22489545515401813,0.6309297535714574,0.8504115662993256,1,2,31,5,2647.59
16619,0.7933148328966054,-0.3690702464285427,-0.6297438903013702,0,3,263,1,226.21
16620,-1.2282579451576368,0.0,-0.7702554994328473,1,1,3,2,178.95999999999998
16621,0.00936952474314159,0.4649735207179271,0.13969768563903484,1,4,51,4,813.48
16623,0.7592407718289634,-0.3690702464285427,-0.9641683062974964,0,3,245,1,129.45
16624,0.22322295655453953,0.0,0.13754051356750235,1,4,80,2,810.5699999999999
16625,0.8130120723947015,-0.3690702464285427,-0.3974027394119388,0,3,274,1,333.08
16626,-1.8971662718267155,1.6309297535714573,1.1582523656909998,2,0,0,17,4413.1
16627,0.21722889980995616,-0.3690702464285427,-0.41623953452349416,0,3,79,1,322.8
16628,-0.2560362830983483,0.6309297535714574,0.7355627718686578,1,2,29,5,2188.05
16629,0.17961125833955535,0.0,-0.2745296681492066,0,4,73,2,408.63
16633,-0.5025174943015487,0.7712437491614222,0.9017521450533256,2,2,17,6,2883.1
16634,0.7118771774576228,0.0,-0.6522000008170806,0,3,222,2,217.9
16637,-0.2100476571070129,0.4649735207179271,0.35046657581460744,1,4,32,4,1154.47
16638,-0.38424214252171446,1.1826583386441383,0.5766627458343253,2,2,22,10,1680.72
16639,-0.22489545515401813,0.2618595071429148,0.4019492837199008,1,4,31,3,1257.5100000000002
16641,0.3530147347855537,-0.3690702464285427,-0.6169104055300867,0,3,105,1,231.1
16642,-1.1205877535282016,0.0,0.03915076713721976,1,1,4,2,688.33
16643,0.7592407718289634,-0.3690702464285427,-0.16839226100438184,0,3,245,1,487.51
16644,0.6031238981391972,0.0,0.1545349582868606,0,4,177,2,833.78
16647,0.5809353745377399,0.0,-0.6628664063502097,0,3,169,2,214.06
16648,-0.08232943326112528,-0.3690702464285427,-0.47924330189142117,0,1,42,1,290.66
16650,0.16639083236753036,-0.3690702464285427,-0.13141539789772827,0,1,71,1,518.42
16652,0.07030818744334325,0.8927892607143721,1.4164641742445143,2,2,58,7,6773.97
16653,-0.5300973070953137,0.0,0.3800788698880454,1,2,16,2,1212.66
16654,0.49409641908075663,0.4649735207179271,-0.042221212550020565,1,4,141,4,601.27
16655,-0.5025174943015487,0.7712437491614222,1.0664619623633962,2,2,17,6,3789.52
16656,-0.38424214252171446,1.5237190142858297,1.5620978206237466,2,0,22,15,8625.8
16657,-0.786133590193662,0.4649735207179271,0.18319112846775915,1,2,9,4,874.4300000000001
16658,0.9548839155897378,-0.3690702464285427,-0.9935644949052073,0,3,368,1,123.24
16659,0.634603452220883,-0.3690702464285427,-1.6748112015525378,0,3,189,1,39.12
16660,-0.5300973070953137,0.4649735207179271,0.4067858013897057,1,2,16,4,1267.65
16665,0.9469736505173758,-0.3690702464285427,-0.9372872099188484,0,3,362,1,135.39999999999998
16666,-0.45167942685912266,-0.3690702464285427,-1.014592479849668,0,1,19,1,118.98
16667,0.14585516457359943,0.0,-0.0773386013694476,1,4,68,2,567.18
16668,-0.5593496184885577,0.7712437491614222,-0.44693809772985454,1,1,15,6,306.72
16669,-0.36370647472778334,0.2618595071429148,0.44419027084125356,1,2,23,3,1348.88
16670,-0.5300973070953137,1.261859507142915,1.113307610314369,2,0,16,11,4095.9
16671,-0.2723943026062298,0.2618595071429148,0.58078786426357,1,2,28,3,1692.2700000000002
16672,-1.3670689647314018,1.7712437491614224,1.5267907207843063,2,0,2,20,8134.94
16674,0.036433554096187475,0.0,-0.4518150347586131,0,1,54,2,304.24
16676,-0.19564314376077413,0.4649735207179271,0.5440434288408869,1,2,33,4,1592.12
16678,-1.3670689647314018,1.3347175194727927,0.947392851492714,2,0,2,12,3109.99
16679,0.9522615430325725,-0.3690702464285427,-0.9627838683171156,0,3,366,1,129.75
16680,-0.07123663753324773,-0.3690702464285427,-0.7545865489843879,0,1,43,1,183.7
16681,0.17304632220108546,0.7712437491614222,0.6079540445798307,1,4,72,6,1770.34
16682,-1.1205877535282016,0.6309297535714574,0.28060271207402315,1,2,4,5,1028.0
16684,-1.1205877535282016,2.065044752110663,2.794391372464551,2,0,4,28,66653.56
16685,0.09423947349332881,0.0,-0.4135651923456575,0,1,61,2,324.24
16686,-0.029252311393243784,0.8927892607143721,0.9175870438576181,2,2,47,7,2959.88
16688,-1.562712108492176,0.4649735207179271,0.40355144412004024,2,2,1,4,1260.86
16689,0.1924790972569085,0.0,-0.25431821968313684,0,4,75,2,422.6
16690,0.17304632220108546,0.0,-0.6314173341299322,0,3,72,2,225.58
16692,0.780348188744373,0.0,0.4107396002561216,1,4,256,2,1276.0
16693,0.14585516457359943,0.0,-0.1804169634013054,0,4,68,2,477.86
16696,0.47326518290830494,0.4649735207179271,0.011940239689532629,1,4,135,4,657.9000000000001
16697,0.751330506756602,-0.3690702464285427,-1.0467292112329478,0,3,241,1,112.75
16698,0.7204554542873731,0.0,0.6808259442538619,1,4,226,2,1998.0
16700,-0.836971657636088,1.4021735027328797,1.2426442151356967,2,0,8,13,5076.55
16701,-0.836971657636088,1.4021735027328797,1.2796738688521505,2,0,8,13,5398.3
16705,-1.8971662718267155,1.7712437491614224,1.8554586910798898,2,0,0,20,14034.990000000002
16706,-0.141975066077631,0.2618595071429148,-0.11659619453758745,1,4,37,3,531.3499999999999
16708,-0.04978797918717493,-0.3690702464285427,0.010777457615655555,1,1,45,1,656.63
16709,0.24648121120320038,0.6309297535714574,0.9316678427229379,1,4,84,5,3029.87
16710,-0.45167942685912266,1.1826583386441383,0.8080915996139624,2,2,19,10,2467.99
16711,-1.2282579451576368,0.6309297535714574,0.5659274533006775,2,2,3,5,1651.0300000000002
16712,-0.786133590193662,1.261859507142915,1.03743888622258,2,0,9,11,3611.31
16713,-0.47642922941217053,1.5237190142858297,1.4285133462835586,2,0,18,15,6910.78
16714,0.7031436292963993,0.2618595071429148,0.33706484577320184,1,4,218,3,1129.06
16715,0.21115944414923474,-0.3690702464285427,-0.4568113893621151,0,3,78,1,301.72
16716,0.7987670418999716,0.0,0.20134482477793428,0,4,266,2,901.2
16717,-0.36370647472778334,0.7712437491614222,1.0749183841676953,2,2,23,6,3843.08
16718,0.9561897766380689,-0.3690702464285427,-0.03745674739595716,0,3,369,1,606.0500000000001
16719,-0.5904904464328878,0.8927892607143721,0.6079132136506042,2,2,14,7,1770.22
16720,-0.30687435054077433,-0.3690702464285427,-0.8643397352634821,0,1,26,1,152.95
16721,0.7914836528511833,-0.3690702464285427,-0.47551464152130857,0,3,262,1,292.47
16722,-0.5025174943015487,1.4021735027328797,1.2001417498710352,2,0,17,13,4730.81
16723,0.2846661841473646,0.0,-0.06763707412477551,0,4,91,2,576.4
16725,0.859797586036773,0.8927892607143721,0.09739328970958848,1,4,302,7,758.27
16726,-0.30687435054077433,0.6309297535714574,0.4485765440045375,1,2,26,5,1358.74
16727,0.9496248404995995,-0.3690702464285427,-0.5547414672850287,0,3,364,1,256.32
16728,-0.039410904771510984,0.4649735207179271,0.29236530072265154,1,4,46,4,1048.28
16729,-0.1294414948306238,1.8135880922155958,1.453665241921161,2,0,38,21,7205.33
16730,0.018560571451014377,0.2618595071429148,0.08523785804470299,1,4,52,3,743.11
16732,-0.22489545515401813,-0.3690702464285427,-0.039744571553139374,1,1,31,1,603.75
16734,0.018560571451014377,0.2618595071429148,0.0016634291764826916,1,4,52,3,646.76
16735,0.21115944414923474,0.6309297535714574,0.7516881749718994,1,4,78,5,2247.41
16737,0.02757981279376517,-0.3690702464285427,-0.2614744630546218,0,1,53,1,417.6
16738,0.8517688589900415,-0.3690702464285427,-2.960792846889848,0,3,297,1,3.75
16739,0.6004054945386567,-0.3690702464285427,-0.4158673877158831,0,3,176,1,323.0
16742,-0.039410904771510984,-0.3690702464285427,-0.19695317343240232,0,1,46,1,464.9
16743,-0.2560362830983483,0.8927892607143721,0.7424285698605964,2,2,29,7,2213.13
16744,-0.6981606380623229,0.8927892607143721,0.4182020779480174,2,2,11,7,1291.91
16745,0.25770300448908384,1.6309297535714573,1.4516018167056026,2,0,86,17,7180.700000000001
16746,-1.1205877535282016,1.6801438592463753,1.4080561440026282,2,0,4,18,6680.11
16747,-0.141975066077631,0.0,0.1561788213472903,1,4,37,2,836.06
16748,-0.5025174943015487,0.6309297535714574,0.5144961175104852,1,2,17,5,1515.9
16750,-0.06039313933757419,0.6309297535714574,-0.019961520304058913,1,4,44,5,623.93
16751,-0.2402146898412107,-0.3690702464285427,0.6060388209729809,1,4,30,1,1764.72
16752,0.960086287957098,-0.3690702464285427,-0.6815366016229422,0,3,372,1,207.5
16753,0.07030818744334325,-0.3690702464285427,-0.6358491072834861,0,1,58,1,223.92
16754,0.960086287957098,-0.3690702464285427,0.6821510715303539,0,4,372,1,2002.4
16755,0.3923363757767996,0.2618595071429148,0.49819826804789863,1,4,114,3,1475.4299999999998
16756,0.6942490850373886,-0.3690702464285427,-0.5957342953711748,0,3,214,1,239.4
16757,0.8846270050181589,-0.3690702464285427,-1.07894136378742,0,3,318,1,106.83
16758,0.1244065062275264,-0.3690702464285427,-0.3353007698057174,0,1,65,1,369.34
16759,-0.8938037818230972,0.2618595071429148,0.12190777632183702,1,2,7,3,789.79
16761,0.31020205588786276,-0.3690702464285427,-0.4278536101279365,0,3,96,1,316.62
16762,-0.45167942685912266,0.2618595071429148,0.3773813227876447,1,2,19,3,1207.2400000000002
16763,0.6569346263371555,-0.3690702464285427,-0.031725722873479,0,3,198,1,611.85
16764,-1.2282579451576368,1.4021735027328797,0.8821811674767953,2,0,3,13,2790.9500000000003
16765,0.8468867057418573,-0.3690702464285427,-1.7570948368607509,0,3,294,1,34.0
16766,0.8112542731361055,0.0,0.34582214523553545,0,4,273,2,1145.6
16767,-0.2402146898412107,1.261859507142915,1.2991424893857761,2,0,30,11,5575.56
16768,-0.029252311393243784,0.2618595071429148,-0.18012755559945268,1,4,47,3,478.09
16769,0.7878003115843977,-0.3690702464285427,-0.34813008169456566,0,3,260,1,361.54
16770,0.062059860728309484,0.6309297535714574,0.09646385328919198,1,4,57,5,757.1
16771,-0.19564314376077413,0.6309297535714574,0.7504001480117346,1,2,33,5,2242.61
16773,0.062059860728309484,-0.3690702464285427,-0.7954575150798161,0,3,57,1,171.59
16774,0.1388110195737654,0.4649735207179271,0.015242368522670644,1,4,67,4,661.52
16775,-0.7401449642023266,1.261859507142915,0.5805172939802767,2,2,10,11,1691.51
16776,0.08639352236479389,-0.3690702464285427,-0.3317310796944817,0,1,60,1,371.54
16777,0.22322295655453953,0.0,-0.6393426706238579,0,3,80,2,222.62
16778,0.18608807186562598,0.0,-0.5795573322940216,0,3,74,2,245.94
16779,-1.3670689647314018,1.854049830200271,1.6869632804249475,2,0,2,22,10611.72
16780,0.32970027894145965,0.0,-0.25483064006467293,0,4,100,2,422.24
16781,0.960086287957098,-0.3690702464285427,-0.43813043880304103,0,3,372,1,311.25
16782,-0.7401449642023266,1.4021735027328797,0.757168975069786,2,2,10,13,2267.95
16784,-0.45167942685912266,-0.3690702464285427,-1.0746529139925034,0,1,19,1,107.6
16788,0.4286936368278683,0.0,-0.04914565647287973,0,4,123,2,594.3900000000001
16789,-0.836971657636088,-0.3690702464285427,-1.2454522345372236,0,1,8,1,80.8
16790,-1.2282579451576368,0.7712437491614222,0.5261902212505075,2,2,3,6,1545.62
16791,-0.2560362830983483,0.8927892607143721,0.5855774457124266,1,2,29,7,1705.78
16792,0.8268485864253822,0.0,-1.0594190542842588,0,3,282,2,110.38
16793,0.062059860728309484,-0.3690702464285427,-0.5847045946394507,0,1,57,1,243.84
16794,-1.562712108492176,1.1826583386441383,0.3720000660892137,2,2,1,10,1196.5
16795,0.9509449927946468,-0.3690702464285427,-0.2654034423638313,0,3,365,1,414.88
16796,0.27406102399696536,-0.3690702464285427,-0.4490963866833578,0,3,89,1,305.62
16800,-0.6981606380623229,-0.3690702464285427,0.354718221994044,1,1,11,1,1162.65
16801,0.5635976280681896,0.4649735207179271,0.5448411328245388,1,4,163,4,1594.23
16803,0.1244065062275264,-0.3690702464285427,-0.3988115313084729,0,1,65,1,332.3
16804,-0.36370647472778334,0.2618595071429148,-0.11024454393877738,1,1,23,3,536.99
16805,0.5921571678236234,0.0,-0.20255457092262938,0,3,173,2,460.59
16806,0.3438236880776809,0.4649735207179271,0.10047320268330029,1,4,103,4,762.16
16807,0.4974825056984513,0.2618595071429148,0.3330676657684844,1,4,142,3,1121.59
16808,0.3248990914393916,0.0,-0.48388994667502966,0,3,99,2,288.42
16809,-0.36370647472778334,0.6309297535714574,0.21028976727381798,1,2,23,5,914.69
16810,0.6421625942262168,-0.3690702464285427,-0.4414400791571489,0,3,192,1,309.54
16811,-1.1205877535282016,0.0,-0.09905675109786588,1,1,4,2,547.0699999999999
16812,0.9443078130023744,-0.3690702464285427,-0.17854456547261632,0,3,360,1,479.35
16813,-0.836971657636088,1.1826583386441383,0.5663468490571426,2,2,8,10,1652.18
16814,-0.5904904464328878,1.8135880922155958,1.3838132646899794,2,0,14,21,6416.7
16816,0.3438236880776809,0.4649735207179271,-0.26225244594495123,1,4,103,4,417.06
16817,-1.3670689647314018,1.0959032742893848,0.5488026320453177,2,2,2,9,1604.75
16818,-0.7401449642023266,1.261859507142915,0.992106236226834,2,0,10,11,3349.57
16820,0.3052018519412955,-0.3690702464285427,-0.15605860559052528,0,3,95,1,497.61
16823,0.7225764043522224,-0.3690702464285427,-0.35340633958645085,0,3,227,1,358.38
16824,-0.5593496184885577,0.0,-0.20248929014358572,1,1,15,2,460.64
16825,-0.1294414948306238,0.0,0.11066878460210237,1,4,38,2,775.1800000000001
16826,0.00936952474314159,-0.3690702464285427,-0.3820492014189471,0,1,51,1,341.7
16828,0.29504325856302854,0.0,-0.9685734588112983,0,3,93,2,128.5
16829,0.5425500075866052,-0.3690702464285427,-0.712009609621394,0,3,156,1,197.22
16830,-0.1294414948306238,-0.3690702464285427,-0.41047848714352364,0,1,38,1,325.91
16832,0.6217356133035294,0.2618595071429148,-0.7061697916088246,0,3,184,3,199.15
16833,-1.562712108492176,0.4649735207179271,0.32492758764080515,2,2,1,4,1106.53
16834,0.7225764043522224,-0.3690702464285427,-0.26746482227835905,0,3,227,1,413.46
16835,0.44776787383418837,0.0,-0.7639588368657128,0,3,128,2,180.85
16836,-0.11722526352458314,0.0,-0.5652553787299097,0,1,39,2,251.87
16837,-0.22489545515401813,1.261859507142915,0.9590941085731676,2,2,31,11,3170.98
16838,0.6545038133228402,0.0,-0.05477985128986803,0,4,197,2,588.85
16839,-0.836971657636088,2.23621726987935,1.9564082250983483,2,0,8,34,16594.35
16841,-0.15484290499498438,0.7712437491614222,0.6408854314815471,1,2,36,6,1869.82
16842,0.32970027894145965,0.2618595071429148,0.40513982950362964,1,4,100,3,1264.19
16843,-0.08232943326112528,1.578901923162566,1.662913574823368,2,0,42,16,10196.57
16846,0.0,-0.3690702464285427,-0.6621382132633326,0,1,50,1,214.32
16847,-0.07123663753324773,-0.3690702464285427,-0.7236137716942852,0,1,43,1,193.44
16848,0.018560571451014377,-0.3690702464285427,-0.4986460074466942,0,1,52,1,281.42
16849,0.6269240005290753,-0.3690702464285427,-0.9871469168864483,0,3,186,1,124.57
16850,0.9067985329568811,-0.3690702464285427,-0.3986126559607598,0,3,333,1,332.41
16851,-1.1205877535282016,0.2618595071429148,-0.38073164991606057,1,1,4,3,342.45000000000005
16852,-0.7401449642023266,0.0,-0.8966668429237933,0,1,10,2,144.91
16855,-0.36370647472778334,0.0,-0.4059053140317197,1,1,23,2,328.4
16856,-0.5904904464328878,-0.3690702464285427,-1.7334568371719736,0,1,14,1,35.400000000000006
16858,0.9548839155897378,-0.3690702464285427,-0.32505436818211364,0,3,368,1,375.69000000000005
16859,0.504184215692284,0.0,0.0890326501520573,0,4,144,2,747.81
16861,0.07841788023619099,0.0,-0.7879270237511203,0,1,59,2,173.76
16863,-0.22489545515401813,0.0,-0.14981765017436455,1,1,31,2,502.8
16866,0.4906864023238029,0.2618595071429148,-0.6808432547121025,0,3,140,3,207.74
16869,-0.38424214252171446,0.4649735207179271,0.1423851798854626,1,2,22,4,817.12
16871,-0.38424214252171446,0.7712437491614222,0.8867809790138131,2,2,22,6,2812.34
16872,0.20501266850391572,0.2618595071429148,0.03184105835043588,1,4,77,3,680.02
16873,-1.1205877535282016,0.7712437491614222,1.4467924979115392,2,0,4,6,7123.62
16875,0.1388110195737654,0.6309297535714574,0.709536094180077,1,4,67,5,2095.53
16877,-0.6595388019259375,0.7712437491614222,0.16373456853563267,1,2,12,6,846.62
16878,0.24648121120320038,-0.3690702464285427,-2.2965572931994376,0,3,84,1,13.3
16880,-0.2402146898412107,0.8927892607143721,0.5046944727410801,1,2,30,7,1491.43
16881,0.1316625130805325,-0.3690702464285427,-0.2410902725935537,0,1,66,1,432.0
16882,0.1316625130805325,0.2618595071429148,0.05365459400059507,1,4,66,3,705.12
16883,0.6294974218975681,0.0,-0.5180326910154517,0,3,187,2,272.48
16884,-0.141975066077631,0.0,-0.24410429570525677,1,1,37,2,429.84
16885,-0.5593496184885577,0.2618595071429148,-0.21599521965832544,1,1,15,3,450.41
16887,-0.16806333096700918,-0.3690702464285427,-0.7270642173396792,0,1,35,1,192.33
16889,0.6471370234678903,0.2618595071429148,0.538933571330975,1,4,194,3,1578.6699999999998
16891,-1.562712108492176,0.6309297535714574,0.08468684037946281,2,2,1,5,742.43
16892,-1.562712108492176,0.6309297535714574,-0.13168232985774195,1,2,1,5,518.1899999999999
16893,0.9522615430325725,-0.3690702464285427,-0.892468317745655,0,3,366,1,145.93
16895,0.11703971637257636,-0.3690702464285427,-0.6968473202012793,0,3,64,1,202.27
16897,0.854996398534705,0.0,-0.4810644993746139,0,3,299,2,289.78
16898,-0.30687435054077433,0.2618595071429148,-0.15193881473194074,1,1,26,3,501.03
16899,-0.8938037818230972,0.7712437491614222,0.4084036011803432,2,2,7,6,1271.06
16900,-0.5300973070953137,0.2618595071429148,0.19185808573128937,1,2,16,3,887.11
16902,0.40065581226469005,-0.3690702464285427,0.5859657484613316,1,4,116,1,1706.88
16903,-0.2560362830983483,-0.3690702464285427,-0.3453767723367227,0,1,29,1,363.2
16904,-1.1205877535282016,1.578901923162566,1.0444784670336509,2,0,4,16,3653.75
16905,-1.0326148013968623,0.8927892607143721,0.9332030046518912,2,2,5,7,3037.6
16906,0.22914346473365005,0.4649735207179271,-0.08544388272727443,1,4,81,4,559.59
16907,-0.2560362830983483,0.6309297535714574,0.21947997782784992,1,2,29,5,928.76
16909,0.17304632220108546,-0.3690702464285427,-0.3195596047847795,0,3,72,1,379.14
16910,-1.1205877535282016,1.0000000000000002,0.5117324033144494,2,2,4,8,1508.96
16912,-0.2723943026062298,1.261859507142915,0.8291021975550722,2,2,28,11,2555.58
16913,0.8402993629831766,-0.3690702464285427,-1.0430843664532887,0,3,290,1,113.44
16914,-0.15484290499498438,-0.3690702464285427,-0.7543907956987032,0,1,36,1,183.76
16915,-0.786133590193662,0.7712437491614222,-0.0221353693044023,1,2,9,6,621.6800000000001
16916,-0.36370647472778334,0.0,-0.08241969365082255,1,1,23,2,562.4100000000001
16917,0.8165085758314399,-0.3690702464285427,-0.3002446090956572,0,3,276,1,391.52
16918,-0.009555071895148155,0.7712437491614222,0.3040492004478456,1,4,49,6,1068.82
16919,0.5425500075866052,1.261859507142915,0.8376854243755285,1,4,156,11,2592.25
16921,0.09423947349332881,-0.3690702464285427,-0.8595435993522679,0,3,61,1,154.18
16923,-0.6595388019259375,1.7268330278608421,1.442161055326747,2,0,12,19,7069.08
16924,-0.405690800867787,0.2618595071429148,0.15171990474744854,1,2,21,3,829.89
16926,0.9587909439231818,-0.3690702464285427,-0.6191216434714865,0,3,371,1,230.25
16927,0.396514024062849,0.2618595071429148,-0.10349368425591501,1,4,115,3,543.05
16928,0.22322295655453953,1.6309297535714573,0.8872863414130046,2,2,80,17,2814.7
16929,-1.2282579451576368,0.8927892607143721,0.4198221053711375,2,2,3,7,1295.39
16930,-0.30687435054077433,0.2618595071429148,-0.31995609686898313,1,1,26,3,378.89
16931,-1.0326148013968623,1.8135880922155958,1.1773049874852872,2,0,5,21,4554.87
16932,0.02757981279376517,-0.3690702464285427,-0.8750833287575612,0,3,53,1,150.23000000000002
16933,-1.562712108492176,0.0,-0.08154315980943955,1,1,1,2,563.23
16934,0.036433554096187475,0.0,0.22094965047423193,1,4,54,2,931.03
16936,-0.3250846385913979,-0.3690702464285427,-0.5418117495939108,0,1,25,1,261.9
16938,-0.836971657636088,0.4649735207179271,0.864821716680942,2,2,8,4,2711.6800000000003
16940,0.018560571451014377,0.2618595071429148,0.9356337752752811,1,4,52,3,3049.88
16942,-0.6595388019259375,1.0959032742893848,0.6521103970314145,2,2,12,9,1904.99
16943,0.6874688981200932,0.2618595071429148,0.1420978066160228,1,4,211,3,816.73
16945,-0.405690800867787,1.7268330278608421,1.1489510004897676,2,0,21,19,4345.5
16947,0.7392165141124223,-0.3690702464285427,-0.2777013102104396,0,3,235,1,406.48
16948,0.483793208478914,0.2618595071429148,-0.2369013324788176,0,4,138,3,435.02
16949,-1.2282579451576368,0.7712437491614222,0.4155672332443817,2,2,3,6,1286.27
16950,0.05366807768314334,0.2618595071429148,0.36290269788340124,1,4,56,3,1178.56
16951,0.4697041677577397,0.2618595071429148,0.41156496322389735,1,4,134,3,1277.75
16952,0.370887717430727,0.0,-0.8095186048296918,0,3,109,2,167.61
16953,-0.2402146898412107,-0.3690702464285427,-2.042432062127151,0,3,30,1,20.8
16954,-1.8971662718267155,1.0959032742893848,0.7065245096700923,2,0,0,9,2085.08
16955,0.6217356133035294,0.4649735207179271,-0.13112538849170638,0,4,184,4,518.67
16956,-0.5025174943015487,-0.3690702464285427,-0.4429947114392311,0,1,17,1,308.74
16957,0.7473262069052701,0.0,-0.26285823881401477,0,3,239,2,416.64
16959,0.263217525801292,-0.3690702464285427,-1.0228365351255166,0,3,87,1,117.35
16960,-0.1294414948306238,0.2618595071429148,-0.1447547358291357,1,1,38,3,507.05
16961,0.40065581226469005,-0.3690702464285427,-0.6089908290441138,0,3,116,1,234.17
16963,0.6294974218975681,-0.3690702464285427,-1.0584998633728306,0,3,187,1,110.55
16965,0.7204554542873731,-0.3690702464285427,-0.7000580369873397,0,3,226,1,201.19
16966,-0.836971657636088,0.8927892607143721,0.7263856321392733,2,2,8,7,2154.97
16967,0.634603452220883,-0.3690702464285427,-0.42331667080013957,0,3,189,1,319.02
16968,-1.1205877535282016,0.0,-0.23083619930421972,1,1,4,2,439.43
16969,-0.11722526352458314,0.2618595071429148,0.0050499461427136174,1,4,39,3,650.41
16971,-0.1294414948306238,-0.3690702464285427,-0.3553716678538876,0,1,38,1,357.21
16976,0.8005708397496115,-0.3690702464285427,-0.5660901484770159,0,3,267,1,251.52
16978,0.20501266850391572,-0.3690702464285427,-0.3774415913283252,0,3,77,1,344.33
16979,-1.2282579451576368,0.7712437491614222,0.635117135100461,2,2,3,6,1852.0
16980,0.7784670348496002,0.0,0.2808720767476845,0,4,255,2,1028.46
16982,0.08639352236479389,-0.3690702464285427,-0.3118092540189288,0,1,60,1,384.06
16983,-0.6595388019259375,0.8927892607143721,0.6523885969846783,2,2,12,7,1905.87
16984,0.2686697348046577,0.0,1.1645573580232045,1,4,88,2,4459.52
16985,-0.5025174943015487,1.1826583386441383,1.2869765422367643,2,0,17,10,5464.12
16986,-0.2560362830983483,0.0,0.641973328806551,1,4,29,2,1873.2
16987,-1.2282579451576368,0.8927892607143721,0.5533085148413779,2,2,3,7,1616.8
16988,-1.0326148013968623,-0.3690702464285427,-0.9797530041310057,0,1,5,1,126.12
16989,-0.8938037818230972,0.7712437491614222,0.3392953541887869,1,2,7,6,1133.25
16990,0.7031436292963993,-0.3690702464285427,-0.7701215530525256,0,3,218,1,179.0
16992,-0.7401449642023266,0.6309297535714574,0.5523801809963836,1,2,10,5,1614.31
16996,-0.2402146898412107,0.7712437491614222,0.4906110943111861,1,2,30,6,1456.96
16997,0.8369716576360883,0.2618595071429148,0.05098569243296761,0,4,288,3,702.0
16998,0.5205422352001655,0.4649735207179271,-0.47034111460880157,0,3,149,4,295.0
16999,-0.36370647472778334,0.0,-0.1717201784215089,1,1,23,2,484.8200000000001
17001,-1.8971662718267155,1.261859507142915,1.0974589196582274,2,0,0,11,3989.57
17002,0.252124730073414,0.2618595071429148,0.5056225725189418,1,4,85,3,1493.73
17004,-0.039410904771510984,0.0,0.42755930342548687,1,4,46,2,1312.14
17006,-1.1205877535282016,0.4649735207179271,0.11577191646087732,1,2,4,4,781.78
17007,0.0,0.7712437491614222,0.19376877027842693,1,4,50,6,889.9300000000001
17010,-0.47642922941217053,-0.3690702464285427,-0.7176916762836808,0,1,18,1,195.36
17011,-0.2402146898412107,-0.3690702464285427,-0.5215247721574775,0,1,30,1,270.9
17014,-0.836971657636088,0.2618595071429148,-0.06034345180257869,1,1,8,3,583.4300000000001
17015,-0.2723943026062298,0.2618595071429148,0.6307462008759099,1,2,28,3,1838.61
17017,-1.3670689647314018,1.7712437491614224,1.5668617448981934,2,0,2,20,8694.26
17018,-0.10531069860088949,0.0,0.2138400606869951,1,4,40,2,920.1
17019,-0.6981606380623229,0.4649735207179271,0.40222219098062506,1,2,11,4,1258.08
17022,-0.22489545515401813,-0.3690702464285427,-1.3223624047224665,0,1,31,1,71.0
17024,-0.04978797918717493,0.2618595071429148,-1.1436659499084956,0,1,45,3,95.85
17025,0.08639352236479389,0.2618595071429148,-0.3544301982433908,0,1,60,3,357.77
17026,0.6243367805886427,0.0,-0.8570243864739802,0,3,185,2,154.82999999999998
17027,0.21115944414923474,0.7712437491614222,0.18534214088561282,1,4,78,6,877.56
17029,0.3752544021003293,0.0,0.0628701399062878,1,4,110,2,716.0
17030,0.10955870818052117,-0.3690702464285427,-0.8886248160384066,0,3,63,1,146.87
17031,-0.6981606380623229,0.0,-0.3176442608825459,1,1,11,2,380.35
17033,0.25770300448908384,0.2618595071429148,0.28185482190972483,1,4,86,3,1030.14
17034,-0.5300973070953137,0.2618595071429148,0.0871866828352861,1,2,16,3,745.52
17035,0.7592407718289634,0.0,-0.23896442262458847,0,3,245,2,433.53
17037,0.263217525801292,-0.3690702464285427,0.40662900941035385,1,4,87,1,1267.32
17038,-0.2402146898412107,-0.3690702464285427,-1.048586506187465,0,1,30,1,112.4
17040,0.48030932790813896,-0.3690702464285427,-0.21690379362233345,0,3,137,1,449.73
17041,-0.30687435054077433,0.2618595071429148,0.30555149261631265,1,4,26,3,1071.49
17042,-1.3670689647314018,0.6309297535714574,0.2856072362688223,2,2,2,5,1036.58
17043,-0.2100476571070129,0.4649735207179271,0.5958706630184856,1,2,32,4,1735.18
17044,-0.3250846385913979,-0.3690702464285427,0.23212925871066278,1,1,25,1,948.48
17045,0.3881222410176829,0.2618595071429148,-0.3860369295332833,0,3,113,3,339.44
17046,0.5456136074837743,-0.3690702464285427,-0.0027629977419034533,0,3,157,1,642.02
17047,0.252124730073414,0.2618595071429148,0.32185606076142337,1,4,85,3,1100.9
17048,0.40476235077788275,0.2618595071429148,0.21726547423568304,1,4,117,3,925.35
17049,-1.3670689647314018,1.0959032742893848,1.3076706581176445,2,0,2,9,5655.030000000001
17050,0.31020205588786276,0.7712437491614222,0.9618731633056226,1,4,96,6,3185.64
17051,0.6471370234678903,-0.3690702464285427,-0.5920103386506776,0,3,194,1,240.89
17052,-0.2723943026062298,-0.3690702464285427,-0.2887319732002536,0,1,28,1,399.09
17053,0.4551913335303976,-0.3690702464285427,-0.15500791488542978,0,3,130,1,498.48
17054,-0.2723943026062298,0.6309297535714574,0.4475073868137878,1,2,28,5,1356.33
17058,0.22914346473365005,0.2618595071429148,0.36358187354347615,1,4,81,3,1179.89
17059,-0.2560362830983483,0.6309297535714574,0.941630992157819,1,2,29,5,3080.39
17060,0.7987670418999716,-0.3690702464285427,-0.6088114603154904,0,3,266,1,234.24
17061,0.17961125833955535,1.261859507142915,1.2608453949493033,2,2,73,11,5232.2300000000005
17062,0.8770041709211447,0.4649735207179271,-0.11435872686703531,0,4,313,4,533.33
17063,-0.405690800867787,0.8927892607143721,0.4923365510943514,1,2,21,7,1461.14
17064,0.07030818744334325,0.2618595071429148,0.16998057445998163,1,4,58,3,855.45
17068,-0.6595388019259375,1.8135880922155958,1.176943730117487,2,0,12,21,4552.14
17069,-0.2723943026062298,1.0959032742893848,0.8643816480558932,2,2,28,9,2709.7
17070,0.3923363757767996,-0.3690702464285427,-0.4518150347586131,0,3,114,1,304.24
17071,-0.2723943026062298,1.0959032742893848,0.7985054517505612,2,2,28,9,2429.03
17073,-0.5025174943015487,0.4649735207179271,0.4861008175569978,1,2,17,4,1446.09
17075,-0.5025174943015487,0.4649735207179271,0.15478038039955722,1,2,17,4,834.12
17076,-0.15484290499498438,0.2618595071429148,0.15978247741828028,1,4,36,3,841.0799999999999
17078,-0.15484290499498438,0.0,-0.3210517704049816,1,1,36,2,378.2
17079,0.21115944414923474,-0.3690702464285427,-1.0154973470847846,0,3,78,1,118.8
17080,-0.38424214252171446,0.0,-0.48555818311702154,1,1,22,2,287.62
17081,-0.3250846385913979,0.0,-0.4828704275030441,1,1,25,2,288.91
17082,-0.19564314376077413,0.0,0.6825871237002531,1,4,33,2,2003.85
17083,0.370887717430727,0.2618595071429148,0.46907402958108846,1,4,109,3,1405.78
17084,-0.16806333096700918,0.0,0.8728354045601663,1,4,35,2,2747.99
17085,0.4286936368278683,0.6309297535714574,0.5326938871195107,1,4,123,5,1562.4
17086,-0.8938037818230972,0.7712437491614222,0.6963268310635701,2,2,7,6,2050.08
17088,-0.2723943026062298,0.4649735207179271,0.6787147896635521,1,2,28,4,1991.01
17090,-1.1205877535282016,0.8927892607143721,0.6737445590098643,2,2,4,7,1974.65
17091,-1.3670689647314018,1.0959032742893848,1.0725116482884245,2,0,2,9,3827.76
17092,0.0,0.4649735207179271,0.609208247219484,1,4,50,4,1774.03
17094,0.8906397353192314,-0.3690702464285427,-0.4562541890119941,0,3,322,1,302.0
17095,-0.38424214252171446,0.2618595071429148,0.4330510252068579,1,2,22,3,1324.16
17096,-0.5593496184885577,0.4649735207179271,0.2771547724815246,1,2,15,4,1022.13
17100,-0.47642922941217053,0.0,0.2467158243026712,1,1,18,2,971.74
17101,-0.7401449642023266,0.4649735207179271,0.5551423337226996,1,2,10,4,1621.73
17102,0.7896454968649371,-0.3690702464285427,-1.9247656838117893,0,3,261,1,25.5
17105,0.5516830631444957,0.0,0.01910526716679338,0,4,159,2,665.78
17107,-0.19564314376077413,0.7712437491614222,1.6974212487727642,2,0,33,6,10797.48
17109,-0.2560362830983483,0.7712437491614222,0.18789550265624394,1,2,29,6,881.29
17110,0.5694463707436582,-0.3690702464285427,-0.8251249039741939,0,3,165,1,163.29999999999998
17111,-0.029252311393243784,-0.3690702464285427,-0.6155875465055424,0,1,47,1,231.61
17114,-1.0326148013968623,1.0000000000000002,0.1304815344430588,2,2,5,8,801.12
17115,-0.836971657636088,0.2618595071429148,0.15721474523326096,1,2,8,3,837.5
17117,0.8369716576360883,-0.3690702464285427,-1.028721493758909,0,3,288,1,116.2
17118,0.8831120418808676,-0.3690702464285427,-0.8486132580745591,0,3,317,1,157.02
17119,-1.2282579451576368,0.0,-0.036603525924741705,1,1,3,2,606.91
17120,0.7351099755992296,-0.3690702464285427,-0.4454904944357203,0,3,233,1,307.46
17122,0.4128720435707305,-0.3690702464285427,-0.9245211743258321,0,3,119,1,138.32
17123,0.5576771198890786,-0.3690702464285427,-0.375751059202747,0,3,161,1,345.29999999999995
17124,0.6243367805886427,-0.3690702464285427,-0.47189055636332927,0,3,185,1,294.24
17125,0.0,-0.3690702464285427,-0.6184704367784419,0,1,50,1,230.5
17126,0.5300973070953137,0.6309297535714574,0.25758992226809924,1,4,152,5,989.45
17128,0.9082410313790465,-0.3690702464285427,-0.8483463356602475,0,3,334,1,157.09
17131,-1.0326148013968623,0.6309297535714574,0.8069138656297181,2,2,5,5,2463.17
17133,-0.5593496184885577,0.8927892607143721,1.22036016974224,2,2,15,7,4892.24
17134,0.3575454287574991,0.0,-0.267843022882815,0,3,106,2,413.2
17135,-0.5300973070953137,0.8927892607143721,0.3427287496558521,1,2,16,7,1139.73
17138,0.814763491242678,-0.3690702464285427,-0.3174072450562849,0,3,275,1,380.5
17139,-0.5593496184885577,1.3347175194727927,1.6891768429170029,2,0,15,12,10650.77
17140,0.7631478001624079,-0.3690702464285427,-0.21106212572163272,0,3,247,1,454.12
17142,0.7473262069052701,-0.3690702464285427,-0.06492927880955535,0,3,239,1,579.0
17144,-1.562712108492176,0.0,0.2546130883798574,1,2,1,2,984.57
17146,0.3530147347855537,0.2618595071429148,0.09061615417981563,1,4,105,3,749.78
17147,-0.38424214252171446,0.4649735207179271,0.5886803982984351,1,2,22,4,1714.59
17148,0.00936952474314159,-0.3690702464285427,-0.9856608597558161,0,3,51,1,124.88
17152,0.6471370234678903,0.2618595071429148,0.5798011207904493,1,4,194,3,1689.5
17153,-0.3440092352296877,-0.3690702464285427,-0.6636515994913164,0,1,24,1,213.78
17154,0.1924790972569085,-0.3690702464285427,-0.4041878780266399,0,3,75,1,329.34
17155,-0.5025174943015487,0.0,-0.5656606939145278,1,1,17,2,251.7
17157,-0.8938037818230972,0.0,-0.42335433785654236,1,1,7,2,319.0
17158,-0.2100476571070129,0.2618595071429148,0.40646267030176536,1,4,32,3,1266.97
17159,-0.405690800867787,0.2618595071429148,0.5235580172939134,1,2,21,3,1538.88
17160,-0.22489545515401813,0.7712437491614222,1.021671220765052,2,2,31,6,3518.03
17162,-0.2723943026062298,1.1826583386441383,0.5889859543488172,2,2,28,10,1715.46
17163,-0.405690800867787,0.0,-0.47422221359257044,1,1,21,2,293.1
17164,-0.2100476571070129,0.8927892607143721,0.8079353524391445,2,2,32,7,2467.35
17165,0.8302465959816574,-0.3690702464285427,-0.8423150057220167,0,3,284,1,158.68
17166,-0.1294414948306238,0.0,-0.6848990690475178,0,1,38,2,206.34
17169,0.062059860728309484,0.0,0.15597718476602587,1,4,57,2,835.78
17171,0.8386383790268235,-0.3690702464285427,-0.6332021415646991,0,3,289,1,224.91
17172,0.21115944414923474,-0.3690702464285427,-0.4256943049526206,0,3,78,1,317.76
17173,-1.0326148013968623,1.0000000000000002,1.0628066256055537,2,2,5,8,3766.6
17174,0.7009353171450358,-0.3690702464285427,-1.4232728565490702,0,3,217,1,59.9
17175,-0.06039313933757419,0.4649735207179271,0.4851004229917324,1,4,44,4,1443.69
17176,0.6641544422759992,-0.3690702464285427,-0.44809476434203804,0,3,201,1,306.13
17179,0.6058270725080276,0.2618595071429148,0.05932089205791742,0,4,178,3,711.79
17180,0.05366807768314334,0.4649735207179271,0.1174557254353666,1,4,56,4,783.97
17181,0.062059860728309484,0.0,-0.5944320439603217,0,1,57,2,239.92
17183,-0.8938037818230972,0.7712437491614222,0.9916995761957434,2,2,7,6,3347.3100000000004
17186,-0.039410904771510984,0.0,-0.9004374336112667,0,1,46,2,144.0
17187,0.7204554542873731,-0.3690702464285427,-0.6918866233591788,0,3,226,1,203.95
17188,-0.6981606380623229,0.8927892607143721,0.8096128905063751,2,2,11,7,2474.23
17189,0.3575454287574991,0.0,-0.3122946580749696,0,3,106,2,383.75
17190,0.07030818744334325,0.0,-0.22361336075184282,0,1,58,2,444.74
17191,-0.2723943026062298,0.8927892607143721,0.7090040379082128,2,2,28,7,2093.68
17193,-0.16806333096700918,0.8927892607143721,0.583284897749415,1,2,35,7,1699.3
17194,0.8112542731361055,0.0,-0.5401634235274972,0,3,273,2,262.62
17197,-0.2560362830983483,-0.3690702464285427,0.2717583978073043,1,1,29,1,1013.01
17198,-0.36370647472778334,0.2618595071429148,0.042542292997307427,1,1,23,3,692.22
17201,0.02757981279376517,-0.3690702464285427,-0.4810644993746139,0,1,53,1,289.78
17203,-0.16806333096700918,0.7712437491614222,1.0288302862256378,2,2,35,6,3560.08
17204,0.5976716891358311,0.4649735207179271,0.533525993861733,1,4,175,4,1564.5600000000002
17205,0.02757981279376517,-0.3690702464285427,-0.31177795104877243,0,1,53,1,384.08
17206,0.02757981279376517,-0.3690702464285427,-0.6910344298269334,0,1,53,1,204.24
17211,-0.30687435054077433,1.0000000000000002,0.7701162884726549,2,2,26,8,2317.2200000000003
17212,0.7746825812311168,-0.3690702464285427,-0.6280486282910176,0,3,253,1,226.85
17213,-0.10531069860088949,0.8927892607143721,0.8800792728091077,2,2,40,7,2781.23
17214,0.08639352236479389,0.7712437491614222,0.2985597028529392,1,4,60,6,1059.12
17217,0.737167613527003,-0.3690702464285427,-1.0427684626795966,0,3,234,1,113.5
17218,-1.1205877535282016,1.1826583386441383,0.6667857793756086,2,2,4,10,1951.97
17219,-0.22489545515401813,-0.3690702464285427,-1.0389381710506145,0,1,31,1,114.23
17220,-0.3440092352296877,1.4649735207179273,0.9622342948953558,2,0,24,14,3187.55
17221,-0.8938037818230972,0.0,-0.3948823688410124,1,1,7,2,334.48
17222,0.1244065062275264,-0.3690702464285427,-0.4054480712089559,0,1,65,1,328.65
17223,0.8723719878624252,0.0,-0.2624975744729601,0,3,310,2,416.89
17226,0.8692589747236188,-0.3690702464285427,-0.29722735340827033,0,3,308,1,393.49
17227,-0.47642922941217053,0.7712437491614222,0.22628663035352614,1,2,18,6,939.32
17228,-0.5593496184885577,1.0000000000000002,0.6524581269126366,2,2,15,8,1906.09
17229,0.31020205588786276,0.0,-0.423806526250227,0,3,96,2,318.76
17230,0.7951390897495282,1.0000000000000002,1.041943478808283,1,4,264,8,3638.41
17231,-0.6595388019259375,1.1826583386441383,0.9502397582031968,2,2,12,10,3124.72
17232,-1.3670689647314018,0.0,-0.261229750212056,1,1,2,2,417.77
17233,-0.16806333096700918,-0.3690702464285427,-0.7316015198207797,0,1,35,1,190.88
17234,0.6164908294601078,-0.3690702464285427,-0.8764398445570548,0,3,182,1,149.89
17235,-0.3250846385913979,0.0,-0.09577769814657719,1,1,25,2,550.06
17236,-0.6595388019259375,0.7712437491614222,0.21123680656637803,1,2,12,6,916.13
17237,-0.6981606380623229,0.0,-0.43152700436137115,1,1,11,2,314.69
17238,-1.3670689647314018,1.6309297535714573,1.0551598872259922,2,0,2,17,3719.1
17239,0.8754650456516969,-0.3690702464285427,-0.314255908539102,0,3,312,1,382.5
17242,0.3664811538104963,0.0,0.3402457335945804,1,4,108,2,1135.04
17243,-1.562712108492176,2.0,1.5560771195892316,2,0,1,26,8540.05
17244,0.02757981279376517,-0.3690702464285427,0.2361907011382221,1,4,53,1,954.9
17245,0.6712678196976245,-0.3690702464285427,-0.7959465995201085,0,3,204,1,171.45
17247,-0.5593496184885577,-0.3690702464285427,-0.5014909667092071,0,1,15,1,280.09000000000003
17248,0.4168763434220624,-0.3690702464285427,-0.4240138927023926,0,3,120,1,318.65
17250,-1.2282579451576368,0.0,-0.3150894093176659,1,1,3,2,381.97
17251,0.9469736505173758,-0.3690702464285427,-0.5239012060852325,0,3,362,1,269.83
17252,0.40065581226469005,0.0,-0.36950082819315605,0,3,116,2,348.91
17253,-0.47642922941217053,-0.3690702464285427,-0.7726043928633497,0,1,18,1,178.26
17254,-1.1205877535282016,0.0,-0.5208823026398371,1,1,4,2,271.19
17255,-0.10531069860088949,0.0,-0.47755121592585575,0,1,40,2,291.48
17256,0.3620339761283047,0.0,-0.5942319471006561,0,3,107,2,240.0
17259,0.517314695655502,0.0,-0.06261647631761265,0,4,148,2,581.23
17262,0.018560571451014377,0.6309297535714574,0.3999585934116749,1,4,52,5,1253.36
17263,0.6805920782122185,-0.3690702464285427,-1.3892199395976292,0,3,208,1,63.440000000000005
17265,0.483793208478914,0.0,-0.09583238539295805,0,4,138,2,550.01
17266,-1.3670689647314018,0.2618595071429148,-0.46713259952566644,1,1,2,3,296.58
17267,0.4440128715150607,0.0,-0.4267540495488098,0,3,127,2,317.20000000000005
17268,0.3620339761283047,0.4649735207179271,0.10164087390723608,1,4,107,4,763.64
17272,-0.08232943326112528,0.4649735207179271,0.7246107025747438,1,4,42,4,2148.63
17274,-0.16806333096700918,-0.3690702464285427,-1.073433226501715,0,1,35,1,107.82
17277,0.7225764043522224,0.0,0.30209117073802605,0,4,227,2,1065.35
17278,0.751330506756602,-0.3690702464285427,-0.5793133176602263,0,3,241,1,246.04
17279,0.062059860728309484,-0.3690702464285427,-0.7412584719476076,0,3,57,1,187.83
17282,0.4551913335303976,0.2618595071429148,0.5783590689010772,1,4,130,3,1685.46
17284,0.08639352236479389,0.7712437491614222,0.5646309527676738,1,4,60,6,1647.48
17286,-0.405690800867787,-0.3690702464285427,-0.870557164014876,0,1,21,1,151.37
17287,-0.30687435054077433,0.8927892607143721,0.29281315535843067,1,2,26,7,1049.06
17288,-0.786133590193662,0.8927892607143721,0.47412953582300654,2,2,9,7,1417.63
17289,-0.22489545515401813,0.2618595071429148,0.22094318399816298,1,4,31,3,931.02
17290,-1.2282579451576368,0.0,-0.1377256309593963,1,1,3,2,513.01
17291,0.8692589747236188,-0.3690702464285427,-0.09496890654763208,0,3,308,1,550.8000000000001
17293,-0.836971657636088,1.0959032742893848,0.6357867818178432,2,2,8,9,1854.06
17295,-0.2723943026062298,0.2618595071429148,-0.0991337323519126,1,1,28,3,547.0
17297,-0.5025174943015487,-0.3690702464285427,-0.9700645787573854,0,1,17,1,128.18
17298,0.3344541633345393,0.0,-0.15508031753672638,0,4,101,2,498.42
17299,-0.6981606380623229,0.4649735207179271,0.010759128132494022,1,2,11,4,656.61
17301,-0.405690800867787,-0.3690702464285427,-0.8253450385364914,0,1,21,1,163.24
17302,-0.5904904464328878,0.6309297535714574,0.3405586590365469,1,2,14,5,1135.63
17303,0.9456425728102247,-0.3690702464285427,-0.5696328696515667,0,3,361,1,250.04
17306,-0.7401449642023266,1.7268330278608421,1.5624826413447412,2,0,10,19,8631.31
17309,0.3052018519412955,-0.3690702464285427,-1.2312534638723975,0,3,95,1,82.75
17311,0.21115944414923474,0.0,0.4600398401437689,1,4,78,2,1384.85
17312,0.483793208478914,0.2618595071429148,-0.0006297721579248637,1,4,138,3,644.3
17313,-0.22489545515401813,-0.3690702464285427,0.7731297145297944,1,4,31,1,2328.84
17314,-0.3440092352296877,1.0000000000000002,0.8225460603807923,2,2,24,8,2527.92
17315,-1.562712108492176,2.3347175194727927,1.3709549660429003,2,0,1,38,6281.23
17317,-0.039410904771510984,0.2618595071429148,0.8395626774732506,1,4,46,3,2600.34
17320,0.32970027894145965,0.2618595071429148,0.3740700687505003,1,4,100,3,1200.62
17321,-0.836971657636088,0.0,0.011262985910045212,1,1,8,2,657.16
17323,-0.5593496184885577,0.8927892607143721,0.20488827820766892,1,2,15,7,906.52
17324,-0.5025174943015487,0.4649735207179271,0.25577995346175314,1,2,17,4,986.48
17325,0.8234264773092309,-0.3690702464285427,-1.1377829630590528,0,3,280,1,96.8
17329,-0.5904904464328878,0.0,-0.12599793357385133,1,1,14,2,523.11
17330,-0.38424214252171446,0.0,-0.3442194980405476,1,1,22,2,363.9
17331,0.4286936368278683,-0.3690702464285427,-0.7829812694214983,0,3,123,1,175.2
17333,0.252124730073414,-0.3690702464285427,-0.1601337307537513,0,3,85,1,494.25
17334,0.859797586036773,0.0,-0.4463508123982531,0,3,302,2,307.02
17337,0.5269332605914481,0.4649735207179271,0.6756968280767452,1,4,151,4,1981.06
17338,-0.5025174943015487,1.0000000000000002,1.3909865173042975,2,0,17,8,6493.54
17339,0.3001492888863435,0.0,-0.5858873097907629,0,3,94,2,243.36
17340,-0.2560362830983483,1.261859507142915,1.7785423436070384,2,0,29,11,12353.29
17341,0.5425500075866052,0.2618595071429148,0.0338466311347728,1,4,156,3,682.29
17343,0.9375780614737368,-0.3690702464285427,-0.7229941646326415,0,3,355,1,193.64
17344,-0.039410904771510984,-0.3690702464285427,-0.8463291785250626,0,1,46,1,157.62
17345,-0.5593496184885577,0.4649735207179271,-0.12994359417538065,1,1,15,4,519.69
17346,-1.2282579451576368,1.5237190142858297,0.8447623651366799,2,0,3,15,2622.88
17347,0.25770300448908384,-0.3690702464285427,-0.622493098412149,0,3,86,1,228.96
17348,-0.5904904464328878,0.6309297535714574,0.35157655844380825,1,2,14,5,1156.6
17349,0.6085151873315049,-0.3690702464285427,-1.1289129423457096,0,3,179,1,98.25
17350,-0.836971657636088,0.4649735207179271,0.4132452069425922,1,2,8,4,1281.32
17351,-0.15484290499498438,0.2618595071429148,-0.056519370240776835,1,4,36,3,587.15
17353,0.4514938797071159,0.0,0.5975415434601548,1,4,129,2,1740.0
17354,0.0,-0.3690702464285427,0.4635997493040449,1,4,50,1,1393.06
17356,0.8739209951729948,-0.3690702464285427,-0.772738892247032,0,3,311,1,178.22
17357,-0.3440092352296877,0.0,-0.31129296279959207,1,1,24,2,384.39
17358,0.8613874239259875,0.0,-0.34934486768495504,0,3,303,2,360.81000000000006
17359,-0.6981606380623229,-0.3690702464285427,-0.9715593970360674,0,1,11,1,127.86
17360,-0.5025174943015487,0.2618595071429148,-0.07621526359646631,1,1,17,3,568.24
17361,-0.009555071895148155,0.2618595071429148,-0.16754158469601535,1,4,49,3,488.2
17362,0.7473262069052701,0.0,-0.43624184641200636,0,3,239,2,312.23
17364,-1.8971662718267155,1.261859507142915,1.1649841763295292,2,0,0,11,4462.68
17365,-0.6595388019259375,1.0000000000000002,1.20477924406947,2,2,12,8,4767.36
17367,0.7453115260541195,-0.3690702464285427,-0.8097331113223267,0,3,238,1,167.55
17368,-0.36370647472778334,1.0000000000000002,0.6437938940812186,2,2,23,8,1878.87
17370,0.17304632220108546,0.4649735207179271,-0.22166945345466266,1,4,72,4,446.18
17371,-0.5025174943015487,0.2618595071429148,-0.26032373862718905,1,1,17,3,418.4
17372,-0.10531069860088949,1.0000000000000002,0.43894370801215066,1,2,40,8,1337.18
17373,-0.10531069860088949,0.4649735207179271,0.0018122787044749687,1,4,40,4,646.9200000000001
17374,0.7031436292963993,0.0,-0.15828680799959052,0,3,218,2,495.77
17375,0.6593532547739307,0.2618595071429148,-0.2872124360727585,0,3,199,3,400.1
17376,0.1596422557462171,0.0,-0.6940961763745339,0,3,70,2,203.2
17377,-0.36370647472778334,1.7712437491614224,1.1077537346936033,2,0,23,20,4058.32
17379,-0.6981606380623229,-0.3690702464285427,-0.30301476137150196,1,1,11,1,389.72
17381,-0.836971657636088,2.095903274289385,2.0771547837744744,2,0,8,29,20275.61
17382,0.1244065062275264,-0.3690702464285427,-1.3711617895651476,0,3,65,1,65.4
17383,-1.1205877535282016,-0.3690702464285427,-0.7237687730416863,1,1,4,1,193.39
17384,-0.45167942685912266,0.0,-0.3914429107705271,1,1,19,2,336.4
17385,-0.5904904464328878,-0.3690702464285427,-0.5552335275130231,0,1,14,1,256.11
17386,-0.8938037818230972,0.7712437491614222,0.8591832639541835,2,2,7,6,2686.42
17387,-0.45167942685912266,0.0,0.08822724620787807,1,1,19,2,746.81
17388,0.20501266850391572,0.4649735207179271,0.40293021583460015,1,4,77,4,1259.56
17389,-1.8971662718267155,2.23621726987935,2.349021948134598,2,0,0,34,31833.68
17391,0.5635976280681896,0.0,-0.14268230555578806,0,4,163,2,508.8
17392,0.866125747072179,0.0,-0.26194977769874894,0,3,306,2,417.27
17394,0.7053418807652665,-0.3690702464285427,-0.692121923439578,0,3,219,1,203.87
17396,-0.11722526352458314,1.0000000000000002,1.4640684519154785,2,0,39,8,7330.799999999999
17397,-0.38424214252171446,0.0,0.03306993229771279,1,1,22,2,681.41
17398,0.3923363757767996,0.2618595071429148,0.007791577709786753,1,4,114,3,653.38
17400,0.4402284178965773,0.6309297535714574,0.7101997867985292,1,4,126,5,2097.84
17402,-1.1205877535282016,1.4021735027328797,0.8472768649994987,2,0,4,13,2633.85
17403,-0.15484290499498438,-0.3690702464285427,-0.5371986494839645,0,1,36,1,263.92
17405,-1.562712108492176,0.2618595071429148,0.28259666834046504,1,2,1,3,1031.41
17406,0.9067985329568811,0.2618595071429148,0.7345625265804134,1,4,333,3,2184.42
17408,0.5635976280681896,-0.3690702464285427,-1.780801719541291,0,3,163,1,32.65
17409,0.6217356133035294,0.0,0.10807752869127565,0,4,184,2,771.85
17410,-0.5300973070953137,0.6309297535714574,0.38110097863453096,1,2,16,5,1214.72
17411,-0.6595388019259375,0.2618595071429148,0.11358131748731361,1,2,12,3,778.94
17412,-1.3670689647314018,0.8927892607143721,0.4022126173789063,2,2,2,7,1258.06
17414,-0.07123663753324773,0.0,0.11285450272819551,1,4,43,2,778.0
17415,0.21722889980995616,-0.3690702464285427,-0.1438182991111992,0,3,79,1,507.84
17416,-0.2560362830983483,0.8927892607143721,1.4269976889633396,2,2,29,7,6893.42
17418,-0.08232943326112528,0.0,-0.19881885293831883,1,1,42,2,463.46
17419,-0.6981606380623229,1.3347175194727927,1.1322301839665945,2,0,11,12,4226.57
17420,0.0,0.2618595071429148,-0.044667880639010574,1,4,50,3,598.83
17422,-0.5300973070953137,0.7712437491614222,0.6751827248142397,2,2,16,6,1979.37
17423,-0.039410904771510984,0.0,0.04790004977838379,1,4,46,2,698.4100000000001
17425,-0.45167942685912266,0.0,0.09810726673485516,1,1,19,2,759.1700000000001
17426,-0.836971657636088,0.7712437491614222,1.2379624590777505,2,2,8,6,5037.26
17427,0.16639083236753036,-0.3690702464285427,-1.1136237471662789,0,3,71,1,100.8
17428,-1.8971662718267155,2.065044752110663,1.9800003380287174,2,0,0,28,17256.85
17429,0.44776787383418837,0.2618595071429148,-0.12392013937327981,0,4,128,3,524.9200000000001
17430,-0.2100476571070129,0.0,-0.5330271281890565,0,1,32,2,265.76
17431,0.8770041709211447,-0.3690702464285427,-0.2824232041307277,0,3,313,1,403.3
17432,-0.47642922941217053,0.0,-0.3411552084977882,1,1,18,2,365.76
17433,0.2686697348046577,-0.3690702464285427,-0.45395125975402056,0,3,88,1,303.16
17434,-1.3670689647314018,0.8927892607143721,0.7846544157037727,2,2,2,7,2373.82
17436,-1.562712108492176,0.0,-0.6566214180662537,1,1,1,2,216.3
17438,0.7746825812311168,-0.3690702464285427,-0.3049769469990745,0,3,253,1,388.4500000000001
17440,0.5425500075866052,0.2618595071429148,-0.7457756776651012,0,3,156,3,186.42
17442,-0.15484290499498438,0.7712437491614222,0.7519963564454292,1,2,36,6,2248.56
17446,0.6004054945386567,0.0,-1.0050241613643782,0,3,176,2,120.9
17447,-0.10531069860088949,0.0,-0.10517987769945722,1,1,40,2,541.53
17449,-1.3670689647314018,0.8927892607143721,0.8204667119680068,2,2,2,7,2519.21
17450,-0.836971657636088,2.5045553753797365,3.439483796109574,2,0,8,46,194390.79
17451,-1.562712108492176,0.8927892607143721,0.5910680353122579,2,2,1,7,1721.4
17453,-0.5025174943015487,0.0,-0.16936770034797216,1,1,17,2,486.7199999999999
17454,0.6421625942262168,0.4649735207179271,-0.13244896555763688,0,4,192,4,517.53
17455,0.6689083266690788,-0.3690702464285427,-0.9538617172597927,0,3,203,1,131.7
17456,0.9509449927946468,-0.3690702464285427,-0.5700651649976158,0,3,365,1,249.86
17457,0.4402284178965773,0.6309297535714574,0.5967448131706706,1,4,126,5,1737.7
17458,-0.5593496184885577,-0.3690702464285427,-0.42808135609453785,1,1,15,1,316.5
17459,-0.07123663753324773,0.0,0.011391173387563194,1,4,43,2,657.3
17460,0.3001492888863435,0.7712437491614222,-0.021409881415829897,1,4,94,6,622.4300000000001
17461,-0.38424214252171446,0.2618595071429148,0.07930421061663867,1,1,22,3,735.82
17462,0.08639352236479389,0.0,0.027996844102132174,1,4,60,2,675.6899999999999
17463,-0.5300973070953137,0.6309297535714574,0.6428281060086721,1,2,16,5,1875.86
17464,0.5486578785463281,-0.3690702464285427,-0.48069153373394224,0,3,158,1,289.96000000000004
17466,-0.7401449642023266,0.0,0.10135705391810709,1,1,10,2,763.28
17468,-0.7401449642023266,0.0,-0.9302586552096898,0,1,10,2,137.0
17469,-0.5300973070953137,0.6309297535714574,0.6412557945091042,1,2,16,5,1870.97
17470,-0.06039313933757419,0.6309297535714574,0.3349331046653624,1,4,44,5,1125.07
17472,0.639656015275835,0.2618595071429148,0.04714989150688624,0,4,191,3,697.54
17475,0.21722889980995616,-0.3690702464285427,-0.7207379892478313,0,3,79,1,194.37
17480,0.20501266850391572,-0.3690702464285427,-0.13912255837027948,0,3,77,1,511.82
17481,-1.2282579451576368,0.4649735207179271,0.40102910690189947,1,2,3,4,1255.59
17483,0.1244065062275264,0.2618595071429148,-0.2666219982549279,1,4,65,3,414.04
17486,0.7896454968649371,-0.3690702464285427,-0.2920854723867815,0,3,261,1,396.87
17489,0.07030818744334325,0.0,-0.32353631255209636,0,1,58,2,376.64
17490,-1.8971662718267155,0.8927892607143721,0.708612604866441,2,2,0,7,2092.32
17491,-1.562712108492176,1.1826583386441383,1.028625466080205,2,0,1,10,3558.87
17492,0.7650895145044322,-0.3690702464285427,-0.32684900100276615,0,3,248,1,374.57
17495,-0.8938037818230972,0.0,-0.15611904580997477,1,1,7,2,497.56000000000006
17496,0.9416271652029823,-0.3690702464285427,-0.5211923748317742,0,3,358,1,271.05
17498,0.1924790972569085,-0.3690702464285427,-0.518605948242875,0,3,75,1,272.22
17499,0.8386383790268235,-0.3690702464285427,-0.020975007498573055,0,3,289,1,622.88
17500,-0.5025174943015487,0.2618595071429148,0.3418140300153329,1,2,17,3,1138.0
17501,0.7075301628054642,0.0,-0.48351522899365557,0,3,220,2,288.6
17502,-0.786133590193662,0.4649735207179271,0.03982361416062588,1,2,9,4,689.1
17503,-1.3670689647314018,0.0,-0.0861215782045784,1,1,2,2,558.96
17504,0.6759524716689128,1.0959032742893848,0.9251019377124416,1,4,206,9,2997.03
17505,0.5576771198890786,0.0,0.3459482841509762,1,4,161,2,1145.84
17506,0.1924790972569085,-0.3690702464285427,-0.45585650391951943,0,3,75,1,302.2
17507,0.7896454968649371,0.0,-0.03792355380314287,0,4,261,2,605.5799999999999
17509,0.062059860728309484,1.0000000000000002,1.3516944749264477,2,2,57,8,6083.64
17510,-0.3440092352296877,-0.3690702464285427,-0.4435008315920392,0,1,24,1,308.48
17511,-1.3670689647314018,2.1546487678572874,2.9824506526606,2,0,2,31,91062.38
17512,-0.2723943026062298,1.1826583386441383,0.9104429551049289,2,2,28,10,2924.99
17513,0.17304632220108546,-0.3690702464285427,-0.1375028915752214,0,1,72,1,513.2
17514,0.44776787383418837,-0.3690702464285427,-0.6782215364855705,0,3,128,1,208.65
17515,-0.22489545515401813,0.4649735207179271,-0.005581426633220309,1,4,31,4,639.02
17516,-0.5593496184885577,0.6309297535714574,0.1026174543058986,1,2,15,5,764.8799999999999
17517,0.8692589747236188,-0.3690702464285427,-0.8604764385465369,0,3,308,1,153.94
17519,-0.5025174943015487,0.7712437491614222,0.6325160201704332,1,2,17,6,1844.02
17520,0.02757981279376517,-0.3690702464285427,-0.09934273104866735,0,1,53,1,546.81
17521,-0.2560362830983483,0.2618595071429148,0.06890041122960301,1,4,29,3,723.21
17522,-1.562712108492176,0.6309297535714574,0.30511300779713324,2,2,1,5,1070.71
17523,-0.6981606380623229,0.4649735207179271,0.007201841689125342,1,2,11,4,652.74
17524,0.9456425728102247,-0.3690702464285427,-0.8962952060635371,0,3,361,1,145.0
17525,0.9429693506660444,-0.3690702464285427,-0.2541759579721544,0,3,359,1,422.7000000000001
17526,-1.1205877535282016,0.4649735207179271,0.3716980154301466,1,2,4,4,1195.9
17527,0.02757981279376517,0.4649735207179271,0.2263186766629084,1,4,53,4,939.37
17528,-1.562712108492176,1.0000000000000002,1.0403001295848036,2,0,1,8,3628.5
17530,-1.562712108492176,1.1826583386441383,0.7829516586308627,2,0,1,10,2367.12
17531,0.6371363470810009,-0.3690702464285427,-0.46688961132087914,0,3,190,1,296.7
17534,0.02757981279376517,-0.3690702464285427,-0.6373515447248165,0,1,53,1,223.36
17535,0.8234264773092309,-0.3690702464285427,-0.8211032881461514,0,3,280,1,164.4
17536,0.6031238981391972,-0.3690702464285427,-1.2779971707541395,0,3,177,1,76.5
17537,-0.2560362830983483,0.0,0.1922379947613449,1,4,29,2,887.6700000000001
17538,-0.3250846385913979,-0.3690702464285427,-1.1278815071004404,0,1,25,1,98.42
17540,-0.3440092352296877,0.0,-0.06503320013678532,1,1,24,2,578.9000000000001
17542,0.8041583310922792,-0.3690702464285427,-0.7983979928767325,0,3,269,1,170.75
17545,-0.07123663753324773,0.2618595071429148,-0.002481878404852323,1,4,43,3,642.3199999999999
17548,0.7351099755992296,-0.3690702464285427,-1.099001687536229,0,3,233,1,103.3
17549,-0.36370647472778334,0.0,-0.8805680235422152,0,1,23,2,148.86
17550,0.6545038133228402,0.2618595071429148,-0.5298723747431328,0,3,197,3,267.16
17551,0.9429693506660444,-0.3690702464285427,-0.479904918957688,0,3,359,1,290.34
17552,0.08639352236479389,0.4649735207179271,0.2205485977008979,1,4,60,4,930.41
17553,0.4514938797071159,-0.3690702464285427,0.5031458062612881,1,4,129,1,1487.6
17554,-1.562712108492176,0.6309297535714574,0.6669338904515443,2,2,1,5,1952.45
17555,-0.45167942685912266,0.0,-0.17734126231236733,1,1,19,2,480.31
17556,0.6736158309628445,-0.3690702464285427,-0.8452662298619206,0,3,205,1,157.9
17557,-0.5904904464328878,0.2618595071429148,-0.1052576450918996,1,1,14,3,541.46
17560,0.3001492888863435,0.4649735207179271,0.1696286171177102,1,4,94,4,854.95
17561,-0.45167942685912266,-0.3690702464285427,-0.8184854145214837,0,1,19,1,165.12
17562,-0.5904904464328878,0.8927892607143721,0.33349164871652054,1,2,14,7,1122.38
17564,-0.3440092352296877,0.2618595071429148,-0.21120781060457963,1,1,24,3,454.01
17566,-0.836971657636088,0.0,0.17997437190384274,1,1,8,2,869.77
17567,-0.8938037818230972,1.0000000000000002,1.1470038257098978,2,2,7,8,4331.48
17569,0.9053517091956431,-0.3690702464285427,-0.37777328258989473,0,3,332,1,344.14
17571,0.0,0.4649735207179271,0.477535612126125,1,4,50,4,1425.67
17572,0.16639083236753036,0.4649735207179271,-0.6283131988553093,0,1,71,4,226.75
17573,-0.2560362830983483,0.2618595071429148,-0.31724928627257937,1,1,29,3,380.6
17574,0.7533202636498529,-0.3690702464285427,-0.7482568886256247,0,3,242,1,185.65
17576,-0.836971657636088,1.7268330278608421,1.029633659965122,2,0,8,19,3564.83
17578,0.7031436292963993,-0.3690702464285427,-0.9026861305978882,0,3,218,1,143.45999999999998
17579,-1.1205877535282016,0.2618595071429148,-0.21801464776290647,1,1,4,3,448.9
17580,0.7727791651026745,0.2618595071429148,-0.65823222593149,0,3,252,3,215.72
17581,-1.8971662718267155,1.9656472730442505,1.7100009339438849,2,0,0,25,11025.24
17582,0.7412567512445486,-0.3690702464285427,-0.7827418821144418,0,3,236,1,175.27
17584,-0.8938037818230972,0.0,0.3946209460403578,1,2,7,2,1242.3000000000002
17585,0.370887717430727,0.4649735207179271,0.3304258224541268,1,4,109,4,1116.6799999999998
17588,0.32970027894145965,0.2618595071429148,0.393602106880334,1,4,100,3,1240.2
17589,0.08639352236479389,0.4649735207179271,0.7923079630939696,1,4,60,4,2404.17
17590,-1.3670689647314018,0.2618595071429148,0.49516582466317993,1,2,2,3,1468.02
17591,0.17961125833955535,0.8927892607143721,0.7398480174341955,1,4,73,7,2203.67
17593,-1.2282579451576368,0.6309297535714574,1.0874521900832375,2,2,3,5,3923.86
17594,0.252124730073414,0.0,0.2598553750944478,1,4,85,2,993.18
17595,-0.6595388019259375,0.0,-0.3077068007408886,1,1,12,2,386.69
17596,-0.36370647472778334,0.8927892607143721,0.8855693827569195,2,2,23,7,2806.69
17597,0.6919995920920387,-0.3690702464285427,0.694646658211432,1,4,213,1,2044.37
17600,-0.5025174943015487,-0.3690702464285427,-0.8311339914592851,0,1,17,1,161.67000000000002
17601,0.7473262069052701,-0.3690702464285427,-1.029699346582597,0,3,239,1,116.01
17602,-1.3670689647314018,0.7712437491614222,1.2400117018018708,2,0,2,6,5054.42
17603,0.21115944414923474,-0.3690702464285427,-0.29535111434852623,0,3,78,1,394.72
17604,0.7009353171450358,0.0,-0.44178952195141213,0,3,217,2,309.36
17608,-0.19564314376077413,0.0,-0.7281250748830203,0,1,33,2,191.99
17609,-0.10531069860088949,0.6309297535714574,0.3245193170561821,1,4,40,5,1105.78
17611,-0.8938037818230972,1.5237190142858297,1.0931467553390393,2,0,7,15,3961.12
17612,0.02757981279376517,0.7712437491614222,0.6958476795484921,1,2,53,6,2048.45
17613,-0.38424214252171446,1.4649735207179273,1.175938215843319,2,0,22,14,4544.55
17614,0.062059860728309484,-0.3690702464285427,-0.30828226675856435,0,1,57,1,386.32
17615,0.4551913335303976,0.2618595071429148,-0.40371370530480427,0,3,130,3,329.6
17616,0.5921571678236234,0.2618595071429148,-0.07308943738249277,0,4,173,3,571.1999999999999
17618,-1.0326148013968623,0.2618595071429148,0.2204644721343484,1,2,5,3,930.28
17619,0.8754650456516969,-0.3690702464285427,-0.6619982769428969,0,3,312,1,214.37
17620,0.07841788023619099,-0.3690702464285427,-1.240755149012895,0,3,59,1,81.44
17621,-0.405690800867787,0.2618595071429148,0.45788328297365943,1,2,21,3,1379.9
17623,-0.2100476571070129,-0.3690702464285427,-0.12148413997127147,1,1,32,1,527.0500000000001
17624,-0.5904904464328878,0.0,0.16149775720935075,1,1,14,2,843.48
17625,-0.47642922941217053,0.4649735207179271,0.6875419101172486,1,2,18,4,2020.4
17628,0.22914346473365005,-0.3690702464285427,-1.2838580766081993,0,3,81,1,75.75
17629,-1.0326148013968623,1.0000000000000002,0.6226689193626678,2,2,5,8,1814.12
17630,0.5809353745377399,0.0,-0.1488613758987302,0,4,169,2,503.6
17631,-1.562712108492176,0.2618595071429148,-0.1200249752459651,1,2,1,3,528.33
17633,-0.22489545515401813,0.4649735207179271,0.4333602144858602,1,2,31,4,1324.84
17634,-0.15484290499498438,1.0959032742893848,0.7807768356892201,2,2,36,9,2358.59
17636,-0.45167942685912266,-0.3690702464285427,-0.4898752674530434,0,1,19,1,285.56
17637,-0.22489545515401813,0.0,-0.09906774781788606,1,1,31,2,547.06
17639,0.8165085758314399,-0.3690702464285427,-1.0696788136615287,0,3,276,1,108.5
17640,0.25770300448908384,-0.3690702464285427,-0.0221547276077037,0,4,86,1,621.66
17642,0.4128720435707305,0.0,0.05974351334176805,0,4,119,2,712.29
17643,0.9613781638636149,-0.3690702464285427,-1.1091997605605508,0,3,373,1,101.55
17644,-1.562712108492176,1.261859507142915,0.9043669543066847,2,0,1,11,2895.6400000000003
17646,0.7053418807652665,0.2618595071429148,0.2690061583508521,1,4,219,3,1008.39
17647,0.1244065062275264,-0.3690702464285427,-0.9477163591682138,0,3,65,1,133.06
17648,0.08639352236479389,0.4649735207179271,0.6171250009216822,1,4,60,4,1797.5
17649,0.483793208478914,-0.3690702464285427,0.17908778534676437,0,4,138,1,868.49
17650,-0.405690800867787,-0.3690702464285427,-0.8150125113563937,0,1,21,1,166.08
17651,-0.6981606380623229,1.1826583386441383,1.0906896848249419,2,0,11,10,3945.0
17652,-0.3250846385913979,1.3347175194727927,1.2173324924233477,2,0,25,12,4867.72
17653,-0.15484290499498438,0.4649735207179271,0.37754092338064044,1,4,36,4,1207.5600000000002
17654,0.8182473718134535,-0.3690702464285427,-1.0218189042619208,0,3,277,1,117.55
17655,-0.7401449642023266,0.8927892607143721,0.8484400210255331,2,2,10,7,2638.94
17656,0.17961125833955535,0.6309297535714574,0.574497841890864,1,4,73,5,1674.69
17658,-0.3250846385913979,0.0,-0.04810392558892723,1,1,25,2,595.42
17659,-0.5025174943015487,1.3347175194727927,0.9255902409347702,2,2,17,12,2999.46
17660,0.49409641908075663,-0.3690702464285427,-0.7709592067464733,0,3,141,1,178.75
17663,-0.3250846385913979,0.8927892607143721,0.6189352139411679,1,2,25,7,1802.91
17664,-0.47642922941217053,0.0,-0.03885825269473506,1,1,18,2,604.64
17666,-1.2282579451576368,0.0,0.07300581539743184,1,1,3,2,728.1600000000001
17667,0.1316625130805325,0.6309297535714574,0.6979202802790992,1,4,66,5,2055.51
17668,-1.562712108492176,0.0,-0.37150215374755624,1,1,1,2,347.75
17669,-0.08232943326112528,0.8927892607143721,1.0022995406710122,2,2,42,7,3406.7200000000003
17670,0.7225764043522224,-0.3690702464285427,-0.6867622852493517,0,3,227,1,205.7
17671,-0.5593496184885577,0.4649735207179271,0.5366553511212646,1,2,15,4,1572.71
17672,0.0,0.0,0.9604586977991973,1,4,50,2,3178.17
17673,-1.562712108492176,0.7712437491614222,0.5451206464197187,2,2,1,6,1594.97
17674,0.18608807186562598,0.0,-0.09470682867608222,1,4,74,2,551.04
17675,-1.562712108492176,2.1546487678572874,2.080080488353002,2,0,1,31,20374.28
17676,-1.1205877535282016,0.7712437491614222,0.4540653848299823,2,2,4,6,1371.18
17677,-1.562712108492176,2.125749857257015,1.9472978949102673,2,0,1,30,16345.38
17678,0.7933148328966054,-0.3690702464285427,-0.4640418141038395,0,3,263,1,298.11
17679,0.018560571451014377,0.0,0.6790475078382583,1,4,52,2,1992.11
17680,-0.36370647472778334,-0.3690702464285427,-0.7523067072220697,0,1,23,1,184.4
17682,-0.7401449642023266,0.7712437491614222,0.8096372389330522,2,2,10,6,2474.33
17684,-0.07123663753324773,-0.3690702464285427,-0.595709225520886,0,1,43,1,239.41
17685,-0.5300973070953137,0.8927892607143721,0.9562086380856853,2,2,16,7,3155.83
17686,-0.8938037818230972,0.8927892607143721,1.3166008101597677,2,0,7,7,5739.46
17690,-0.2402146898412107,1.5237190142858297,1.199630778698814,2,0,30,15,4726.8
17691,0.9416271652029823,0.0,-0.47978081042120746,0,3,358,2,290.4
17692,0.4440128715150607,0.4649735207179271,0.08347769923952533,1,4,127,4,740.9399999999999
17693,0.48030932790813896,-0.3690702464285427,-0.7022080568553155,0,3,137,1,200.47
17694,0.49409641908075663,-0.3690702464285427,-0.4950290376795442,0,3,141,1,283.12
17695,0.45886066956206595,0.0,0.10297933211298482,0,4,131,2,765.34
17696,-0.1294414948306238,1.0000000000000002,0.7618681227028351,2,2,38,8,2285.71
17697,0.7412567512445486,-0.3690702464285427,-0.3869050169583982,0,3,236,1,338.95
17698,0.7878003115843977,-0.3690702464285427,-0.856560450289077,0,3,260,1,154.95
17700,-0.5300973070953137,0.4649735207179271,0.8241454454571888,1,2,16,4,2534.6400000000003
17701,0.7727791651026745,-0.3690702464285427,-0.26097075075135473,0,3,252,1,417.95
17702,-0.2402146898412107,0.4649735207179271,0.6260627518499257,1,2,30,4,1824.37
17703,-0.16806333096700918,0.2618595071429148,0.1286906071627155,1,4,35,3,798.74
17704,0.5780886679748406,0.0,0.19055371940725754,0,4,168,2,885.19
17705,-1.2282579451576368,1.0959032742893848,0.6257820376450197,2,2,3,9,1823.52
17706,-1.1205877535282016,1.6309297535714573,1.6808427626121591,2,0,4,17,10504.49
17707,0.6243367805886427,0.0,-0.8664967602090429,0,3,185,2,152.4
17708,0.6294974218975681,0.0,-0.5385423935422005,0,3,187,2,263.33
17709,0.5809353745377399,-0.3690702464285427,-0.9282965534144987,0,3,169,1,137.45
17711,-0.7401449642023266,0.0,-0.3101836515882786,1,1,10,2,385.1
17712,-0.06039313933757419,-0.3690702464285427,-0.12622796420040192,0,1,44,1,522.91
17714,0.887642735852813,-0.3690702464285427,-0.8641440243555185,0,3,320,1,153.0
17715,0.6617598201758463,-0.3690702464285427,-0.4095757987978219,0,3,200,1,326.4
17716,-0.38424214252171446,1.261859507142915,1.3077729445217585,2,0,22,11,5655.99
17718,0.7330435254907093,-0.3690702464285427,-0.9200818329981247,0,3,232,1,139.35
17719,-0.141975066077631,1.5237190142858297,1.279421545686568,2,0,37,15,5396.04
17720,-0.30687435054077433,0.4649735207179271,0.37171815685098797,1,2,26,4,1195.94
17722,0.31020205588786276,0.4649735207179271,0.7972665683480554,1,4,96,4,2424.04
17723,0.4440128715150607,0.7712437491614222,0.9787987692593272,1,4,127,6,3276.4000000000005
17724,0.16639083236753036,0.2618595071429148,0.2835241513172255,1,4,71,3,1033.0
17725,-0.5300973070953137,1.261859507142915,1.007995749599005,2,0,16,11,3439.08
17727,-0.5593496184885577,-0.3690702464285427,0.2992017801198395,1,1,15,1,1060.25
17728,-1.2282579451576368,0.2618595071429148,0.9002687203091659,2,2,3,3,2876.01
17730,-1.2282579451576368,1.4021735027328797,1.268427271612006,2,0,3,13,5298.4800000000005
17731,0.21722889980995616,0.4649735207179271,0.3935584038325732,1,4,79,4,1240.11
17732,0.960086287957098,-0.3690702464285427,-0.45234838157128204,0,3,372,1,303.97
17733,-0.1294414948306238,0.0,0.042516210161672605,1,4,38,2,692.19
17734,0.02757981279376517,0.2618595071429148,0.049810026328953844,1,4,53,3,700.63
17735,-1.3670689647314018,1.7268330278608421,1.814372202629252,2,0,2,19,13110.02
17736,-0.786133590193662,0.2618595071429148,-0.32226090897429005,1,1,9,3,377.44
17737,-0.786133590193662,0.0,-0.8072708840445089,1,1,9,2,168.24
17738,-0.45167942685912266,0.4649735207179271,0.6438515998369382,1,2,19,4,1879.05
17739,-0.6981606380623229,0.8927892607143721,0.8822675083591702,2,2,11,7,2791.35
17742,0.3881222410176829,0.0,-0.3589153353737655,0,3,113,2,355.11
17744,-1.2282579451576368,0.7712437491614222,0.7714614845410037,2,2,3,6,2322.4
17746,0.7493325106808756,-0.3690702464285427,-1.0601229121161426,0,3,240,1,110.25
17747,0.3838709768396838,-0.3690702464285427,-1.3190233837953669,0,3,112,1,71.4
17749,0.6058270725080276,0.0,0.026953885527899277,0,4,178,2,674.52
17750,-1.0326148013968623,1.0959032742893848,0.5872242466340887,2,2,5,9,1710.45
17752,0.9429693506660444,-0.3690702464285427,-1.246632248102191,0,3,359,1,80.64
17754,-1.8971662718267155,0.6309297535714574,0.5708759158143183,2,2,0,5,1664.65
17757,-1.562712108492176,2.125749857257015,1.3010664086181125,2,0,1,30,5593.39
17758,-0.45167942685912266,1.0000000000000002,1.0025612376787414,2,2,19,8,3408.2
17759,-0.5025174943015487,0.2618595071429148,0.14447372497477795,1,2,17,3,819.96
17760,-0.405690800867787,0.0,-0.4856208319002706,1,1,21,2,287.59
17761,-0.2100476571070129,-0.3690702464285427,0.060157394878253764,1,1,32,1,712.78
17763,0.7933148328966054,-0.3690702464285427,-2.22885742172905,0,3,263,1,15.0
17764,0.0,0.0,0.10862316273661915,1,4,50,2,772.55
17765,0.5486578785463281,0.2618595071429148,-0.3380900703394952,0,3,158,3,367.63
17767,-0.5593496184885577,-0.3690702464285427,-0.5208601607292271,0,1,15,1,271.2
17768,-0.836971657636088,0.2618595071429148,0.7056050712983685,1,2,8,3,2081.9
17769,-0.6595388019259375,1.1826583386441383,1.092585195178213,2,0,12,10,3957.43
17770,0.6569346263371555,0.6309297535714574,0.34459617237057183,1,4,198,5,1143.27
17771,0.05366807768314334,0.0,-0.5798746990888021,0,1,56,2,245.81
17772,-0.7401449642023266,0.0,-0.7889970646272058,1,1,10,2,173.45000000000002
17774,0.31020205588786276,0.4649735207179271,0.3806099873766001,1,4,96,4,1213.73
17775,0.7765785182985138,-0.3690702464285427,-1.4589455001860112,0,3,254,1,56.4
17777,-0.3440092352296877,0.2618595071429148,0.002407309468125627,1,1,24,3,647.56
17779,-0.405690800867787,0.2618595071429148,0.004966671394598051,1,1,21,3,650.3199999999999
17781,0.5516830631444957,0.0,-0.7406523507913328,0,3,159,2,188.02
17783,0.17304632220108546,0.0,-0.49428705440806603,0,3,72,2,283.47
17785,0.02757981279376517,-0.3690702464285427,-0.9527726790430827,0,3,53,1,131.94
17786,0.252124730073414,0.0,-0.5305695052404077,0,3,85,2,266.85
17787,0.5300973070953137,0.4649735207179271,0.6238034263583706,1,4,152,4,1817.54
17788,0.17961125833955535,0.0,0.3310833298901005,1,4,73,2,1117.9
17789,0.8251405656583424,-0.3690702464285427,-0.6305667502565071,0,3,281,1,225.9
17790,-0.30687435054077433,1.4649735207179273,0.6705788889014851,2,2,26,14,1964.3
17791,-0.2560362830983483,-0.3690702464285427,-1.0830354098389445,0,1,29,1,106.1
17793,-0.3250846385913979,-0.3690702464285427,-0.4595651424406805,0,1,25,1,300.34
17795,0.6085151873315049,0.0,-0.38006518826161684,0,3,179,2,342.83000000000004
17796,-0.10531069860088949,0.4649735207179271,0.040609107809138165,1,4,40,4,690.0
17797,-0.38424214252171446,0.2618595071429148,0.11473160340148596,1,4,22,3,780.4300000000001
17799,-0.38424214252171446,1.1826583386441383,0.9335143262008923,2,2,22,10,3039.17
17800,-0.141975066077631,1.0959032742893848,0.36730625625852287,1,2,37,9,1187.21
17802,0.2349922074091187,0.2618595071429148,0.4149910796589517,1,4,82,3,1285.04
17805,0.17961125833955535,-0.3690702464285427,-0.1385469607891194,0,1,73,1,512.31
17806,-0.6981606380623229,-0.3690702464285427,-0.10019046857081546,1,1,11,1,546.04
17809,-0.5300973070953137,1.3347175194727927,1.2811911606650623,2,0,16,12,5411.91
17811,-1.1205877535282016,2.3577627814323,1.4984969872887184,2,0,4,39,7761.820000000001
17812,-0.6595388019259375,0.4649735207179271,0.049105244263901913,1,2,12,4,699.81
17813,-0.5904904464328878,0.6309297535714574,0.5828487517180283,1,2,14,5,1698.07
17816,-0.15484290499498438,0.4649735207179271,-1.7145498672343047,0,1,36,4,36.56
17817,-1.1205877535282016,0.2618595071429148,-0.3061697368620124,1,1,4,3,387.68
17819,0.16639083236753036,0.8927892607143721,1.0528500707582318,2,2,71,7,3704.87
17824,0.00936952474314159,-0.3690702464285427,-0.46345776165006747,0,1,51,1,298.4
17827,-1.0326148013968623,0.6309297535714574,0.6776003591276671,2,2,5,5,1987.33
17830,-1.562712108492176,0.2618595071429148,-0.2893197519811419,1,1,1,3,398.7
17831,-0.19564314376077413,-0.3690702464285427,-1.7334568371719736,0,1,33,1,35.400000000000006
17832,-0.009555071895148155,-0.3690702464285427,-0.854939480247995,0,1,49,1,155.37
17835,-1.3670689647314018,0.2618595071429148,-0.38110027409424535,1,1,2,3,342.24
17836,-0.029252311393243784,-0.3690702464285427,-1.0603396492346437,0,1,47,1,110.21
17837,-0.08232943326112528,1.0000000000000002,0.5244770797891117,1,2,42,8,1541.23
17838,-0.30687435054077433,0.6309297535714574,0.8668445611077179,1,2,26,5,2720.8
17839,-0.08232943326112528,-0.3690702464285427,-0.42495736774756554,0,1,42,1,318.15
17841,-1.562712108492176,3.394920562153782,2.4944274455550413,2,0,1,124,40519.84
17843,0.8613874239259875,-0.3690702464285427,-0.6874040984755553,0,3,303,1,205.48
17846,0.252124730073414,-0.3690702464285427,0.6913166407620714,1,4,85,1,2033.1
17848,0.22914346473365005,1.0959032742893848,0.20134482477793428,1,4,81,9,901.2
17849,0.7031436292963993,0.4649735207179271,-0.03770500366497717,0,4,218,4,605.8
17850,0.960086287957098,2.23621726987935,1.278881934262555,2,0,372,34,5391.21
17852,-0.6981606380623229,0.0,-1.03836310841484,0,1,11,2,114.34
17854,0.6243367805886427,0.0,-0.43811113753530034,0,3,185,2,311.26
17855,0.960086287957098,-0.3690702464285427,-0.6773023172260735,0,3,372,1,208.97
17856,-1.562712108492176,0.4649735207179271,0.4742994481422471,2,2,1,4,1418.03
17857,-1.1205877535282016,1.8927892607143728,2.2470632264118486,2,0,4,23,26879.04
17858,-1.0326148013968623,1.3347175194727927,1.25020626231666,2,0,5,12,5140.66
17859,0.8629720406633079,-0.3690702464285427,-0.9091455512781522,0,3,304,1,141.92000000000002
17860,0.9548839155897378,-0.3690702464285427,-0.6291076081123875,0,3,368,1,226.45
17861,-1.2282579451576368,1.0000000000000002,0.7102112728764151,2,2,3,8,2097.88
17862,0.8921312832236181,-0.3690702464285427,-0.401348421494603,0,3,323,1,330.9
17863,0.07841788023619099,0.7712437491614222,0.9570042355940551,1,2,59,6,3160.0
17864,-0.6595388019259375,0.2618595071429148,-0.09056153525235411,1,1,12,3,554.85
17865,-0.2402146898412107,1.7712437491614224,1.682093833231478,2,0,30,20,10526.32
17866,0.4974825056984513,-0.3690702464285427,-0.4036225609967622,0,3,142,1,329.65
17867,-0.2402146898412107,0.7712437491614222,0.3522374075643461,1,2,30,6,1157.87
17869,0.3620339761283047,0.6309297535714574,-0.24643091490911165,1,4,107,5,428.18
17870,-1.3670689647314018,1.3347175194727927,0.6396180354586037,2,0,2,12,1865.89
17871,0.6712678196976245,-0.3690702464285427,-0.8529001727833367,0,3,204,1,155.9
17873,0.22322295655453953,0.6309297535714574,0.6341275574175352,1,4,80,5,1848.96
17874,0.6243367805886427,0.7712437491614222,0.0348777398942036,1,4,185,6,683.46
17877,0.5837653847784572,-0.3690702464285427,-0.6002386824558049,0,3,170,1,237.61
17878,-0.07123663753324773,-0.3690702464285427,-0.3190683165784224,0,1,43,1,379.45
17879,0.5921571678236234,-0.3690702464285427,-0.7717308777357907,0,3,173,1,178.51999999999998
17880,0.9496248404995995,-0.3690702464285427,-0.20473902101129327,0,3,364,1,458.92
17881,0.8629720406633079,-0.3690702464285427,-0.9464140181869899,0,3,304,1,133.35000000000002
17883,-1.2282579451576368,0.4649735207179271,0.017802266780093914,1,2,3,4,664.34
17884,-1.2282579451576368,0.4649735207179271,0.04501502922437047,1,2,3,4,695.0699999999999
17885,-0.6595388019259375,-0.3690702464285427,-0.8512123893245382,0,1,12,1,156.34
17886,-0.22489545515401813,0.2618595071429148,0.1796351295405238,1,4,31,3,869.28
17887,0.4514938797071159,-0.3690702464285427,-1.0541929813679976,0,3,129,1,111.35
17888,-0.405690800867787,1.0000000000000002,0.0628701399062878,1,2,21,8,716.0
17889,0.6897395628415309,0.0,-0.6995217283082883,0,3,212,2,201.37
17890,0.8906397353192314,0.0,-0.056785857526677024,0,3,322,2,586.89
17891,0.5606464545696141,-0.3690702464285427,-0.6921513424099193,0,3,162,1,203.86
17892,0.05366807768314334,0.2618595071429148,-0.5840649250227138,0,1,56,3,244.1
17893,0.7183251401742233,-0.3690702464285427,-1.076821172195279,0,3,225,1,107.21
17894,0.16639083236753036,1.0000000000000002,0.3316540250542994,1,4,71,8,1118.96
17895,-0.06039313933757419,-0.3690702464285427,-1.14616028036288,0,1,44,1,95.45
17896,-0.36370647472778334,-0.3690702464285427,-0.5547414672850287,0,1,23,1,256.32
17897,0.5893760917508755,0.2618595071429148,-0.1048689084368089,0,4,172,3,541.81
17898,0.252124730073414,0.0,-0.8678340653988794,0,3,85,2,152.06
17899,0.5516830631444957,-0.3690702464285427,-0.8581082950840545,0,3,159,1,154.55
17900,0.6371363470810009,0.0,-1.0496503930229062,0,3,190,2,112.2
17901,-0.2560362830983483,-0.3690702464285427,-1.0594190542842588,0,1,29,1,110.38
17904,-0.405690800867787,-0.3690702464285427,-0.7632301481537812,0,1,21,1,181.07
17905,0.16639083236753036,0.4649735207179271,0.12887898011961565,1,4,71,4,798.99
17906,0.7631478001624079,-0.3690702464285427,-1.3066642685012746,0,3,247,1,72.9
17908,0.9613781638636149,-0.3690702464285427,-0.614500309164792,0,3,373,1,232.03
17911,-0.786133590193662,-0.3690702464285427,-0.3403833583239954,1,1,9,1,366.23
17912,0.8723719878624252,0.6309297535714574,-0.4404317143704317,0,3,310,5,310.06
17913,0.07030818744334325,0.0,-0.2745002427153672,0,1,58,2,408.65
17914,-1.2282579451576368,-0.3690702464285427,-0.4041513899542343,1,1,3,1,329.36
17917,-0.04978797918717493,0.2618595071429148,-0.39389509976445,1,1,45,3,335.03
17919,0.2686697348046577,-0.3690702464285427,0.4238301338229712,1,4,88,1,1304.04
17920,-1.1205877535282016,1.6309297535714573,1.116769426477713,2,0,4,17,4119.5
17921,0.11703971637257636,0.4649735207179271,0.14467190760909684,1,4,64,4,820.23
17923,0.8268485864253822,-0.3690702464285427,-0.6815366016229422,0,3,282,1,207.50000000000003
17924,-0.6981606380623229,0.8927892607143721,0.9181201131241672,2,2,11,7,2962.5
17925,0.960086287957098,-0.3690702464285427,-0.5841141062815259,0,3,372,1,244.08
17926,0.46611667641507204,0.0,-0.29144959378823915,0,3,133,2,397.29
17928,-0.04978797918717493,0.0,-0.6671412326638932,0,1,45,2,212.54
17929,-0.6981606380623229,0.4649735207179271,0.16115509156810406,1,2,11,4,843.0
17930,-0.16806333096700918,0.6309297535714574,0.5977076848507762,1,2,35,5,1740.48
17931,0.4697041677577397,0.0,-0.27492705218211333,0,3,134,2,408.36
17932,-0.2560362830983483,0.2618595071429148,0.4364117558560388,1,4,29,3,1331.57
17934,0.00936952474314159,0.0,0.05291156860464766,1,4,51,2,704.25
17935,0.483793208478914,0.0,-0.8930428570987715,0,3,138,2,145.79
17936,-1.0326148013968623,-0.3690702464285427,-0.31799205278672876,1,1,5,1,380.13
17937,-0.836971657636088,0.8927892607143721,1.1427795847785693,2,2,8,7,4301.22
17939,0.5516830631444957,-0.3690702464285427,-1.1235325400462974,0,3,159,1,99.14
17940,-0.009555071895148155,1.1826583386441383,1.1020432930194861,2,2,49,10,4020.04
17941,0.4551913335303976,-0.3690702464285427,-0.4511835305900017,0,3,130,1,304.56
17942,-0.8938037818230972,-0.3690702464285427,-1.2702702477909675,0,1,7,1,77.50000000000001
17946,0.7351099755992296,0.0,-0.877679334416366,0,3,233,2,149.57999999999998
17947,-0.141975066077631,-0.3690702464285427,-0.7779400748384258,0,1,37,1,176.68
17948,0.5140654216740944,-0.3690702464285427,-0.35310454941006153,0,3,147,1,358.56000000000006
17949,-1.562712108492176,2.484979583771729,2.7158603457294417,2,0,1,45,58510.48
17950,0.17304632220108546,0.2618595071429148,-0.17497925706911702,1,4,72,3,482.2
17951,-0.11722526352458314,0.2618595071429148,0.26909571446278546,1,4,39,3,1008.54
17954,-1.0326148013968623,1.3347175194727927,0.7693124132032939,2,0,5,12,2314.13
17955,0.6569346263371555,0.4649735207179271,-0.0879109098738952,0,4,198,4,557.3
17956,0.7670234464033656,-0.3690702464285427,-2.3201952928882146,0,3,249,1,12.75
17957,0.1316625130805325,-0.3690702464285427,-1.052425320030585,0,3,66,1,111.68
17958,0.40065581226469005,-0.3690702464285427,-0.14308439177081594,0,3,116,1,508.4599999999999
17960,0.5865788934079535,-0.3690702464285427,-1.2995298197409877,0,3,171,1,73.78
17961,-0.405690800867787,2.3577627814323,0.42031005281343975,2,0,21,39,1296.44
17962,0.4974825056984513,-0.3690702464285427,-1.1041665705708719,0,3,142,1,102.41
17964,-0.22489545515401813,0.0,-0.19914334481936158,1,1,31,2,463.21
17965,-0.141975066077631,1.4649735207179273,0.8392961806896362,2,2,37,14,2599.19
17966,-0.141975066077631,0.6309297535714574,0.3205035609434917,1,4,37,5,1098.4299999999998
17967,0.9587909439231818,-0.3690702464285427,-1.0492778189702905,0,3,371,1,112.27
17968,0.9613781638636149,-0.3690702464285427,-0.5345201160246106,0,3,373,1,265.1
17969,0.5723443696223416,0.0,-0.6244882466719726,0,3,166,2,228.2
17970,0.6874688981200932,-0.3690702464285427,-0.08201333653891482,0,3,211,1,562.79
17972,0.751330506756602,-0.3690702464285427,-0.9382158227773685,0,3,241,1,135.19
17973,0.00936952474314159,-0.3690702464285427,-0.39030077282686537,0,1,51,1,337.04
17974,-0.3440092352296877,0.2618595071429148,0.05268933713613532,1,1,24,3,703.99
17975,-0.5593496184885577,1.4021735027328797,1.1677565279083584,2,0,15,13,4483.26
17976,0.960086287957098,-0.3690702464285427,-0.41812239429002696,0,3,372,1,321.79
17977,-0.2560362830983483,-0.3690702464285427,-0.4844733043188098,0,1,29,1,288.14
17978,0.9509449927946468,-0.3690702464285427,-0.4584062347907149,0,3,365,1,300.92
17979,-0.16806333096700918,0.4649735207179271,0.07650848137120227,1,4,35,4,732.4100000000001
17980,0.5694463707436582,0.2618595071429148,0.13819366904513555,1,4,165,3,811.45
17984,0.507500485535625,-0.3690702464285427,-0.8653976737639124,0,3,145,1,152.68
17985,-0.38424214252171446,-0.3690702464285427,-0.01284771176658273,1,1,22,1,631.35
17986,0.05366807768314334,-0.3690702464285427,-2.042432062127151,0,3,56,1,20.8
17987,0.6243367805886427,-0.3690702464285427,-0.7079188231913258,0,3,185,1,198.57
17988,-0.6981606380623229,0.8927892607143721,-0.700266730425177,1,1,11,7,201.12
17990,0.7412567512445486,0.2618595071429148,-0.013333988041385358,0,4,236,3,630.84
17991,0.7183251401742233,0.0,-1.1594276153233412,0,3,225,2,93.35
17994,0.4208476856993334,0.4649735207179271,0.02728390520780335,1,4,121,4,674.89
17995,0.8251405656583424,-0.3690702464285427,-1.2811158930342759,0,3,281,1,76.1
17997,0.18608807186562598,1.0000000000000002,0.6700143581717325,1,4,74,8,1962.46
17999,-0.141975066077631,0.0,-0.3175810475478499,1,1,37,2,380.39
18001,-0.6595388019259375,0.0,-0.2650412521534279,1,1,12,2,415.13
18004,0.9469736505173758,-0.3690702464285427,-0.8451903766448078,0,3,362,1,157.92
18005,-1.2282579451576368,0.0,-0.629054614906007,1,1,3,2,226.47
18006,-0.36370647472778334,-0.3690702464285427,-0.22369449311190048,1,1,23,1,444.68
18008,0.1596422557462171,1.0959032742893848,0.715446174128589,1,2,70,9,2116.19
18009,0.7392165141124223,-0.3690702464285427,-0.5760287533137713,0,3,235,1,247.39
18010,0.780348188744373,-0.3690702464285427,-0.7843510239560456,0,3,256,1,174.8
18011,0.9613781638636149,-0.3690702464285427,-1.1019559227294964,0,3,373,1,102.79
18013,0.5394668318384552,0.0,-0.7429844677036084,0,3,155,2,187.29
18014,-0.2723943026062298,-0.3690702464285427,-0.8290996806832875,0,1,28,1,162.22
18015,-1.1205877535282016,-0.3690702464285427,-1.0093409938000757,0,1,4,1,120.03
18016,-0.2100476571070129,0.6309297535714574,0.49910788692644753,1,2,32,5,1477.66
18017,0.22914346473365005,0.2618595071429148,-0.12612443955352698,1,4,81,3,523.0
18018,0.3664811538104963,0.0,-0.9989243888240171,0,3,108,2,122.14
18019,0.00936952474314159,-0.3690702464285427,-1.6849610823292358,0,3,51,1,38.45
18022,-0.16806333096700918,-0.3690702464285427,-0.030870750229344157,1,1,35,1,612.72
18024,0.5300973070953137,0.0,-0.3029222175347323,0,3,152,2,389.78
18027,0.32004964998830077,-0.3690702464285427,-1.033315714496606,0,3,98,1,115.31
18030,-1.1205877535282016,0.0,-0.6180800502361663,1,1,4,2,230.65
18032,0.9082410313790465,-0.3690702464285427,-1.301790723866358,0,3,334,1,73.5
18033,0.1244065062275264,-0.3690702464285427,-1.1564327884620427,0,3,65,1,93.82
18034,-0.405690800867787,0.0,-0.2599215035786082,1,1,21,2,418.68
18035,-0.16806333096700918,0.2618595071429148,0.06109391340432869,1,4,35,3,713.89
18036,-0.2100476571070129,0.2618595071429148,-0.2826915906482127,1,1,32,3,403.12
18037,0.5363638284573033,0.7712437491614222,-1.3306220487623923,0,3,154,6,70.02
18040,-0.45167942685912266,0.0,-0.35538849318395827,1,1,19,2,357.2
18041,-0.6981606380623229,1.8135880922155958,1.1135238220709287,2,0,11,21,4097.37
18042,0.02757981279376517,-0.3690702464285427,-0.8187394315737695,0,1,53,1,165.04999999999998
18043,-0.3440092352296877,0.2618595071429148,-0.11893291540442051,1,1,24,3,529.2900000000001
18044,-1.1205877535282016,1.1826583386441383,0.7075406198185951,2,2,4,10,2088.6
18045,-0.04978797918717493,-0.3690702464285427,-0.7723354841089599,0,1,45,1,178.34
18048,0.6689083266690788,0.0,-0.793018028604515,0,3,203,2,172.29000000000002
18050,0.9429693506660444,-0.3690702464285427,-1.2945535113233453,0,3,359,1,74.4
18053,0.1596422557462171,-0.3690702464285427,-0.46020549496605356,0,3,70,1,300.02
18055,-0.8938037818230972,1.1826583386441383,1.415339578762624,2,0,7,10,6761.34
18056,0.8369716576360883,-0.3690702464285427,-0.34463255523975816,0,3,288,1,363.65
18058,-0.786133590193662,-0.3690702464285427,-0.80047193924749,0,1,9,1,170.16
18059,-0.36370647472778334,0.2618595071429148,-0.4474475416670185,1,1,23,3,306.46
18061,-0.405690800867787,1.1826583386441383,0.7163621019003052,2,2,21,10,2119.41
18062,0.5921571678236234,0.2618595071429148,0.06665760982108249,1,4,173,3,720.52
18064,0.46611667641507204,0.0,0.14008234787882057,1,4,133,2,814.0
18065,-1.0326148013968623,1.4649735207179273,0.7894596459426981,2,0,5,14,2392.83
18066,0.1924790972569085,-0.3690702464285427,-0.4252406985068904,0,3,75,1,318.0
18067,-0.10531069860088949,-0.3690702464285427,-0.2929040176265868,0,1,40,1,396.33
18068,0.8386383790268235,-0.3690702464285427,-1.108318846782609,0,3,289,1,101.7
18069,-0.30687435054077433,0.6309297535714574,0.6842052744302526,1,2,26,5,2009.24
18071,0.7822220371687278,0.0,-0.21254711139033816,0,3,257,2,453.0
18072,0.6243367805886427,-0.3690702464285427,-0.5759074458770601,0,3,185,1,247.44
18073,0.3923363757767996,1.3347175194727927,1.0775372567115795,2,2,114,12,3859.82
18074,0.9613781638636149,-0.3690702464285427,-0.16581925564046215,0,3,373,1,489.6
18075,-0.36370647472778334,1.1826583386441383,0.8422004239187486,2,2,23,10,2611.75
18077,-0.836971657636088,1.261859507142915,0.8358605867463599,2,2,8,11,2584.41
18078,0.7009353171450358,0.0,-0.39192540014046096,0,3,217,2,336.13
18079,-0.04978797918717493,0.4649735207179271,1.0377458007610396,1,2,45,4,3613.15
18080,-0.47642922941217053,0.0,0.3893627571446932,1,2,18,2,1231.5
18081,-0.15484290499498438,0.2618595071429148,-0.3789793831321602,1,1,36,3,343.45000000000005
18082,-0.3250846385913979,-0.3690702464285427,0.0325663086079449,1,1,25,1,680.84
18084,-0.5300973070953137,-0.3690702464285427,-1.1780453070672128,0,1,16,1,90.48
18085,0.9024449813519584,0.0,0.04056549612014484,0,4,330,2,689.95
18086,0.8130120723947015,-0.3690702464285427,-1.1104352069838248,0,3,274,1,101.34
18087,0.32004964998830077,0.0,1.1073675861367636,1,4,98,2,4055.7199999999993
18088,0.09423947349332881,-0.3690702464285427,-0.8151928985762542,0,3,61,1,166.03
18092,-1.3670689647314018,1.261859507142915,1.5922426750807535,2,0,2,11,9068.26
18093,0.29504325856302854,0.4649735207179271,0.7126871495977065,1,4,93,4,2106.52
18094,0.22914346473365005,0.8927892607143721,0.9291630871869518,1,4,81,7,3017.3
18095,0.8754650456516969,0.0,-0.06383918536812466,0,3,312,2,580.05
18096,-0.6981606380623229,0.2618595071429148,0.16546701381140128,1,2,11,3,849.06
18097,-0.8938037818230972,0.7712437491614222,0.8537722231282188,2,2,7,6,2662.4
18099,0.4440128715150607,-0.3690702464285427,-0.8070216539626562,0,3,127,1,168.31
18101,-0.6981606380623229,0.0,-0.6399358977393159,1,1,11,2,222.4
18102,-1.8971662718267155,2.7418786468855934,3.6139575554191703,2,0,0,60,259657.3
18104,-0.141975066077631,-0.3690702464285427,0.09450496606256988,1,1,37,1,754.64
18105,-0.141975066077631,-0.3690702464285427,-1.0428737455405117,0,1,37,1,113.48000000000002
18106,0.9009850245260405,-0.3690702464285427,-0.25531499301144983,0,3,329,1,421.9
18108,0.7765785182985138,-0.3690702464285427,-0.5213031535722341,0,3,254,1,271.0
18109,-1.562712108492176,2.0,1.5170813472338922,2,0,1,26,8004.92
18110,-0.45167942685912266,-0.3690702464285427,-0.7072246342710058,0,1,19,1,198.8
18112,-0.6595388019259375,0.0,-0.3630249990872538,1,1,12,2,352.69
18113,0.9548839155897378,-0.3690702464285427,-1.279398599010446,0,3,368,1,76.32000000000001
18114,0.8402993629831766,-0.3690702464285427,-0.6461730332342424,0,3,290,1,220.1
18116,0.1388110195737654,1.0000000000000002,0.4679290630982325,1,4,67,8,1403.11
18117,-0.3250846385913979,-0.3690702464285427,-0.42969702520186287,0,1,25,1,315.65
18118,-0.7401449642023266,2.0,1.3044707850640298,2,0,10,26,5625.08
18119,0.9535745108164436,-0.3690702464285427,-0.7644561756939163,0,3,367,1,180.7
18120,0.6942490850373886,-0.3690702464285427,-1.0552668199340889,0,3,214,1,111.15
18121,0.5205422352001655,0.0,0.007717892257388775,0,4,149,2,653.3
18122,-0.836971657636088,0.7712437491614222,0.6156352817969996,2,2,8,6,1793.06
18123,-0.3440092352296877,0.0,-0.06968640784027397,1,1,24,2,574.4399999999999
18125,-0.2560362830983483,0.4649735207179271,0.3384977911225349,1,2,29,4,1131.75
18126,0.08639352236479389,-0.3690702464285427,-0.7008633958889947,0,3,60,1,200.92
18127,-0.45167942685912266,0.2618595071429148,-0.3726611267751425,1,1,19,3,347.08
18129,0.755301849033873,-0.3690702464285427,-1.0477898216884076,0,3,243,1,112.55
18130,-0.5593496184885577,0.2618595071429148,0.29871318175144906,1,2,15,3,1059.39
18133,0.6897395628415309,-0.3690702464285427,0.2212534966143478,0,4,212,1,931.5
18135,-0.2560362830983483,0.6309297535714574,0.03351136123944074,1,2,29,5,681.9100000000001
18136,0.10955870818052117,0.2618595071429148,0.1177320662984897,1,4,63,3,784.33
18138,0.848519585008634,-0.3690702464285427,-0.8655153372014601,0,3,295,1,152.65
18139,-0.5025174943015487,0.7712437491614222,1.5488569662744363,2,0,17,6,8438.34
18142,0.5456136074837743,0.0,0.2756153442177722,1,4,157,2,1019.52
18143,0.40065581226469005,0.0,0.26407200531829256,1,4,116,2,1000.16
18144,-0.8938037818230972,1.3347175194727927,0.9029316732343625,2,0,7,12,2888.75
18145,-0.6595388019259375,0.4649735207179271,0.8972319227366188,2,2,12,4,2861.55
18146,0.4906864023238029,0.0,-0.8360445370569505,0,3,140,2,160.35000000000002
18147,-0.04978797918717493,0.0,-0.7689842091496794,0,1,45,2,179.33999999999995
18149,0.0,0.2618595071429148,-0.03149957765987787,1,4,50,3,612.0799999999999
18150,-0.2100476571070129,0.2618595071429148,-0.07797538215959066,1,1,32,3,566.58
18151,0.4697041677577397,0.0,0.007763946720848474,0,4,134,2,653.35
18154,-1.2282579451576368,0.0,-0.2885813529826012,1,1,3,2,399.19
18155,0.1924790972569085,0.2618595071429148,-0.33160167033529064,0,4,75,3,371.62
18156,-0.6595388019259375,0.0,0.02795231012032017,1,1,12,2,675.64
18158,-0.786133590193662,0.0,-0.2120163392417426,1,1,9,2,453.4
18159,0.8582024924755586,-0.3690702464285427,-0.11795628929991048,0,3,301,1,530.15
18160,0.062059860728309484,0.0,-0.0064861146511506745,1,4,57,2,638.06
18161,-0.5593496184885577,0.6309297535714574,0.5540122004187985,1,2,15,5,1618.69
18164,-0.141975066077631,-0.3690702464285427,-0.28788898439724714,0,1,37,1,399.65
18165,0.6031238981391972,-0.3690702464285427,-0.45533990529460217,0,3,177,1,302.46000000000004
18167,-0.36370647472778334,0.2618595071429148,0.46004418902396027,1,2,23,3,1384.86
18168,0.6004054945386567,0.7712437491614222,0.35336490082750166,1,4,176,6,1160.04
18169,0.08639352236479389,-0.3690702464285427,-0.6957216791604366,0,3,60,1,202.65
18170,-0.19564314376077413,0.2618595071429148,0.25200238431141736,1,4,33,3,980.31
18171,0.07030818744334325,0.6309297535714574,0.3892698401003575,1,4,58,5,1231.31
18172,-0.5904904464328878,1.7712437491614224,1.4827546517181875,2,0,14,20,7561.68
18173,0.25770300448908384,0.4649735207179271,0.7127786536950166,1,4,86,4,2106.84
18174,-0.8938037818230972,-0.3690702464285427,-1.0949702896570312,0,1,7,1,104.0
18176,0.9416271652029823,-0.3690702464285427,-0.18232044752614485,0,3,358,1,476.35
18177,-0.22489545515401813,0.7712437491614222,0.4406033292209446,1,2,31,6,1340.87
18178,0.44776787383418837,0.4649735207179271,0.5435476400992876,1,4,128,4,1590.81
18179,-0.786133590193662,0.7712437491614222,0.6156722337710685,2,2,9,6,1793.17
18180,-1.1205877535282016,0.7712437491614222,0.6324278158818462,2,2,4,6,1843.75
18181,-0.3440092352296877,-0.3690702464285427,-0.33936668268381615,0,1,24,1,366.85
18183,0.7225764043522224,0.0,-0.012161871339551057,0,4,227,2,632.07
18184,-0.5593496184885577,-0.3690702464285427,-1.5325630594344195,0,1,15,1,49.8
18185,0.7670234464033656,-0.3690702464285427,-0.4517952902341874,0,3,249,1,304.25
18188,-0.5593496184885577,0.2618595071429148,0.6817417977466221,1,2,15,3,2001.04
18189,0.20501266850391572,0.0,0.3159971146843654,1,4,77,2,1090.24
18190,0.6421625942262168,0.0,-0.4921932344002106,0,3,192,2,284.46000000000004
18191,0.7896454968649371,-0.3690702464285427,-0.6806700425437089,0,3,261,1,207.8
18192,0.16639083236753036,-0.3690702464285427,0.23812322419632603,1,4,71,1,957.97
18193,0.5694463707436582,-0.3690702464285427,-0.5849015527247912,0,3,165,1,243.76
18194,0.2349922074091187,-0.3690702464285427,0.2480155430671224,1,4,82,1,973.84
18196,0.3052018519412955,0.0,0.03766259540907825,1,4,95,2,686.63
18198,-1.1205877535282016,1.6309297535714573,1.2827090847964144,2,0,4,17,5425.56
18200,0.3575454287574991,-0.3690702464285427,-0.8746052865070161,0,3,106,1,150.35
18202,0.6593532547739307,0.2618595071429148,0.4652964095256406,1,4,199,3,1396.99
18203,0.5456136074837743,-0.3690702464285427,-0.8357831222899905,0,3,157,1,160.42000000000002
18204,0.16639083236753036,0.2618595071429148,0.6739580631695081,1,4,71,3,1975.35
18205,-0.15484290499498438,0.0,-0.13264659037029844,1,1,36,2,517.36
18209,-0.2723943026062298,-0.3690702464285427,-0.9211563416367731,0,1,28,1,139.10000000000002
18210,-1.562712108492176,0.7712437491614222,0.8444177243341651,2,2,1,6,2621.38
18211,-0.3250846385913979,0.6309297535714574,-0.043423250748157734,1,2,25,5,600.07
18212,0.8965784609058102,-0.3690702464285427,-0.6572596716849832,0,3,326,1,216.07
18213,0.7412567512445486,-0.3690702464285427,-0.6133375843991151,0,3,236,1,232.48
18215,0.27406102399696536,-0.3690702464285427,-0.46156850732139526,0,3,89,1,299.34000000000003
18216,-0.22489545515401813,-0.3690702464285427,-0.1755408002146629,1,1,31,1,481.75
18217,-0.2560362830983483,0.0,-0.022067620138975164,1,1,29,2,621.75
18218,0.6874688981200932,0.0,-0.002856733334076494,0,4,211,2,641.92
18219,-1.3670689647314018,1.1826583386441383,0.7020849690575413,2,2,2,10,2069.77
18220,0.7204554542873731,-0.3690702464285427,-0.4497650608918232,0,3,226,1,305.28000000000003
18221,-0.38424214252171446,0.6309297535714574,0.2885219174656443,1,2,22,5,1041.61
18222,0.28988261725410314,-0.3690702464285427,-0.22597064480593748,0,3,92,1,443.0
18223,-1.1205877535282016,1.4649735207179273,1.3901507402534243,2,0,4,14,6484.54
18224,0.7933148328966054,-0.3690702464285427,-0.8412967858592679,0,3,263,1,158.95000000000002
18225,-1.2282579451576368,1.3347175194727927,1.2914636199324427,2,0,3,12,5504.96
18226,-0.06039313933757419,1.261859507142915,1.2603638074579349,2,0,44,11,5228.05
18227,0.7009353171450358,-0.3690702464285427,-1.1568778844521457,0,3,217,1,93.75
18228,0.05366807768314334,0.0,0.11432269282277932,1,4,56,2,779.9
18229,-0.6981606380623229,1.7712437491614224,1.459621374707035,2,0,11,20,7276.9
18230,-0.786133590193662,0.8927892607143721,0.8863223600416659,2,2,9,7,2810.2000000000003
18231,0.6421625942262168,0.6309297535714574,0.702666782465962,1,4,192,5,2071.77
18232,0.22914346473365005,0.4649735207179271,-0.050584787890526825,1,4,81,4,592.97
18233,0.8951006179041536,-0.3690702464285427,-0.23005670612318252,0,3,325,1,440.0
18235,0.16639083236753036,0.2618595071429148,0.6167830937992957,1,4,71,3,1796.48
18236,-0.2560362830983483,0.7712437491614222,0.18854409792706497,1,2,29,6,882.24
18237,-1.3670689647314018,0.6309297535714574,0.25615824124402403,2,2,2,5,987.1
18239,0.7031436292963993,0.6309297535714574,0.5323892646254046,1,4,218,5,1561.61
18240,-0.039410904771510984,-0.3690702464285427,-0.25434667605537836,0,1,46,1,422.58
18241,-0.786133590193662,1.6309297535714573,0.7030504718685923,2,0,9,17,2073.09
18242,0.17304632220108546,0.4649735207179271,0.7476755044907677,1,4,72,4,2232.49
18245,-0.8938037818230972,0.8927892607143721,0.8318024507242612,2,2,7,7,2567.06
18246,-0.36370647472778334,0.0,-0.04741716638141783,1,1,23,2,596.1
18248,0.42478660849442396,0.0,0.13265658817917214,1,4,122,2,804.02
18249,-0.5025174943015487,-0.3690702464285427,-1.1468480348950623,0,1,17,1,95.34
18250,0.8723719878624252,-0.3690702464285427,-0.3688810760037227,0,3,310,1,349.27
18251,0.263217525801292,-0.3690702464285427,1.1446678191102804,1,4,87,1,4314.72
18252,0.0,0.0,-0.1315894705488469,1,1,50,2,518.27
18255,0.27406102399696536,-0.3690702464285427,-1.099001687536229,0,3,89,1,103.3
18257,-0.11722526352458314,1.0000000000000002,0.7753992660606999,2,2,39,8,2337.63
18259,-0.3440092352296877,0.2618595071429148,0.7756491943421576,1,2,24,3,2338.6000000000004
18260,0.5893760917508755,0.7712437491614222,0.8460174881700037,1,4,172,6,2628.35
18261,-0.07123663753324773,0.0,-0.4135651923456575,0,1,43,2,324.24
18262,0.4906864023238029,-0.3690702464285427,-0.8780797142462623,0,3,140,1,149.48
18263,-0.3250846385913979,0.2618595071429148,0.3803271138864876,1,2,25,3,1213.16
18265,0.17304632220108546,0.0,0.13077449890412637,1,4,72,2,801.51
18268,0.4697041677577397,-0.3690702464285427,-1.9247656838117893,0,3,134,1,25.5
18269,0.9522615430325725,-0.3690702464285427,-0.8059902258783076,0,3,366,1,168.6
18270,-0.1294414948306238,0.0,-0.49496540330824124,0,1,38,2,283.15000000000003
18272,-1.3670689647314018,0.7712437491614222,0.9412768686762436,2,2,2,6,3078.58
18273,-1.3670689647314018,0.2618595071429148,-0.6917396074453437,1,1,2,3,204.0
18274,-0.2402146898412107,-0.3690702464285427,-0.7805235289870258,0,1,30,1,175.92
18276,-0.07123663753324773,-0.3690702464285427,-0.392408276080355,0,1,43,1,335.86
18277,0.07030818744334325,-0.3690702464285427,-1.0594190542842588,0,3,58,1,110.38
18278,0.17961125833955535,-0.3690702464285427,-0.7874444015036933,0,3,73,1,173.9
18280,0.8182473718134535,-0.3690702464285427,-0.764787963060279,0,3,277,1,180.6
18281,0.6111884094756851,-0.3690702464285427,-1.2453048951560286,0,3,180,1,80.82
18282,-0.8938037818230972,0.0,-0.7733108497247535,1,1,7,2,178.05
18283,-1.2282579451576368,1.578901923162566,0.6949883686306652,2,0,3,16,2045.53
18287,-0.08232943326112528,0.2618595071429148,0.6303103096211283,1,4,42,3,1837.28
